[     122ms] [LOG] [Fast Refresh] rebuilding @ http://localhost:3003/_next/static/chunks/node_modules_next_dist_115brz8._.js:2477
[     187ms] [ERROR] ./src/lib/store.ts:12:1
Export SEED_COMMUNITY_POSTS doesn't exist in target module
  10 | ...
  11 | ...
> 12 | ...SECTIONS, SEED_SCHEDULE_EVENTS, SEED_CHAT_MESSAGES, SEED_WORK_ENGAGEMENTS, SEED_WORKER_...
     |    ^^^^^^^^^^^^^^^^^^^^^^^^^^^^^^^^^^^^^^^^^^^^^^^^^^^^^^^^^^^^^^^^^^^^^^^^^^^^^^^^^^^^^^^^^^
  13 | ...
  14 | ...
  15 | ...

The export SEED_COMMUNITY_POSTS was not found in module [project]/src/lib/seed.ts [app-client] (ecmascript).
Did you mean to import SEED_UNITS?
All exports of the module are statically known (It doesn't have dynamic exports). So it's known statically that the requested export doesn't exist.

Import traces:
  Client Component Browser:
    ./src/lib/store.ts [Client Component Browser]
    ./src/app/page.tsx [Client Component Browser]
    ./src/app/page.tsx [Server Component]

  Client Component SSR:
    ./src/lib/store.ts [Client Component SSR]
    ./src/app/page.tsx [Client Component SSR]
    ./src/app/page.tsx [Server Component] @ http://localhost:3003/_next/static/chunks/node_modules_next_dist_115brz8._.js:3318
[     187ms] [ERROR] ./src/lib/store.ts:12:1
Export SEED_COMMUNITY_POSTS doesn't exist in target module
  10 | ...
  11 | ...
> 12 | ...SECTIONS, SEED_SCHEDULE_EVENTS, SEED_CHAT_MESSAGES, SEED_WORK_ENGAGEMENTS, SEED_WORKER_...
     |    ^^^^^^^^^^^^^^^^^^^^^^^^^^^^^^^^^^^^^^^^^^^^^^^^^^^^^^^^^^^^^^^^^^^^^^^^^^^^^^^^^^^^^^^^^^
  13 | ...
  14 | ...
  15 | ...

The export SEED_COMMUNITY_POSTS was not found in module [project]/src/lib/seed.ts [app-ssr] (ecmascript).
Did you mean to import SEED_UNITS?
All exports of the module are statically known (It doesn't have dynamic exports). So it's known statically that the requested export doesn't exist.

Import traces:
  Client Component Browser:
    ./src/lib/store.ts [Client Component Browser]
    ./src/app/page.tsx [Client Component Browser]
    ./src/app/page.tsx [Server Component]

  Client Component SSR:
    ./src/lib/store.ts [Client Component SSR]
    ./src/app/page.tsx [Client Component SSR]
    ./src/app/page.tsx [Server Component] @ http://localhost:3003/_next/static/chunks/node_modules_next_dist_115brz8._.js:3318
[     190ms] [ERROR] Failed to load resource: the server responded with a status of 500 (Internal Server Error) @ http://localhost:3003/portal/bendruomene:0
[     307ms] [INFO] %cDownload the React DevTools for a better development experience: https://react.dev/link/react-devtools font-weight:bold @ http://localhost:3003/_next/static/chunks/node_modules_react-dom_0bruynb._.js:15305
[     339ms] Error: ./src/lib/store.ts:12:1
Export SEED_COMMUNITY_POSTS doesn't exist in target module
  10 | ...
  11 | ...
> 12 | ...SECTIONS, SEED_SCHEDULE_EVENTS, SEED_CHAT_MESSAGES, SEED_WORK_ENGAGEMENTS, SEED_WORKER_...
     |    ^^^^^^^^^^^^^^^^^^^^^^^^^^^^^^^^^^^^^^^^^^^^^^^^^^^^^^^^^^^^^^^^^^^^^^^^^^^^^^^^^^^^^^^^^^
  13 | ...
  14 | ...
  15 | ...

The export SEED_COMMUNITY_POSTS was not found in module [project]/src/lib/seed.ts [app-client] (ecmascript).
Did you mean to import SEED_UNITS?
All exports of the module are statically known (It doesn't have dynamic exports). So it's known statically that the requested export doesn't exist.

Import traces:
  Client Component Browser:
    ./src/lib/store.ts [Client Component Browser]
    ./src/app/page.tsx [Client Component Browser]
    ./src/app/page.tsx [Server Component]

  Client Component SSR:
    ./src/lib/store.ts [Client Component SSR]
    ./src/app/page.tsx [Client Component SSR]
    ./src/app/page.tsx [Server Component]


    at <unknown> (Error: ./src/lib/store.ts:12:1)
    at Object.getCompilationErrors (file:///Users/rysardgvozdovic/Downloads/Property/node_modules/next/dist/server/dev/hot-reloader-turbopack.js:1186:59)
    at DevBundlerService.getCompilationError (file:///Users/rysardgvozdovic/Downloads/Property/node_modules/next/dist/server/lib/dev-bundler-service.js:44:55)
    at DevServer.getCompilationError (file:///Users/rysardgvozdovic/Downloads/Property/node_modules/next/dist/server/dev/next-dev-server.js:720:42)
    at DevServer.findPageComponents (file:///Users/rysardgvozdovic/Downloads/Property/node_modules/next/dist/server/dev/next-dev-server.js:690:43)
    at async DevServer.renderErrorToResponseImpl (file:///Users/rysardgvozdovic/Downloads/Property/node_modules/next/dist/server/base-server.js:1753:26)
[     338ms] [LOG] [HMR] connected @ http://localhost:3003/_next/static/chunks/node_modules_next_dist_0u_w_5s._.js:1226
[     340ms] [ERROR] ./src/lib/store.ts:12:1
Export SEED_COMMUNITY_POSTS doesn't exist in target module
  10 | ...
  11 | ...
> 12 | ...SECTIONS, SEED_SCHEDULE_EVENTS, SEED_CHAT_MESSAGES, SEED_WORK_ENGAGEMENTS, SEED_WORKER_...
     |    ^^^^^^^^^^^^^^^^^^^^^^^^^^^^^^^^^^^^^^^^^^^^^^^^^^^^^^^^^^^^^^^^^^^^^^^^^^^^^^^^^^^^^^^^^^
  13 | ...
  14 | ...
  15 | ...

The export SEED_COMMUNITY_POSTS was not found in module [project]/src/lib/seed.ts [app-client] (ecmascript).
Did you mean to import SEED_UNITS?
All exports of the module are statically known (It doesn't have dynamic exports). So it's known statically that the requested export doesn't exist.

Import traces:
  Client Component Browser:
    ./src/lib/store.ts [Client Component Browser]
    ./src/app/page.tsx [Client Component Browser]
    ./src/app/page.tsx [Server Component]

  Client Component SSR:
    ./src/lib/store.ts [Client Component SSR]
    ./src/app/page.tsx [Client Component SSR]
    ./src/app/page.tsx [Server Component] @ http://localhost:3003/_next/static/chunks/node_modules_next_dist_0u_w_5s._.js:1945
[     341ms] [ERROR] ./src/lib/store.ts:12:1
Export SEED_COMMUNITY_POSTS doesn't exist in target module
  10 | ...
  11 | ...
> 12 | ...SECTIONS, SEED_SCHEDULE_EVENTS, SEED_CHAT_MESSAGES, SEED_WORK_ENGAGEMENTS, SEED_WORKER_...
     |    ^^^^^^^^^^^^^^^^^^^^^^^^^^^^^^^^^^^^^^^^^^^^^^^^^^^^^^^^^^^^^^^^^^^^^^^^^^^^^^^^^^^^^^^^^^
  13 | ...
  14 | ...
  15 | ...

The export SEED_COMMUNITY_POSTS was not found in module [project]/src/lib/seed.ts [app-ssr] (ecmascript).
Did you mean to import SEED_UNITS?
All exports of the module are statically known (It doesn't have dynamic exports). So it's known statically that the requested export doesn't exist.

Import traces:
  Client Component Browser:
    ./src/lib/store.ts [Client Component Browser]
    ./src/app/page.tsx [Client Component Browser]
    ./src/app/page.tsx [Server Component]

  Client Component SSR:
    ./src/lib/store.ts [Client Component SSR]
    ./src/app/page.tsx [Client Component SSR]
    ./src/app/page.tsx [Server Component] @ http://localhost:3003/_next/static/chunks/node_modules_next_dist_0u_w_5s._.js:1945
[     341ms] [ERROR] ./src/lib/store.ts:12:1
Export SEED_COMMUNITY_POSTS doesn't exist in target module
  10 | ...
  11 | ...
> 12 | ...SECTIONS, SEED_SCHEDULE_EVENTS, SEED_CHAT_MESSAGES, SEED_WORK_ENGAGEMENTS, SEED_WORKER_...
     |    ^^^^^^^^^^^^^^^^^^^^^^^^^^^^^^^^^^^^^^^^^^^^^^^^^^^^^^^^^^^^^^^^^^^^^^^^^^^^^^^^^^^^^^^^^^
  13 | ...
  14 | ...
  15 | ...

The export SEED_COMMUNITY_POSTS was not found in module [project]/src/lib/seed.ts [app-client] (ecmascript).
Did you mean to import SEED_UNITS?
All exports of the module are statically known (It doesn't have dynamic exports). So it's known statically that the requested export doesn't exist.

Import traces:
  Client Component Browser:
    ./src/lib/store.ts [Client Component Browser]
    ./src/app/login/page.tsx [Client Component Browser]
    ./src/app/login/page.tsx [Server Component]

  Client Component SSR:
    ./src/lib/store.ts [Client Component SSR]
    ./src/app/login/page.tsx [Client Component SSR]
    ./src/app/login/page.tsx [Server Component] @ http://localhost:3003/_next/static/chunks/node_modules_next_dist_0u_w_5s._.js:1945
[     341ms] [ERROR] ./src/lib/store.ts:12:1
Export SEED_COMMUNITY_POSTS doesn't exist in target module
  10 | ...
  11 | ...
> 12 | ...SECTIONS, SEED_SCHEDULE_EVENTS, SEED_CHAT_MESSAGES, SEED_WORK_ENGAGEMENTS, SEED_WORKER_...
     |    ^^^^^^^^^^^^^^^^^^^^^^^^^^^^^^^^^^^^^^^^^^^^^^^^^^^^^^^^^^^^^^^^^^^^^^^^^^^^^^^^^^^^^^^^^^
  13 | ...
  14 | ...
  15 | ...

The export SEED_COMMUNITY_POSTS was not found in module [project]/src/lib/seed.ts [app-ssr] (ecmascript).
Did you mean to import SEED_UNITS?
All exports of the module are statically known (It doesn't have dynamic exports). So it's known statically that the requested export doesn't exist.

Import traces:
  Client Component Browser:
    ./src/lib/store.ts [Client Component Browser]
    ./src/app/login/page.tsx [Client Component Browser]
    ./src/app/login/page.tsx [Server Component]

  Client Component SSR:
    ./src/lib/store.ts [Client Component SSR]
    ./src/app/login/page.tsx [Client Component SSR]
    ./src/app/login/page.tsx [Server Component] @ http://localhost:3003/_next/static/chunks/node_modules_next_dist_0u_w_5s._.js:1945
[     341ms] [ERROR] ./src/lib/store.ts:12:1
Export SEED_COMMUNITY_POSTS doesn't exist in target module
  10 | ...
  11 | ...
> 12 | ...SECTIONS, SEED_SCHEDULE_EVENTS, SEED_CHAT_MESSAGES, SEED_WORK_ENGAGEMENTS, SEED_WORKER_...
     |    ^^^^^^^^^^^^^^^^^^^^^^^^^^^^^^^^^^^^^^^^^^^^^^^^^^^^^^^^^^^^^^^^^^^^^^^^^^^^^^^^^^^^^^^^^^
  13 | ...
  14 | ...
  15 | ...

The export SEED_COMMUNITY_POSTS was not found in module [project]/src/lib/seed.ts [app-client] (ecmascript).
Did you mean to import SEED_UNITS?
All exports of the module are statically known (It doesn't have dynamic exports). So it's known statically that the requested export doesn't exist.

Import traces:
  #1 [Client Component Browser]:
    ./src/lib/store.ts [Client Component Browser]
    ./src/app/admin/estates/page.tsx [Client Component Browser]
    ./src/app/admin/estates/page.tsx [Server Component]

  #2 [Client Component SSR]:
    ./src/lib/store.ts [Client Component SSR]
    ./src/app/admin/estates/page.tsx [Client Component SSR]
    ./src/app/admin/estates/page.tsx [Server Component]

  #3 [Client Component Browser]:
    ./src/lib/store.ts [Client Component Browser]
    ./src/components/shared/RoleGuard.tsx [Client Component Browser]
    ./src/components/shared/RoleGuard.tsx [Server Component]
    ./src/app/admin/layout.tsx [Server Component]

  #4 [Client Component SSR]:
    ./src/lib/store.ts [Client Component SSR]
    ./src/components/shared/RoleGuard.tsx [Client Component SSR]
    ./src/components/shared/RoleGuard.tsx [Server Component]
    ./src/app/admin/layout.tsx [Server Component] @ http://localhost:3003/_next/static/chunks/node_modules_next_dist_0u_w_5s._.js:1945
[     341ms] [ERROR] ./src/lib/store.ts:12:1
Export SEED_COMMUNITY_POSTS doesn't exist in target module
  10 | ...
  11 | ...
> 12 | ...SECTIONS, SEED_SCHEDULE_EVENTS, SEED_CHAT_MESSAGES, SEED_WORK_ENGAGEMENTS, SEED_WORKER_...
     |    ^^^^^^^^^^^^^^^^^^^^^^^^^^^^^^^^^^^^^^^^^^^^^^^^^^^^^^^^^^^^^^^^^^^^^^^^^^^^^^^^^^^^^^^^^^
  13 | ...
  14 | ...
  15 | ...

The export SEED_COMMUNITY_POSTS was not found in module [project]/src/lib/seed.ts [app-ssr] (ecmascript).
Did you mean to import SEED_UNITS?
All exports of the module are statically known (It doesn't have dynamic exports). So it's known statically that the requested export doesn't exist.

Import traces:
  #1 [Client Component Browser]:
    ./src/lib/store.ts [Client Component Browser]
    ./src/app/admin/estates/page.tsx [Client Component Browser]
    ./src/app/admin/estates/page.tsx [Server Component]

  #2 [Client Component SSR]:
    ./src/lib/store.ts [Client Component SSR]
    ./src/app/admin/estates/page.tsx [Client Component SSR]
    ./src/app/admin/estates/page.tsx [Server Component]

  #3 [Client Component Browser]:
    ./src/lib/store.ts [Client Component Browser]
    ./src/components/shared/RoleGuard.tsx [Client Component Browser]
    ./src/components/shared/RoleGuard.tsx [Server Component]
    ./src/app/admin/layout.tsx [Server Component]

  #4 [Client Component SSR]:
    ./src/lib/store.ts [Client Component SSR]
    ./src/components/shared/RoleGuard.tsx [Client Component SSR]
    ./src/components/shared/RoleGuard.tsx [Server Component]
    ./src/app/admin/layout.tsx [Server Component] @ http://localhost:3003/_next/static/chunks/node_modules_next_dist_0u_w_5s._.js:1945
[     341ms] [ERROR] ./src/lib/store.ts:12:1
Export SEED_COMMUNITY_POSTS doesn't exist in target module
  10 | ...
  11 | ...
> 12 | ...SECTIONS, SEED_SCHEDULE_EVENTS, SEED_CHAT_MESSAGES, SEED_WORK_ENGAGEMENTS, SEED_WORKER_...
     |    ^^^^^^^^^^^^^^^^^^^^^^^^^^^^^^^^^^^^^^^^^^^^^^^^^^^^^^^^^^^^^^^^^^^^^^^^^^^^^^^^^^^^^^^^^^
  13 | ...
  14 | ...
  15 | ...

The export SEED_COMMUNITY_POSTS was not found in module [project]/src/lib/seed.ts [app-client] (ecmascript).
Did you mean to import SEED_UNITS?
All exports of the module are statically known (It doesn't have dynamic exports). So it's known statically that the requested export doesn't exist.

Import traces:
  #1 [Client Component Browser]:
    ./src/lib/store.ts [Client Component Browser]
    ./src/app/portal/pagrindinis/page.tsx [Client Component Browser]
    ./src/app/portal/pagrindinis/page.tsx [Server Component]

  #2 [Client Component SSR]:
    ./src/lib/store.ts [Client Component SSR]
    ./src/app/portal/pagrindinis/page.tsx [Client Component SSR]
    ./src/app/portal/pagrindinis/page.tsx [Server Component]

  #3 [Client Component Browser]:
    ./src/lib/store.ts [Client Component Browser]
    ./src/components/shared/RoleGuard.tsx [Client Component Browser]
    ./src/components/shared/RoleGuard.tsx [Server Component]
    ./src/app/portal/layout.tsx [Server Component]

  #4 [Client Component SSR]:
    ./src/lib/store.ts [Client Component SSR]
    ./src/components/shared/RoleGuard.tsx [Client Component SSR]
    ./src/components/shared/RoleGuard.tsx [Server Component]
    ./src/app/portal/layout.tsx [Server Component] @ http://localhost:3003/_next/static/chunks/node_modules_next_dist_0u_w_5s._.js:1945
[     341ms] [ERROR] ./src/lib/store.ts:12:1
Export SEED_COMMUNITY_POSTS doesn't exist in target module
  10 | ...
  11 | ...
> 12 | ...SECTIONS, SEED_SCHEDULE_EVENTS, SEED_CHAT_MESSAGES, SEED_WORK_ENGAGEMENTS, SEED_WORKER_...
     |    ^^^^^^^^^^^^^^^^^^^^^^^^^^^^^^^^^^^^^^^^^^^^^^^^^^^^^^^^^^^^^^^^^^^^^^^^^^^^^^^^^^^^^^^^^^
  13 | ...
  14 | ...
  15 | ...

The export SEED_COMMUNITY_POSTS was not found in module [project]/src/lib/seed.ts [app-ssr] (ecmascript).
Did you mean to import SEED_UNITS?
All exports of the module are statically known (It doesn't have dynamic exports). So it's known statically that the requested export doesn't exist.

Import traces:
  #1 [Client Component Browser]:
    ./src/lib/store.ts [Client Component Browser]
    ./src/app/portal/pagrindinis/page.tsx [Client Component Browser]
    ./src/app/portal/pagrindinis/page.tsx [Server Component]

  #2 [Client Component SSR]:
    ./src/lib/store.ts [Client Component SSR]
    ./src/app/portal/pagrindinis/page.tsx [Client Component SSR]
    ./src/app/portal/pagrindinis/page.tsx [Server Component]

  #3 [Client Component Browser]:
    ./src/lib/store.ts [Client Component Browser]
    ./src/components/shared/RoleGuard.tsx [Client Component Browser]
    ./src/components/shared/RoleGuard.tsx [Server Component]
    ./src/app/portal/layout.tsx [Server Component]

  #4 [Client Component SSR]:
    ./src/lib/store.ts [Client Component SSR]
    ./src/components/shared/RoleGuard.tsx [Client Component SSR]
    ./src/components/shared/RoleGuard.tsx [Server Component]
    ./src/app/portal/layout.tsx [Server Component] @ http://localhost:3003/_next/static/chunks/node_modules_next_dist_0u_w_5s._.js:1945
[     341ms] [ERROR] ./src/lib/store.ts:12:1
Export SEED_COMMUNITY_POSTS doesn't exist in target module
  10 | ...
  11 | ...
> 12 | ...SECTIONS, SEED_SCHEDULE_EVENTS, SEED_CHAT_MESSAGES, SEED_WORK_ENGAGEMENTS, SEED_WORKER_...
     |    ^^^^^^^^^^^^^^^^^^^^^^^^^^^^^^^^^^^^^^^^^^^^^^^^^^^^^^^^^^^^^^^^^^^^^^^^^^^^^^^^^^^^^^^^^^
  13 | ...
  14 | ...
  15 | ...

The export SEED_COMMUNITY_POSTS was not found in module [project]/src/lib/seed.ts [app-client] (ecmascript).
Did you mean to import SEED_UNITS?
All exports of the module are statically known (It doesn't have dynamic exports). So it's known statically that the requested export doesn't exist.

Import traces:
  #1 [Client Component Browser]:
    ./src/lib/store.ts [Client Component Browser]
    ./src/app/admin/defects/page.tsx [Client Component Browser]
    ./src/app/admin/defects/page.tsx [Server Component]

  #2 [Client Component SSR]:
    ./src/lib/store.ts [Client Component SSR]
    ./src/app/admin/defects/page.tsx [Client Component SSR]
    ./src/app/admin/defects/page.tsx [Server Component]

  #3 [Client Component Browser]:
    ./src/lib/store.ts [Client Component Browser]
    ./src/components/shared/RoleGuard.tsx [Client Component Browser]
    ./src/components/shared/RoleGuard.tsx [Server Component]
    ./src/app/admin/layout.tsx [Server Component]

  #4 [Client Component SSR]:
    ./src/lib/store.ts [Client Component SSR]
    ./src/components/shared/RoleGuard.tsx [Client Component SSR]
    ./src/components/shared/RoleGuard.tsx [Server Component]
    ./src/app/admin/layout.tsx [Server Component] @ http://localhost:3003/_next/static/chunks/node_modules_next_dist_0u_w_5s._.js:1945
[     341ms] [ERROR] ./src/lib/store.ts:12:1
Export SEED_COMMUNITY_POSTS doesn't exist in target module
  10 | ...
  11 | ...
> 12 | ...SECTIONS, SEED_SCHEDULE_EVENTS, SEED_CHAT_MESSAGES, SEED_WORK_ENGAGEMENTS, SEED_WORKER_...
     |    ^^^^^^^^^^^^^^^^^^^^^^^^^^^^^^^^^^^^^^^^^^^^^^^^^^^^^^^^^^^^^^^^^^^^^^^^^^^^^^^^^^^^^^^^^^
  13 | ...
  14 | ...
  15 | ...

The export SEED_COMMUNITY_POSTS was not found in module [project]/src/lib/seed.ts [app-ssr] (ecmascript).
Did you mean to import SEED_UNITS?
All exports of the module are statically known (It doesn't have dynamic exports). So it's known statically that the requested export doesn't exist.

Import traces:
  #1 [Client Component Browser]:
    ./src/lib/store.ts [Client Component Browser]
    ./src/app/admin/defects/page.tsx [Client Component Browser]
    ./src/app/admin/defects/page.tsx [Server Component]

  #2 [Client Component SSR]:
    ./src/lib/store.ts [Client Component SSR]
    ./src/app/admin/defects/page.tsx [Client Component SSR]
    ./src/app/admin/defects/page.tsx [Server Component]

  #3 [Client Component Browser]:
    ./src/lib/store.ts [Client Component Browser]
    ./src/components/shared/RoleGuard.tsx [Client Component Browser]
    ./src/components/shared/RoleGuard.tsx [Server Component]
    ./src/app/admin/layout.tsx [Server Component]

  #4 [Client Component SSR]:
    ./src/lib/store.ts [Client Component SSR]
    ./src/components/shared/RoleGuard.tsx [Client Component SSR]
    ./src/components/shared/RoleGuard.tsx [Server Component]
    ./src/app/admin/layout.tsx [Server Component] @ http://localhost:3003/_next/static/chunks/node_modules_next_dist_0u_w_5s._.js:1945
[     341ms] [ERROR] ./src/lib/store.ts:12:1
Export SEED_COMMUNITY_POSTS doesn't exist in target module
  10 | ...
  11 | ...
> 12 | ...SECTIONS, SEED_SCHEDULE_EVENTS, SEED_CHAT_MESSAGES, SEED_WORK_ENGAGEMENTS, SEED_WORKER_...
     |    ^^^^^^^^^^^^^^^^^^^^^^^^^^^^^^^^^^^^^^^^^^^^^^^^^^^^^^^^^^^^^^^^^^^^^^^^^^^^^^^^^^^^^^^^^^
  13 | ...
  14 | ...
  15 | ...

The export SEED_COMMUNITY_POSTS was not found in module [project]/src/lib/seed.ts [app-client] (ecmascript).
Did you mean to import SEED_UNITS?
All exports of the module are statically known (It doesn't have dynamic exports). So it's known statically that the requested export doesn't exist.

Import traces:
  #1 [Client Component Browser]:
    ./src/lib/store.ts [Client Component Browser]
    ./src/app/admin/tvarkarastis/page.tsx [Client Component Browser]
    ./src/app/admin/tvarkarastis/page.tsx [Server Component]

  #2 [Client Component SSR]:
    ./src/lib/store.ts [Client Component SSR]
    ./src/app/admin/tvarkarastis/page.tsx [Client Component SSR]
    ./src/app/admin/tvarkarastis/page.tsx [Server Component]

  #3 [Client Component Browser]:
    ./src/lib/store.ts [Client Component Browser]
    ./src/components/shared/RoleGuard.tsx [Client Component Browser]
    ./src/components/shared/RoleGuard.tsx [Server Component]
    ./src/app/admin/layout.tsx [Server Component]

  #4 [Client Component SSR]:
    ./src/lib/store.ts [Client Component SSR]
    ./src/components/shared/RoleGuard.tsx [Client Component SSR]
    ./src/components/shared/RoleGuard.tsx [Server Component]
    ./src/app/admin/layout.tsx [Server Component] @ http://localhost:3003/_next/static/chunks/node_modules_next_dist_0u_w_5s._.js:1945
[     341ms] [ERROR] ./src/lib/store.ts:12:1
Export SEED_COMMUNITY_POSTS doesn't exist in target module
  10 | ...
  11 | ...
> 12 | ...SECTIONS, SEED_SCHEDULE_EVENTS, SEED_CHAT_MESSAGES, SEED_WORK_ENGAGEMENTS, SEED_WORKER_...
     |    ^^^^^^^^^^^^^^^^^^^^^^^^^^^^^^^^^^^^^^^^^^^^^^^^^^^^^^^^^^^^^^^^^^^^^^^^^^^^^^^^^^^^^^^^^^
  13 | ...
  14 | ...
  15 | ...

The export SEED_COMMUNITY_POSTS was not found in module [project]/src/lib/seed.ts [app-ssr] (ecmascript).
Did you mean to import SEED_UNITS?
All exports of the module are statically known (It doesn't have dynamic exports). So it's known statically that the requested export doesn't exist.

Import traces:
  #1 [Client Component Browser]:
    ./src/lib/store.ts [Client Component Browser]
    ./src/app/admin/tvarkarastis/page.tsx [Client Component Browser]
    ./src/app/admin/tvarkarastis/page.tsx [Server Component]

  #2 [Client Component SSR]:
    ./src/lib/store.ts [Client Component SSR]
    ./src/app/admin/tvarkarastis/page.tsx [Client Component SSR]
    ./src/app/admin/tvarkarastis/page.tsx [Server Component]

  #3 [Client Component Browser]:
    ./src/lib/store.ts [Client Component Browser]
    ./src/components/shared/RoleGuard.tsx [Client Component Browser]
    ./src/components/shared/RoleGuard.tsx [Server Component]
    ./src/app/admin/layout.tsx [Server Component]

  #4 [Client Component SSR]:
    ./src/lib/store.ts [Client Component SSR]
    ./src/components/shared/RoleGuard.tsx [Client Component SSR]
    ./src/components/shared/RoleGuard.tsx [Server Component]
    ./src/app/admin/layout.tsx [Server Component] @ http://localhost:3003/_next/static/chunks/node_modules_next_dist_0u_w_5s._.js:1945
[     341ms] [ERROR] ./src/lib/store.ts:12:1
Export SEED_COMMUNITY_POSTS doesn't exist in target module
  10 | ...
  11 | ...
> 12 | ...SECTIONS, SEED_SCHEDULE_EVENTS, SEED_CHAT_MESSAGES, SEED_WORK_ENGAGEMENTS, SEED_WORKER_...
     |    ^^^^^^^^^^^^^^^^^^^^^^^^^^^^^^^^^^^^^^^^^^^^^^^^^^^^^^^^^^^^^^^^^^^^^^^^^^^^^^^^^^^^^^^^^^
  13 | ...
  14 | ...
  15 | ...

The export SEED_COMMUNITY_POSTS was not found in module [project]/src/lib/seed.ts [app-client] (ecmascript).
Did you mean to import SEED_UNITS?
All exports of the module are statically known (It doesn't have dynamic exports). So it's known statically that the requested export doesn't exist.

Import traces:
  #1 [Client Component Browser]:
    ./src/lib/store.ts [Client Component Browser]
    ./src/app/portal/bendruomene/page.tsx [Client Component Browser]
    ./src/app/portal/bendruomene/page.tsx [Server Component]

  #2 [Client Component SSR]:
    ./src/lib/store.ts [Client Component SSR]
    ./src/app/portal/bendruomene/page.tsx [Client Component SSR]
    ./src/app/portal/bendruomene/page.tsx [Server Component]

  #3 [Client Component Browser]:
    ./src/lib/store.ts [Client Component Browser]
    ./src/components/shared/RoleGuard.tsx [Client Component Browser]
    ./src/components/shared/RoleGuard.tsx [Server Component]
    ./src/app/portal/layout.tsx [Server Component]

  #4 [Client Component SSR]:
    ./src/lib/store.ts [Client Component SSR]
    ./src/components/shared/RoleGuard.tsx [Client Component SSR]
    ./src/components/shared/RoleGuard.tsx [Server Component]
    ./src/app/portal/layout.tsx [Server Component] @ http://localhost:3003/_next/static/chunks/node_modules_next_dist_0u_w_5s._.js:1945
[     341ms] [ERROR] ./src/lib/store.ts:12:1
Export SEED_COMMUNITY_POSTS doesn't exist in target module
  10 | ...
  11 | ...
> 12 | ...SECTIONS, SEED_SCHEDULE_EVENTS, SEED_CHAT_MESSAGES, SEED_WORK_ENGAGEMENTS, SEED_WORKER_...
     |    ^^^^^^^^^^^^^^^^^^^^^^^^^^^^^^^^^^^^^^^^^^^^^^^^^^^^^^^^^^^^^^^^^^^^^^^^^^^^^^^^^^^^^^^^^^
  13 | ...
  14 | ...
  15 | ...

The export SEED_COMMUNITY_POSTS was not found in module [project]/src/lib/seed.ts [app-ssr] (ecmascript).
Did you mean to import SEED_UNITS?
All exports of the module are statically known (It doesn't have dynamic exports). So it's known statically that the requested export doesn't exist.

Import traces:
  #1 [Client Component Browser]:
    ./src/lib/store.ts [Client Component Browser]
    ./src/app/portal/bendruomene/page.tsx [Client Component Browser]
    ./src/app/portal/bendruomene/page.tsx [Server Component]

  #2 [Client Component SSR]:
    ./src/lib/store.ts [Client Component SSR]
    ./src/app/portal/bendruomene/page.tsx [Client Component SSR]
    ./src/app/portal/bendruomene/page.tsx [Server Component]

  #3 [Client Component Browser]:
    ./src/lib/store.ts [Client Component Browser]
    ./src/components/shared/RoleGuard.tsx [Client Component Browser]
    ./src/components/shared/RoleGuard.tsx [Server Component]
    ./src/app/portal/layout.tsx [Server Component]

  #4 [Client Component SSR]:
    ./src/lib/store.ts [Client Component SSR]
    ./src/components/shared/RoleGuard.tsx [Client Component SSR]
    ./src/components/shared/RoleGuard.tsx [Server Component]
    ./src/app/portal/layout.tsx [Server Component] @ http://localhost:3003/_next/static/chunks/node_modules_next_dist_0u_w_5s._.js:1945
[     341ms] [ERROR] ./src/lib/store.ts:12:1
Export SEED_COMMUNITY_POSTS doesn't exist in target module
  10 | ...
  11 | ...
> 12 | ...SECTIONS, SEED_SCHEDULE_EVENTS, SEED_CHAT_MESSAGES, SEED_WORK_ENGAGEMENTS, SEED_WORKER_...
     |    ^^^^^^^^^^^^^^^^^^^^^^^^^^^^^^^^^^^^^^^^^^^^^^^^^^^^^^^^^^^^^^^^^^^^^^^^^^^^^^^^^^^^^^^^^^
  13 | ...
  14 | ...
  15 | ...

The export SEED_COMMUNITY_POSTS was not found in module [project]/src/lib/seed.ts [app-client] (ecmascript).
Did you mean to import SEED_UNITS?
All exports of the module are statically known (It doesn't have dynamic exports). So it's known statically that the requested export doesn't exist.

Import traces:
  #1 [Client Component Browser]:
    ./src/lib/store.ts [Client Component Browser]
    ./src/app/portal/darbai/page.tsx [Client Component Browser]
    ./src/app/portal/darbai/page.tsx [Server Component]

  #2 [Client Component SSR]:
    ./src/lib/store.ts [Client Component SSR]
    ./src/app/portal/darbai/page.tsx [Client Component SSR]
    ./src/app/portal/darbai/page.tsx [Server Component]

  #3 [Client Component Browser]:
    ./src/lib/store.ts [Client Component Browser]
    ./src/components/shared/RoleGuard.tsx [Client Component Browser]
    ./src/components/shared/RoleGuard.tsx [Server Component]
    ./src/app/portal/layout.tsx [Server Component]

  #4 [Client Component SSR]:
    ./src/lib/store.ts [Client Component SSR]
    ./src/components/shared/RoleGuard.tsx [Client Component SSR]
    ./src/components/shared/RoleGuard.tsx [Server Component]
    ./src/app/portal/layout.tsx [Server Component] @ http://localhost:3003/_next/static/chunks/node_modules_next_dist_0u_w_5s._.js:1945
[     341ms] [ERROR] ./src/lib/store.ts:12:1
Export SEED_COMMUNITY_POSTS doesn't exist in target module
  10 | ...
  11 | ...
> 12 | ...SECTIONS, SEED_SCHEDULE_EVENTS, SEED_CHAT_MESSAGES, SEED_WORK_ENGAGEMENTS, SEED_WORKER_...
     |    ^^^^^^^^^^^^^^^^^^^^^^^^^^^^^^^^^^^^^^^^^^^^^^^^^^^^^^^^^^^^^^^^^^^^^^^^^^^^^^^^^^^^^^^^^^
  13 | ...
  14 | ...
  15 | ...

The export SEED_COMMUNITY_POSTS was not found in module [project]/src/lib/seed.ts [app-ssr] (ecmascript).
Did you mean to import SEED_UNITS?
All exports of the module are statically known (It doesn't have dynamic exports). So it's known statically that the requested export doesn't exist.

Import traces:
  #1 [Client Component Browser]:
    ./src/lib/store.ts [Client Component Browser]
    ./src/app/portal/darbai/page.tsx [Client Component Browser]
    ./src/app/portal/darbai/page.tsx [Server Component]

  #2 [Client Component SSR]:
    ./src/lib/store.ts [Client Component SSR]
    ./src/app/portal/darbai/page.tsx [Client Component SSR]
    ./src/app/portal/darbai/page.tsx [Server Component]

  #3 [Client Component Browser]:
    ./src/lib/store.ts [Client Component Browser]
    ./src/components/shared/RoleGuard.tsx [Client Component Browser]
    ./src/components/shared/RoleGuard.tsx [Server Component]
    ./src/app/portal/layout.tsx [Server Component]

  #4 [Client Component SSR]:
    ./src/lib/store.ts [Client Component SSR]
    ./src/components/shared/RoleGuard.tsx [Client Component SSR]
    ./src/components/shared/RoleGuard.tsx [Server Component]
    ./src/app/portal/layout.tsx [Server Component] @ http://localhost:3003/_next/static/chunks/node_modules_next_dist_0u_w_5s._.js:1945
[     341ms] [ERROR] ./src/lib/store.ts:12:1
Export SEED_COMMUNITY_POSTS doesn't exist in target module
  10 | ...
  11 | ...
> 12 | ...SECTIONS, SEED_SCHEDULE_EVENTS, SEED_CHAT_MESSAGES, SEED_WORK_ENGAGEMENTS, SEED_WORKER_...
     |    ^^^^^^^^^^^^^^^^^^^^^^^^^^^^^^^^^^^^^^^^^^^^^^^^^^^^^^^^^^^^^^^^^^^^^^^^^^^^^^^^^^^^^^^^^^
  13 | ...
  14 | ...
  15 | ...

The export SEED_COMMUNITY_POSTS was not found in module [project]/src/lib/seed.ts [app-client] (ecmascript).
Did you mean to import SEED_UNITS?
All exports of the module are statically known (It doesn't have dynamic exports). So it's known statically that the requested export doesn't exist.

Import traces:
  #1 [Client Component Browser]:
    ./src/lib/store.ts [Client Component Browser]
    ./src/app/portal/nustatymai/page.tsx [Client Component Browser]
    ./src/app/portal/nustatymai/page.tsx [Server Component]

  #2 [Client Component SSR]:
    ./src/lib/store.ts [Client Component SSR]
    ./src/app/portal/nustatymai/page.tsx [Client Component SSR]
    ./src/app/portal/nustatymai/page.tsx [Server Component]

  #3 [Client Component Browser]:
    ./src/lib/store.ts [Client Component Browser]
    ./src/components/shared/RoleGuard.tsx [Client Component Browser]
    ./src/components/shared/RoleGuard.tsx [Server Component]
    ./src/app/portal/layout.tsx [Server Component]

  #4 [Client Component SSR]:
    ./src/lib/store.ts [Client Component SSR]
    ./src/components/shared/RoleGuard.tsx [Client Component SSR]
    ./src/components/shared/RoleGuard.tsx [Server Component]
    ./src/app/portal/layout.tsx [Server Component] @ http://localhost:3003/_next/static/chunks/node_modules_next_dist_0u_w_5s._.js:1945
[     341ms] [ERROR] ./src/lib/store.ts:12:1
Export SEED_COMMUNITY_POSTS doesn't exist in target module
  10 | ...
  11 | ...
> 12 | ...SECTIONS, SEED_SCHEDULE_EVENTS, SEED_CHAT_MESSAGES, SEED_WORK_ENGAGEMENTS, SEED_WORKER_...
     |    ^^^^^^^^^^^^^^^^^^^^^^^^^^^^^^^^^^^^^^^^^^^^^^^^^^^^^^^^^^^^^^^^^^^^^^^^^^^^^^^^^^^^^^^^^^
  13 | ...
  14 | ...
  15 | ...

The export SEED_COMMUNITY_POSTS was not found in module [project]/src/lib/seed.ts [app-ssr] (ecmascript).
Did you mean to import SEED_UNITS?
All exports of the module are statically known (It doesn't have dynamic exports). So it's known statically that the requested export doesn't exist.

Import traces:
  #1 [Client Component Browser]:
    ./src/lib/store.ts [Client Component Browser]
    ./src/app/portal/nustatymai/page.tsx [Client Component Browser]
    ./src/app/portal/nustatymai/page.tsx [Server Component]

  #2 [Client Component SSR]:
    ./src/lib/store.ts [Client Component SSR]
    ./src/app/portal/nustatymai/page.tsx [Client Component SSR]
    ./src/app/portal/nustatymai/page.tsx [Server Component]

  #3 [Client Component Browser]:
    ./src/lib/store.ts [Client Component Browser]
    ./src/components/shared/RoleGuard.tsx [Client Component Browser]
    ./src/components/shared/RoleGuard.tsx [Server Component]
    ./src/app/portal/layout.tsx [Server Component]

  #4 [Client Component SSR]:
    ./src/lib/store.ts [Client Component SSR]
    ./src/components/shared/RoleGuard.tsx [Client Component SSR]
    ./src/components/shared/RoleGuard.tsx [Server Component]
    ./src/app/portal/layout.tsx [Server Component] @ http://localhost:3003/_next/static/chunks/node_modules_next_dist_0u_w_5s._.js:1945
[     341ms] [ERROR] ./src/lib/store.ts:12:1
Export SEED_COMMUNITY_POSTS doesn't exist in target module
  10 | ...
  11 | ...
> 12 | ...SECTIONS, SEED_SCHEDULE_EVENTS, SEED_CHAT_MESSAGES, SEED_WORK_ENGAGEMENTS, SEED_WORKER_...
     |    ^^^^^^^^^^^^^^^^^^^^^^^^^^^^^^^^^^^^^^^^^^^^^^^^^^^^^^^^^^^^^^^^^^^^^^^^^^^^^^^^^^^^^^^^^^
  13 | ...
  14 | ...
  15 | ...

The export SEED_COMMUNITY_POSTS was not found in module [project]/src/lib/seed.ts [app-client] (ecmascript).
Did you mean to import SEED_UNITS?
All exports of the module are statically known (It doesn't have dynamic exports). So it's known statically that the requested export doesn't exist.

Import traces:
  #1 [Client Component Browser]:
    ./src/lib/store.ts [Client Component Browser]
    ./src/app/portal/skelbimai/page.tsx [Client Component Browser]
    ./src/app/portal/skelbimai/page.tsx [Server Component]

  #2 [Client Component SSR]:
    ./src/lib/store.ts [Client Component SSR]
    ./src/app/portal/skelbimai/page.tsx [Client Component SSR]
    ./src/app/portal/skelbimai/page.tsx [Server Component]

  #3 [Client Component Browser]:
    ./src/lib/store.ts [Client Component Browser]
    ./src/components/shared/RoleGuard.tsx [Client Component Browser]
    ./src/components/shared/RoleGuard.tsx [Server Component]
    ./src/app/portal/layout.tsx [Server Component]

  #4 [Client Component SSR]:
    ./src/lib/store.ts [Client Component SSR]
    ./src/components/shared/RoleGuard.tsx [Client Component SSR]
    ./src/components/shared/RoleGuard.tsx [Server Component]
    ./src/app/portal/layout.tsx [Server Component] @ http://localhost:3003/_next/static/chunks/node_modules_next_dist_0u_w_5s._.js:1945
[     341ms] [ERROR] ./src/lib/store.ts:12:1
Export SEED_COMMUNITY_POSTS doesn't exist in target module
  10 | ...
  11 | ...
> 12 | ...SECTIONS, SEED_SCHEDULE_EVENTS, SEED_CHAT_MESSAGES, SEED_WORK_ENGAGEMENTS, SEED_WORKER_...
     |    ^^^^^^^^^^^^^^^^^^^^^^^^^^^^^^^^^^^^^^^^^^^^^^^^^^^^^^^^^^^^^^^^^^^^^^^^^^^^^^^^^^^^^^^^^^
  13 | ...
  14 | ...
  15 | ...

The export SEED_COMMUNITY_POSTS was not found in module [project]/src/lib/seed.ts [app-ssr] (ecmascript).
Did you mean to import SEED_UNITS?
All exports of the module are statically known (It doesn't have dynamic exports). So it's known statically that the requested export doesn't exist.

Import traces:
  #1 [Client Component Browser]:
    ./src/lib/store.ts [Client Component Browser]
    ./src/app/portal/skelbimai/page.tsx [Client Component Browser]
    ./src/app/portal/skelbimai/page.tsx [Server Component]

  #2 [Client Component SSR]:
    ./src/lib/store.ts [Client Component SSR]
    ./src/app/portal/skelbimai/page.tsx [Client Component SSR]
    ./src/app/portal/skelbimai/page.tsx [Server Component]

  #3 [Client Component Browser]:
    ./src/lib/store.ts [Client Component Browser]
    ./src/components/shared/RoleGuard.tsx [Client Component Browser]
    ./src/components/shared/RoleGuard.tsx [Server Component]
    ./src/app/portal/layout.tsx [Server Component]

  #4 [Client Component SSR]:
    ./src/lib/store.ts [Client Component SSR]
    ./src/components/shared/RoleGuard.tsx [Client Component SSR]
    ./src/components/shared/RoleGuard.tsx [Server Component]
    ./src/app/portal/layout.tsx [Server Component] @ http://localhost:3003/_next/static/chunks/node_modules_next_dist_0u_w_5s._.js:1945
[     341ms] [ERROR] ./src/lib/store.ts:12:1
Export SEED_COMMUNITY_POSTS doesn't exist in target module
  10 | ...
  11 | ...
> 12 | ...SECTIONS, SEED_SCHEDULE_EVENTS, SEED_CHAT_MESSAGES, SEED_WORK_ENGAGEMENTS, SEED_WORKER_...
     |    ^^^^^^^^^^^^^^^^^^^^^^^^^^^^^^^^^^^^^^^^^^^^^^^^^^^^^^^^^^^^^^^^^^^^^^^^^^^^^^^^^^^^^^^^^^
  13 | ...
  14 | ...
  15 | ...

The export SEED_COMMUNITY_POSTS was not found in module [project]/src/lib/seed.ts [app-client] (ecmascript).
Did you mean to import SEED_UNITS?
All exports of the module are statically known (It doesn't have dynamic exports). So it's known statically that the requested export doesn't exist.

Import traces:
  #1 [Client Component Browser]:
    ./src/lib/store.ts [Client Component Browser]
    ./src/app/portal/tvarkarastis/page.tsx [Client Component Browser]
    ./src/app/portal/tvarkarastis/page.tsx [Server Component]

  #2 [Client Component SSR]:
    ./src/lib/store.ts [Client Component SSR]
    ./src/app/portal/tvarkarastis/page.tsx [Client Component SSR]
    ./src/app/portal/tvarkarastis/page.tsx [Server Component]

  #3 [Client Component Browser]:
    ./src/lib/store.ts [Client Component Browser]
    ./src/components/shared/RoleGuard.tsx [Client Component Browser]
    ./src/components/shared/RoleGuard.tsx [Server Component]
    ./src/app/portal/layout.tsx [Server Component]

  #4 [Client Component SSR]:
    ./src/lib/store.ts [Client Component SSR]
    ./src/components/shared/RoleGuard.tsx [Client Component SSR]
    ./src/components/shared/RoleGuard.tsx [Server Component]
    ./src/app/portal/layout.tsx [Server Component] @ http://localhost:3003/_next/static/chunks/node_modules_next_dist_0u_w_5s._.js:1945
[     341ms] [ERROR] ./src/lib/store.ts:12:1
Export SEED_COMMUNITY_POSTS doesn't exist in target module
  10 | ...
  11 | ...
> 12 | ...SECTIONS, SEED_SCHEDULE_EVENTS, SEED_CHAT_MESSAGES, SEED_WORK_ENGAGEMENTS, SEED_WORKER_...
     |    ^^^^^^^^^^^^^^^^^^^^^^^^^^^^^^^^^^^^^^^^^^^^^^^^^^^^^^^^^^^^^^^^^^^^^^^^^^^^^^^^^^^^^^^^^^
  13 | ...
  14 | ...
  15 | ...

The export SEED_COMMUNITY_POSTS was not found in module [project]/src/lib/seed.ts [app-ssr] (ecmascript).
Did you mean to import SEED_UNITS?
All exports of the module are statically known (It doesn't have dynamic exports). So it's known statically that the requested export doesn't exist.

Import traces:
  #1 [Client Component Browser]:
    ./src/lib/store.ts [Client Component Browser]
    ./src/app/portal/tvarkarastis/page.tsx [Client Component Browser]
    ./src/app/portal/tvarkarastis/page.tsx [Server Component]

  #2 [Client Component SSR]:
    ./src/lib/store.ts [Client Component SSR]
    ./src/app/portal/tvarkarastis/page.tsx [Client Component SSR]
    ./src/app/portal/tvarkarastis/page.tsx [Server Component]

  #3 [Client Component Browser]:
    ./src/lib/store.ts [Client Component Browser]
    ./src/components/shared/RoleGuard.tsx [Client Component Browser]
    ./src/components/shared/RoleGuard.tsx [Server Component]
    ./src/app/portal/layout.tsx [Server Component]

  #4 [Client Component SSR]:
    ./src/lib/store.ts [Client Component SSR]
    ./src/components/shared/RoleGuard.tsx [Client Component SSR]
    ./src/components/shared/RoleGuard.tsx [Server Component]
    ./src/app/portal/layout.tsx [Server Component] @ http://localhost:3003/_next/static/chunks/node_modules_next_dist_0u_w_5s._.js:1945
[     341ms] [ERROR] ./src/lib/store.ts:12:1
Export SEED_COMMUNITY_POSTS doesn't exist in target module
  10 | ...
  11 | ...
> 12 | ...SECTIONS, SEED_SCHEDULE_EVENTS, SEED_CHAT_MESSAGES, SEED_WORK_ENGAGEMENTS, SEED_WORKER_...
     |    ^^^^^^^^^^^^^^^^^^^^^^^^^^^^^^^^^^^^^^^^^^^^^^^^^^^^^^^^^^^^^^^^^^^^^^^^^^^^^^^^^^^^^^^^^^
  13 | ...
  14 | ...
  15 | ...

The export SEED_COMMUNITY_POSTS was not found in module [project]/src/lib/seed.ts [app-client] (ecmascript).
Did you mean to import SEED_UNITS?
All exports of the module are statically known (It doesn't have dynamic exports). So it's known statically that the requested export doesn't exist.

Import traces:
  #1 [Client Component Browser]:
    ./src/lib/store.ts [Client Component Browser]
    ./src/app/portal/kontaktai/page.tsx [Client Component Browser]
    ./src/app/portal/kontaktai/page.tsx [Server Component]

  #2 [Client Component SSR]:
    ./src/lib/store.ts [Client Component SSR]
    ./src/app/portal/kontaktai/page.tsx [Client Component SSR]
    ./src/app/portal/kontaktai/page.tsx [Server Component]

  #3 [Client Component Browser]:
    ./src/lib/store.ts [Client Component Browser]
    ./src/components/shared/RoleGuard.tsx [Client Component Browser]
    ./src/components/shared/RoleGuard.tsx [Server Component]
    ./src/app/portal/layout.tsx [Server Component]

  #4 [Client Component SSR]:
    ./src/lib/store.ts [Client Component SSR]
    ./src/components/shared/RoleGuard.tsx [Client Component SSR]
    ./src/components/shared/RoleGuard.tsx [Server Component]
    ./src/app/portal/layout.tsx [Server Component] @ http://localhost:3003/_next/static/chunks/node_modules_next_dist_0u_w_5s._.js:1945
[     341ms] [ERROR] ./src/lib/store.ts:12:1
Export SEED_COMMUNITY_POSTS doesn't exist in target module
  10 | ...
  11 | ...
> 12 | ...SECTIONS, SEED_SCHEDULE_EVENTS, SEED_CHAT_MESSAGES, SEED_WORK_ENGAGEMENTS, SEED_WORKER_...
     |    ^^^^^^^^^^^^^^^^^^^^^^^^^^^^^^^^^^^^^^^^^^^^^^^^^^^^^^^^^^^^^^^^^^^^^^^^^^^^^^^^^^^^^^^^^^
  13 | ...
  14 | ...
  15 | ...

The export SEED_COMMUNITY_POSTS was not found in module [project]/src/lib/seed.ts [app-ssr] (ecmascript).
Did you mean to import SEED_UNITS?
All exports of the module are statically known (It doesn't have dynamic exports). So it's known statically that the requested export doesn't exist.

Import traces:
  #1 [Client Component Browser]:
    ./src/lib/store.ts [Client Component Browser]
    ./src/app/portal/kontaktai/page.tsx [Client Component Browser]
    ./src/app/portal/kontaktai/page.tsx [Server Component]

  #2 [Client Component SSR]:
    ./src/lib/store.ts [Client Component SSR]
    ./src/app/portal/kontaktai/page.tsx [Client Component SSR]
    ./src/app/portal/kontaktai/page.tsx [Server Component]

  #3 [Client Component Browser]:
    ./src/lib/store.ts [Client Component Browser]
    ./src/components/shared/RoleGuard.tsx [Client Component Browser]
    ./src/components/shared/RoleGuard.tsx [Server Component]
    ./src/app/portal/layout.tsx [Server Component]

  #4 [Client Component SSR]:
    ./src/lib/store.ts [Client Component SSR]
    ./src/components/shared/RoleGuard.tsx [Client Component SSR]
    ./src/components/shared/RoleGuard.tsx [Server Component]
    ./src/app/portal/layout.tsx [Server Component] @ http://localhost:3003/_next/static/chunks/node_modules_next_dist_0u_w_5s._.js:1945
[     341ms] [ERROR] ./src/lib/store.ts:12:1
Export SEED_COMMUNITY_POSTS doesn't exist in target module
  10 | ...
  11 | ...
> 12 | ...SECTIONS, SEED_SCHEDULE_EVENTS, SEED_CHAT_MESSAGES, SEED_WORK_ENGAGEMENTS, SEED_WORKER_...
     |    ^^^^^^^^^^^^^^^^^^^^^^^^^^^^^^^^^^^^^^^^^^^^^^^^^^^^^^^^^^^^^^^^^^^^^^^^^^^^^^^^^^^^^^^^^^
  13 | ...
  14 | ...
  15 | ...

The export SEED_COMMUNITY_POSTS was not found in module [project]/src/lib/seed.ts [app-client] (ecmascript).
Did you mean to import SEED_UNITS?
All exports of the module are statically known (It doesn't have dynamic exports). So it's known statically that the requested export doesn't exist.

Import traces:
  #1 [Client Component Browser]:
    ./src/lib/store.ts [Client Component Browser]
    ./src/app/portal/sutartys/page.tsx [Client Component Browser]
    ./src/app/portal/sutartys/page.tsx [Server Component]

  #2 [Client Component SSR]:
    ./src/lib/store.ts [Client Component SSR]
    ./src/app/portal/sutartys/page.tsx [Client Component SSR]
    ./src/app/portal/sutartys/page.tsx [Server Component]

  #3 [Client Component Browser]:
    ./src/lib/store.ts [Client Component Browser]
    ./src/components/shared/RoleGuard.tsx [Client Component Browser]
    ./src/components/shared/RoleGuard.tsx [Server Component]
    ./src/app/portal/layout.tsx [Server Component]

  #4 [Client Component SSR]:
    ./src/lib/store.ts [Client Component SSR]
    ./src/components/shared/RoleGuard.tsx [Client Component SSR]
    ./src/components/shared/RoleGuard.tsx [Server Component]
    ./src/app/portal/layout.tsx [Server Component] @ http://localhost:3003/_next/static/chunks/node_modules_next_dist_0u_w_5s._.js:1945
[     341ms] [ERROR] ./src/lib/store.ts:12:1
Export SEED_COMMUNITY_POSTS doesn't exist in target module
  10 | ...
  11 | ...
> 12 | ...SECTIONS, SEED_SCHEDULE_EVENTS, SEED_CHAT_MESSAGES, SEED_WORK_ENGAGEMENTS, SEED_WORKER_...
     |    ^^^^^^^^^^^^^^^^^^^^^^^^^^^^^^^^^^^^^^^^^^^^^^^^^^^^^^^^^^^^^^^^^^^^^^^^^^^^^^^^^^^^^^^^^^
  13 | ...
  14 | ...
  15 | ...

The export SEED_COMMUNITY_POSTS was not found in module [project]/src/lib/seed.ts [app-ssr] (ecmascript).
Did you mean to import SEED_UNITS?
All exports of the module are statically known (It doesn't have dynamic exports). So it's known statically that the requested export doesn't exist.

Import traces:
  #1 [Client Component Browser]:
    ./src/lib/store.ts [Client Component Browser]
    ./src/app/portal/sutartys/page.tsx [Client Component Browser]
    ./src/app/portal/sutartys/page.tsx [Server Component]

  #2 [Client Component SSR]:
    ./src/lib/store.ts [Client Component SSR]
    ./src/app/portal/sutartys/page.tsx [Client Component SSR]
    ./src/app/portal/sutartys/page.tsx [Server Component]

  #3 [Client Component Browser]:
    ./src/lib/store.ts [Client Component Browser]
    ./src/components/shared/RoleGuard.tsx [Client Component Browser]
    ./src/components/shared/RoleGuard.tsx [Server Component]
    ./src/app/portal/layout.tsx [Server Component]

  #4 [Client Component SSR]:
    ./src/lib/store.ts [Client Component SSR]
    ./src/components/shared/RoleGuard.tsx [Client Component SSR]
    ./src/components/shared/RoleGuard.tsx [Server Component]
    ./src/app/portal/layout.tsx [Server Component] @ http://localhost:3003/_next/static/chunks/node_modules_next_dist_0u_w_5s._.js:1945
[     341ms] [ERROR] ./src/lib/store.ts:12:1
Export SEED_COMMUNITY_POSTS doesn't exist in target module
  10 | ...
  11 | ...
> 12 | ...SECTIONS, SEED_SCHEDULE_EVENTS, SEED_CHAT_MESSAGES, SEED_WORK_ENGAGEMENTS, SEED_WORKER_...
     |    ^^^^^^^^^^^^^^^^^^^^^^^^^^^^^^^^^^^^^^^^^^^^^^^^^^^^^^^^^^^^^^^^^^^^^^^^^^^^^^^^^^^^^^^^^^
  13 | ...
  14 | ...
  15 | ...

The export SEED_COMMUNITY_POSTS was not found in module [project]/src/lib/seed.ts [app-client] (ecmascript).
Did you mean to import SEED_UNITS?
All exports of the module are statically known (It doesn't have dynamic exports). So it's known statically that the requested export doesn't exist.

Import traces:
  #1 [Client Component Browser]:
    ./src/lib/store.ts [Client Component Browser]
    ./src/app/portal/nuotraukos/page.tsx [Client Component Browser]
    ./src/app/portal/nuotraukos/page.tsx [Server Component]

  #2 [Client Component SSR]:
    ./src/lib/store.ts [Client Component SSR]
    ./src/app/portal/nuotraukos/page.tsx [Client Component SSR]
    ./src/app/portal/nuotraukos/page.tsx [Server Component]

  #3 [Client Component Browser]:
    ./src/lib/store.ts [Client Component Browser]
    ./src/components/shared/RoleGuard.tsx [Client Component Browser]
    ./src/components/shared/RoleGuard.tsx [Server Component]
    ./src/app/portal/layout.tsx [Server Component]

  #4 [Client Component SSR]:
    ./src/lib/store.ts [Client Component SSR]
    ./src/components/shared/RoleGuard.tsx [Client Component SSR]
    ./src/components/shared/RoleGuard.tsx [Server Component]
    ./src/app/portal/layout.tsx [Server Component] @ http://localhost:3003/_next/static/chunks/node_modules_next_dist_0u_w_5s._.js:1945
[     341ms] [ERROR] ./src/lib/store.ts:12:1
Export SEED_COMMUNITY_POSTS doesn't exist in target module
  10 | ...
  11 | ...
> 12 | ...SECTIONS, SEED_SCHEDULE_EVENTS, SEED_CHAT_MESSAGES, SEED_WORK_ENGAGEMENTS, SEED_WORKER_...
     |    ^^^^^^^^^^^^^^^^^^^^^^^^^^^^^^^^^^^^^^^^^^^^^^^^^^^^^^^^^^^^^^^^^^^^^^^^^^^^^^^^^^^^^^^^^^
  13 | ...
  14 | ...
  15 | ...

The export SEED_COMMUNITY_POSTS was not found in module [project]/src/lib/seed.ts [app-ssr] (ecmascript).
Did you mean to import SEED_UNITS?
All exports of the module are statically known (It doesn't have dynamic exports). So it's known statically that the requested export doesn't exist.

Import traces:
  #1 [Client Component Browser]:
    ./src/lib/store.ts [Client Component Browser]
    ./src/app/portal/nuotraukos/page.tsx [Client Component Browser]
    ./src/app/portal/nuotraukos/page.tsx [Server Component]

  #2 [Client Component SSR]:
    ./src/lib/store.ts [Client Component SSR]
    ./src/app/portal/nuotraukos/page.tsx [Client Component SSR]
    ./src/app/portal/nuotraukos/page.tsx [Server Component]

  #3 [Client Component Browser]:
    ./src/lib/store.ts [Client Component Browser]
    ./src/components/shared/RoleGuard.tsx [Client Component Browser]
    ./src/components/shared/RoleGuard.tsx [Server Component]
    ./src/app/portal/layout.tsx [Server Component]

  #4 [Client Component SSR]:
    ./src/lib/store.ts [Client Component SSR]
    ./src/components/shared/RoleGuard.tsx [Client Component SSR]
    ./src/components/shared/RoleGuard.tsx [Server Component]
    ./src/app/portal/layout.tsx [Server Component] @ http://localhost:3003/_next/static/chunks/node_modules_next_dist_0u_w_5s._.js:1945
[     341ms] [ERROR] ./src/lib/store.ts:12:1
Export SEED_COMMUNITY_POSTS doesn't exist in target module
  10 | ...
  11 | ...
> 12 | ...SECTIONS, SEED_SCHEDULE_EVENTS, SEED_CHAT_MESSAGES, SEED_WORK_ENGAGEMENTS, SEED_WORKER_...
     |    ^^^^^^^^^^^^^^^^^^^^^^^^^^^^^^^^^^^^^^^^^^^^^^^^^^^^^^^^^^^^^^^^^^^^^^^^^^^^^^^^^^^^^^^^^^
  13 | ...
  14 | ...
  15 | ...

The export SEED_COMMUNITY_POSTS was not found in module [project]/src/lib/seed.ts [app-client] (ecmascript).
Did you mean to import SEED_UNITS?
All exports of the module are statically known (It doesn't have dynamic exports). So it's known statically that the requested export doesn't exist.

Import traces:
  #1 [Client Component Browser]:
    ./src/lib/store.ts [Client Component Browser]
    ./src/app/portal/defektai/page.tsx [Client Component Browser]
    ./src/app/portal/defektai/page.tsx [Server Component]

  #2 [Client Component SSR]:
    ./src/lib/store.ts [Client Component SSR]
    ./src/app/portal/defektai/page.tsx [Client Component SSR]
    ./src/app/portal/defektai/page.tsx [Server Component]

  #3 [Client Component Browser]:
    ./src/lib/store.ts [Client Component Browser]
    ./src/components/shared/RoleGuard.tsx [Client Component Browser]
    ./src/components/shared/RoleGuard.tsx [Server Component]
    ./src/app/portal/layout.tsx [Server Component]

  #4 [Client Component SSR]:
    ./src/lib/store.ts [Client Component SSR]
    ./src/components/shared/RoleGuard.tsx [Client Component SSR]
    ./src/components/shared/RoleGuard.tsx [Server Component]
    ./src/app/portal/layout.tsx [Server Component] @ http://localhost:3003/_next/static/chunks/node_modules_next_dist_0u_w_5s._.js:1945
[     341ms] [ERROR] ./src/lib/store.ts:12:1
Export SEED_COMMUNITY_POSTS doesn't exist in target module
  10 | ...
  11 | ...
> 12 | ...SECTIONS, SEED_SCHEDULE_EVENTS, SEED_CHAT_MESSAGES, SEED_WORK_ENGAGEMENTS, SEED_WORKER_...
     |    ^^^^^^^^^^^^^^^^^^^^^^^^^^^^^^^^^^^^^^^^^^^^^^^^^^^^^^^^^^^^^^^^^^^^^^^^^^^^^^^^^^^^^^^^^^
  13 | ...
  14 | ...
  15 | ...

The export SEED_COMMUNITY_POSTS was not found in module [project]/src/lib/seed.ts [app-ssr] (ecmascript).
Did you mean to import SEED_UNITS?
All exports of the module are statically known (It doesn't have dynamic exports). So it's known statically that the requested export doesn't exist.

Import traces:
  #1 [Client Component Browser]:
    ./src/lib/store.ts [Client Component Browser]
    ./src/app/portal/defektai/page.tsx [Client Component Browser]
    ./src/app/portal/defektai/page.tsx [Server Component]

  #2 [Client Component SSR]:
    ./src/lib/store.ts [Client Component SSR]
    ./src/app/portal/defektai/page.tsx [Client Component SSR]
    ./src/app/portal/defektai/page.tsx [Server Component]

  #3 [Client Component Browser]:
    ./src/lib/store.ts [Client Component Browser]
    ./src/components/shared/RoleGuard.tsx [Client Component Browser]
    ./src/components/shared/RoleGuard.tsx [Server Component]
    ./src/app/portal/layout.tsx [Server Component]

  #4 [Client Component SSR]:
    ./src/lib/store.ts [Client Component SSR]
    ./src/components/shared/RoleGuard.tsx [Client Component SSR]
    ./src/components/shared/RoleGuard.tsx [Server Component]
    ./src/app/portal/layout.tsx [Server Component] @ http://localhost:3003/_next/static/chunks/node_modules_next_dist_0u_w_5s._.js:1945
[     385ms] [ERROR] ./src/lib/store.ts:12:1
Export SEED_COMMUNITY_POSTS doesn't exist in target module
  10 | ...
  11 | ...
> 12 | ...SECTIONS, SEED_SCHEDULE_EVENTS, SEED_CHAT_MESSAGES, SEED_WORK_ENGAGEMENTS, SEED_WORKER_...
     |    ^^^^^^^^^^^^^^^^^^^^^^^^^^^^^^^^^^^^^^^^^^^^^^^^^^^^^^^^^^^^^^^^^^^^^^^^^^^^^^^^^^^^^^^^^^
  13 | ...
  14 | ...
  15 | ...

The export SEED_COMMUNITY_POSTS was not found in module [project]/src/lib/seed.ts [app-client] (ecmascript).
Did you mean to import SEED_UNITS?
All exports of the module are statically known (It doesn't have dynamic exports). So it's known statically that the requested export doesn't exist.

Import traces:
  Client Component Browser:
    ./src/lib/store.ts [Client Component Browser]
    ./src/app/page.tsx [Client Component Browser]
    ./src/app/page.tsx [Server Component]

  Client Component SSR:
    ./src/lib/store.ts [Client Component SSR]
    ./src/app/page.tsx [Client Component SSR]
    ./src/app/page.tsx [Server Component] @ http://localhost:3003/_next/static/chunks/node_modules_next_dist_0u_w_5s._.js:1945
[     385ms] [ERROR] ./src/lib/store.ts:12:1
Export SEED_COMMUNITY_POSTS doesn't exist in target module
  10 | ...
  11 | ...
> 12 | ...SECTIONS, SEED_SCHEDULE_EVENTS, SEED_CHAT_MESSAGES, SEED_WORK_ENGAGEMENTS, SEED_WORKER_...
     |    ^^^^^^^^^^^^^^^^^^^^^^^^^^^^^^^^^^^^^^^^^^^^^^^^^^^^^^^^^^^^^^^^^^^^^^^^^^^^^^^^^^^^^^^^^^
  13 | ...
  14 | ...
  15 | ...

The export SEED_COMMUNITY_POSTS was not found in module [project]/src/lib/seed.ts [app-ssr] (ecmascript).
Did you mean to import SEED_UNITS?
All exports of the module are statically known (It doesn't have dynamic exports). So it's known statically that the requested export doesn't exist.

Import traces:
  Client Component Browser:
    ./src/lib/store.ts [Client Component Browser]
    ./src/app/page.tsx [Client Component Browser]
    ./src/app/page.tsx [Server Component]

  Client Component SSR:
    ./src/lib/store.ts [Client Component SSR]
    ./src/app/page.tsx [Client Component SSR]
    ./src/app/page.tsx [Server Component] @ http://localhost:3003/_next/static/chunks/node_modules_next_dist_0u_w_5s._.js:1945
[     487ms] [LOG] [Fast Refresh] rebuilding @ http://localhost:3003/_next/static/chunks/node_modules_next_dist_0u_w_5s._.js:1226
[     499ms] [ERROR] ./src/lib/store.ts:12:1
Export SEED_COMMUNITY_POSTS doesn't exist in target module
  10 | ...
  11 | ...
> 12 | ...SECTIONS, SEED_SCHEDULE_EVENTS, SEED_CHAT_MESSAGES, SEED_WORK_ENGAGEMENTS, SEED_WORKER_...
     |    ^^^^^^^^^^^^^^^^^^^^^^^^^^^^^^^^^^^^^^^^^^^^^^^^^^^^^^^^^^^^^^^^^^^^^^^^^^^^^^^^^^^^^^^^^^
  13 | ...
  14 | ...
  15 | ...

The export SEED_COMMUNITY_POSTS was not found in module [project]/src/lib/seed.ts [app-client] (ecmascript).
Did you mean to import SEED_UNITS?
All exports of the module are statically known (It doesn't have dynamic exports). So it's known statically that the requested export doesn't exist.

Import traces:
  Client Component Browser:
    ./src/lib/store.ts [Client Component Browser]
    ./src/app/page.tsx [Client Component Browser]
    ./src/app/page.tsx [Server Component]

  Client Component SSR:
    ./src/lib/store.ts [Client Component SSR]
    ./src/app/page.tsx [Client Component SSR]
    ./src/app/page.tsx [Server Component] @ http://localhost:3003/_next/static/chunks/node_modules_next_dist_0u_w_5s._.js:1945
[     499ms] [ERROR] ./src/lib/store.ts:12:1
Export SEED_COMMUNITY_POSTS doesn't exist in target module
  10 | ...
  11 | ...
> 12 | ...SECTIONS, SEED_SCHEDULE_EVENTS, SEED_CHAT_MESSAGES, SEED_WORK_ENGAGEMENTS, SEED_WORKER_...
     |    ^^^^^^^^^^^^^^^^^^^^^^^^^^^^^^^^^^^^^^^^^^^^^^^^^^^^^^^^^^^^^^^^^^^^^^^^^^^^^^^^^^^^^^^^^^
  13 | ...
  14 | ...
  15 | ...

The export SEED_COMMUNITY_POSTS was not found in module [project]/src/lib/seed.ts [app-ssr] (ecmascript).
Did you mean to import SEED_UNITS?
All exports of the module are statically known (It doesn't have dynamic exports). So it's known statically that the requested export doesn't exist.

Import traces:
  Client Component Browser:
    ./src/lib/store.ts [Client Component Browser]
    ./src/app/page.tsx [Client Component Browser]
    ./src/app/page.tsx [Server Component]

  Client Component SSR:
    ./src/lib/store.ts [Client Component SSR]
    ./src/app/page.tsx [Client Component SSR]
    ./src/app/page.tsx [Server Component] @ http://localhost:3003/_next/static/chunks/node_modules_next_dist_0u_w_5s._.js:1945
[     550ms] [ERROR] ./src/lib/store.ts:12:1
Export SEED_COMMUNITY_POSTS doesn't exist in target module
  10 | ...
  11 | ...
> 12 | ...SECTIONS, SEED_SCHEDULE_EVENTS, SEED_CHAT_MESSAGES, SEED_WORK_ENGAGEMENTS, SEED_WORKER_...
     |    ^^^^^^^^^^^^^^^^^^^^^^^^^^^^^^^^^^^^^^^^^^^^^^^^^^^^^^^^^^^^^^^^^^^^^^^^^^^^^^^^^^^^^^^^^^
  13 | ...
  14 | ...
  15 | ...

The export SEED_COMMUNITY_POSTS was not found in module [project]/src/lib/seed.ts [app-client] (ecmascript).
Did you mean to import SEED_UNITS?
All exports of the module are statically known (It doesn't have dynamic exports). So it's known statically that the requested export doesn't exist.

Import traces:
  Client Component Browser:
    ./src/lib/store.ts [Client Component Browser]
    ./src/app/page.tsx [Client Component Browser]
    ./src/app/page.tsx [Server Component]

  Client Component SSR:
    ./src/lib/store.ts [Client Component SSR]
    ./src/app/page.tsx [Client Component SSR]
    ./src/app/page.tsx [Server Component] @ http://localhost:3003/_next/static/chunks/node_modules_next_dist_0u_w_5s._.js:1945
[     550ms] [ERROR] ./src/lib/store.ts:12:1
Export SEED_COMMUNITY_POSTS doesn't exist in target module
  10 | ...
  11 | ...
> 12 | ...SECTIONS, SEED_SCHEDULE_EVENTS, SEED_CHAT_MESSAGES, SEED_WORK_ENGAGEMENTS, SEED_WORKER_...
     |    ^^^^^^^^^^^^^^^^^^^^^^^^^^^^^^^^^^^^^^^^^^^^^^^^^^^^^^^^^^^^^^^^^^^^^^^^^^^^^^^^^^^^^^^^^^
  13 | ...
  14 | ...
  15 | ...

The export SEED_COMMUNITY_POSTS was not found in module [project]/src/lib/seed.ts [app-ssr] (ecmascript).
Did you mean to import SEED_UNITS?
All exports of the module are statically known (It doesn't have dynamic exports). So it's known statically that the requested export doesn't exist.

Import traces:
  Client Component Browser:
    ./src/lib/store.ts [Client Component Browser]
    ./src/app/page.tsx [Client Component Browser]
    ./src/app/page.tsx [Server Component]

  Client Component SSR:
    ./src/lib/store.ts [Client Component SSR]
    ./src/app/page.tsx [Client Component SSR]
    ./src/app/page.tsx [Server Component] @ http://localhost:3003/_next/static/chunks/node_modules_next_dist_0u_w_5s._.js:1945
[     602ms] [ERROR] ./src/lib/store.ts:12:1
Export SEED_COMMUNITY_POSTS doesn't exist in target module
  10 | ...
  11 | ...
> 12 | ...SECTIONS, SEED_SCHEDULE_EVENTS, SEED_CHAT_MESSAGES, SEED_WORK_ENGAGEMENTS, SEED_WORKER_...
     |    ^^^^^^^^^^^^^^^^^^^^^^^^^^^^^^^^^^^^^^^^^^^^^^^^^^^^^^^^^^^^^^^^^^^^^^^^^^^^^^^^^^^^^^^^^^
  13 | ...
  14 | ...
  15 | ...

The export SEED_COMMUNITY_POSTS was not found in module [project]/src/lib/seed.ts [app-client] (ecmascript).
Did you mean to import SEED_UNITS?
All exports of the module are statically known (It doesn't have dynamic exports). So it's known statically that the requested export doesn't exist.

Import traces:
  Client Component Browser:
    ./src/lib/store.ts [Client Component Browser]
    ./src/app/page.tsx [Client Component Browser]
    ./src/app/page.tsx [Server Component]

  Client Component SSR:
    ./src/lib/store.ts [Client Component SSR]
    ./src/app/page.tsx [Client Component SSR]
    ./src/app/page.tsx [Server Component] @ http://localhost:3003/_next/static/chunks/node_modules_next_dist_0u_w_5s._.js:1945
[     602ms] [ERROR] ./src/lib/store.ts:12:1
Export SEED_COMMUNITY_POSTS doesn't exist in target module
  10 | ...
  11 | ...
> 12 | ...SECTIONS, SEED_SCHEDULE_EVENTS, SEED_CHAT_MESSAGES, SEED_WORK_ENGAGEMENTS, SEED_WORKER_...
     |    ^^^^^^^^^^^^^^^^^^^^^^^^^^^^^^^^^^^^^^^^^^^^^^^^^^^^^^^^^^^^^^^^^^^^^^^^^^^^^^^^^^^^^^^^^^
  13 | ...
  14 | ...
  15 | ...

The export SEED_COMMUNITY_POSTS was not found in module [project]/src/lib/seed.ts [app-ssr] (ecmascript).
Did you mean to import SEED_UNITS?
All exports of the module are statically known (It doesn't have dynamic exports). So it's known statically that the requested export doesn't exist.

Import traces:
  Client Component Browser:
    ./src/lib/store.ts [Client Component Browser]
    ./src/app/page.tsx [Client Component Browser]
    ./src/app/page.tsx [Server Component]

  Client Component SSR:
    ./src/lib/store.ts [Client Component SSR]
    ./src/app/page.tsx [Client Component SSR]
    ./src/app/page.tsx [Server Component] @ http://localhost:3003/_next/static/chunks/node_modules_next_dist_0u_w_5s._.js:1945
[     649ms] [ERROR] ./src/lib/store.ts:12:1
Export SEED_COMMUNITY_POSTS doesn't exist in target module
  10 | ...
  11 | ...
> 12 | ...SECTIONS, SEED_SCHEDULE_EVENTS, SEED_CHAT_MESSAGES, SEED_WORK_ENGAGEMENTS, SEED_WORKER_...
     |    ^^^^^^^^^^^^^^^^^^^^^^^^^^^^^^^^^^^^^^^^^^^^^^^^^^^^^^^^^^^^^^^^^^^^^^^^^^^^^^^^^^^^^^^^^^
  13 | ...
  14 | ...
  15 | ...

The export SEED_COMMUNITY_POSTS was not found in module [project]/src/lib/seed.ts [app-client] (ecmascript).
Did you mean to import SEED_UNITS?
All exports of the module are statically known (It doesn't have dynamic exports). So it's known statically that the requested export doesn't exist.

Import traces:
  Client Component Browser:
    ./src/lib/store.ts [Client Component Browser]
    ./src/app/page.tsx [Client Component Browser]
    ./src/app/page.tsx [Server Component]

  Client Component SSR:
    ./src/lib/store.ts [Client Component SSR]
    ./src/app/page.tsx [Client Component SSR]
    ./src/app/page.tsx [Server Component] @ http://localhost:3003/_next/static/chunks/node_modules_next_dist_0u_w_5s._.js:1945
[     649ms] [ERROR] ./src/lib/store.ts:12:1
Export SEED_COMMUNITY_POSTS doesn't exist in target module
  10 | ...
  11 | ...
> 12 | ...SECTIONS, SEED_SCHEDULE_EVENTS, SEED_CHAT_MESSAGES, SEED_WORK_ENGAGEMENTS, SEED_WORKER_...
     |    ^^^^^^^^^^^^^^^^^^^^^^^^^^^^^^^^^^^^^^^^^^^^^^^^^^^^^^^^^^^^^^^^^^^^^^^^^^^^^^^^^^^^^^^^^^
  13 | ...
  14 | ...
  15 | ...

The export SEED_COMMUNITY_POSTS was not found in module [project]/src/lib/seed.ts [app-ssr] (ecmascript).
Did you mean to import SEED_UNITS?
All exports of the module are statically known (It doesn't have dynamic exports). So it's known statically that the requested export doesn't exist.

Import traces:
  Client Component Browser:
    ./src/lib/store.ts [Client Component Browser]
    ./src/app/page.tsx [Client Component Browser]
    ./src/app/page.tsx [Server Component]

  Client Component SSR:
    ./src/lib/store.ts [Client Component SSR]
    ./src/app/page.tsx [Client Component SSR]
    ./src/app/page.tsx [Server Component] @ http://localhost:3003/_next/static/chunks/node_modules_next_dist_0u_w_5s._.js:1945
[     699ms] [ERROR] ./src/lib/store.ts:12:1
Export SEED_COMMUNITY_POSTS doesn't exist in target module
  10 | ...
  11 | ...
> 12 | ...SECTIONS, SEED_SCHEDULE_EVENTS, SEED_CHAT_MESSAGES, SEED_WORK_ENGAGEMENTS, SEED_WORKER_...
     |    ^^^^^^^^^^^^^^^^^^^^^^^^^^^^^^^^^^^^^^^^^^^^^^^^^^^^^^^^^^^^^^^^^^^^^^^^^^^^^^^^^^^^^^^^^^
  13 | ...
  14 | ...
  15 | ...

The export SEED_COMMUNITY_POSTS was not found in module [project]/src/lib/seed.ts [app-client] (ecmascript).
Did you mean to import SEED_UNITS?
All exports of the module are statically known (It doesn't have dynamic exports). So it's known statically that the requested export doesn't exist.

Import traces:
  Client Component Browser:
    ./src/lib/store.ts [Client Component Browser]
    ./src/app/page.tsx [Client Component Browser]
    ./src/app/page.tsx [Server Component]

  Client Component SSR:
    ./src/lib/store.ts [Client Component SSR]
    ./src/app/page.tsx [Client Component SSR]
    ./src/app/page.tsx [Server Component] @ http://localhost:3003/_next/static/chunks/node_modules_next_dist_0u_w_5s._.js:1945
[     700ms] [ERROR] ./src/lib/store.ts:12:1
Export SEED_COMMUNITY_POSTS doesn't exist in target module
  10 | ...
  11 | ...
> 12 | ...SECTIONS, SEED_SCHEDULE_EVENTS, SEED_CHAT_MESSAGES, SEED_WORK_ENGAGEMENTS, SEED_WORKER_...
     |    ^^^^^^^^^^^^^^^^^^^^^^^^^^^^^^^^^^^^^^^^^^^^^^^^^^^^^^^^^^^^^^^^^^^^^^^^^^^^^^^^^^^^^^^^^^
  13 | ...
  14 | ...
  15 | ...

The export SEED_COMMUNITY_POSTS was not found in module [project]/src/lib/seed.ts [app-ssr] (ecmascript).
Did you mean to import SEED_UNITS?
All exports of the module are statically known (It doesn't have dynamic exports). So it's known statically that the requested export doesn't exist.

Import traces:
  Client Component Browser:
    ./src/lib/store.ts [Client Component Browser]
    ./src/app/page.tsx [Client Component Browser]
    ./src/app/page.tsx [Server Component]

  Client Component SSR:
    ./src/lib/store.ts [Client Component SSR]
    ./src/app/page.tsx [Client Component SSR]
    ./src/app/page.tsx [Server Component] @ http://localhost:3003/_next/static/chunks/node_modules_next_dist_0u_w_5s._.js:1945
[     750ms] [ERROR] ./src/lib/store.ts:12:1
Export SEED_COMMUNITY_POSTS doesn't exist in target module
  10 | ...
  11 | ...
> 12 | ...SECTIONS, SEED_SCHEDULE_EVENTS, SEED_CHAT_MESSAGES, SEED_WORK_ENGAGEMENTS, SEED_WORKER_...
     |    ^^^^^^^^^^^^^^^^^^^^^^^^^^^^^^^^^^^^^^^^^^^^^^^^^^^^^^^^^^^^^^^^^^^^^^^^^^^^^^^^^^^^^^^^^^
  13 | ...
  14 | ...
  15 | ...

The export SEED_COMMUNITY_POSTS was not found in module [project]/src/lib/seed.ts [app-client] (ecmascript).
Did you mean to import SEED_UNITS?
All exports of the module are statically known (It doesn't have dynamic exports). So it's known statically that the requested export doesn't exist.

Import traces:
  Client Component Browser:
    ./src/lib/store.ts [Client Component Browser]
    ./src/app/page.tsx [Client Component Browser]
    ./src/app/page.tsx [Server Component]

  Client Component SSR:
    ./src/lib/store.ts [Client Component SSR]
    ./src/app/page.tsx [Client Component SSR]
    ./src/app/page.tsx [Server Component] @ http://localhost:3003/_next/static/chunks/node_modules_next_dist_0u_w_5s._.js:1945
[     750ms] [ERROR] ./src/lib/store.ts:12:1
Export SEED_COMMUNITY_POSTS doesn't exist in target module
  10 | ...
  11 | ...
> 12 | ...SECTIONS, SEED_SCHEDULE_EVENTS, SEED_CHAT_MESSAGES, SEED_WORK_ENGAGEMENTS, SEED_WORKER_...
     |    ^^^^^^^^^^^^^^^^^^^^^^^^^^^^^^^^^^^^^^^^^^^^^^^^^^^^^^^^^^^^^^^^^^^^^^^^^^^^^^^^^^^^^^^^^^
  13 | ...
  14 | ...
  15 | ...

The export SEED_COMMUNITY_POSTS was not found in module [project]/src/lib/seed.ts [app-ssr] (ecmascript).
Did you mean to import SEED_UNITS?
All exports of the module are statically known (It doesn't have dynamic exports). So it's known statically that the requested export doesn't exist.

Import traces:
  Client Component Browser:
    ./src/lib/store.ts [Client Component Browser]
    ./src/app/page.tsx [Client Component Browser]
    ./src/app/page.tsx [Server Component]

  Client Component SSR:
    ./src/lib/store.ts [Client Component SSR]
    ./src/app/page.tsx [Client Component SSR]
    ./src/app/page.tsx [Server Component] @ http://localhost:3003/_next/static/chunks/node_modules_next_dist_0u_w_5s._.js:1945
[     801ms] [ERROR] ./src/lib/store.ts:12:1
Export SEED_COMMUNITY_POSTS doesn't exist in target module
  10 | ...
  11 | ...
> 12 | ...SECTIONS, SEED_SCHEDULE_EVENTS, SEED_CHAT_MESSAGES, SEED_WORK_ENGAGEMENTS, SEED_WORKER_...
     |    ^^^^^^^^^^^^^^^^^^^^^^^^^^^^^^^^^^^^^^^^^^^^^^^^^^^^^^^^^^^^^^^^^^^^^^^^^^^^^^^^^^^^^^^^^^
  13 | ...
  14 | ...
  15 | ...

The export SEED_COMMUNITY_POSTS was not found in module [project]/src/lib/seed.ts [app-client] (ecmascript).
Did you mean to import SEED_UNITS?
All exports of the module are statically known (It doesn't have dynamic exports). So it's known statically that the requested export doesn't exist.

Import traces:
  Client Component Browser:
    ./src/lib/store.ts [Client Component Browser]
    ./src/app/page.tsx [Client Component Browser]
    ./src/app/page.tsx [Server Component]

  Client Component SSR:
    ./src/lib/store.ts [Client Component SSR]
    ./src/app/page.tsx [Client Component SSR]
    ./src/app/page.tsx [Server Component] @ http://localhost:3003/_next/static/chunks/node_modules_next_dist_0u_w_5s._.js:1945
[     801ms] [ERROR] ./src/lib/store.ts:12:1
Export SEED_COMMUNITY_POSTS doesn't exist in target module
  10 | ...
  11 | ...
> 12 | ...SECTIONS, SEED_SCHEDULE_EVENTS, SEED_CHAT_MESSAGES, SEED_WORK_ENGAGEMENTS, SEED_WORKER_...
     |    ^^^^^^^^^^^^^^^^^^^^^^^^^^^^^^^^^^^^^^^^^^^^^^^^^^^^^^^^^^^^^^^^^^^^^^^^^^^^^^^^^^^^^^^^^^
  13 | ...
  14 | ...
  15 | ...

The export SEED_COMMUNITY_POSTS was not found in module [project]/src/lib/seed.ts [app-ssr] (ecmascript).
Did you mean to import SEED_UNITS?
All exports of the module are statically known (It doesn't have dynamic exports). So it's known statically that the requested export doesn't exist.

Import traces:
  Client Component Browser:
    ./src/lib/store.ts [Client Component Browser]
    ./src/app/page.tsx [Client Component Browser]
    ./src/app/page.tsx [Server Component]

  Client Component SSR:
    ./src/lib/store.ts [Client Component SSR]
    ./src/app/page.tsx [Client Component SSR]
    ./src/app/page.tsx [Server Component] @ http://localhost:3003/_next/static/chunks/node_modules_next_dist_0u_w_5s._.js:1945
[     853ms] [ERROR] ./src/lib/store.ts:12:1
Export SEED_COMMUNITY_POSTS doesn't exist in target module
  10 | ...
  11 | ...
> 12 | ...SECTIONS, SEED_SCHEDULE_EVENTS, SEED_CHAT_MESSAGES, SEED_WORK_ENGAGEMENTS, SEED_WORKER_...
     |    ^^^^^^^^^^^^^^^^^^^^^^^^^^^^^^^^^^^^^^^^^^^^^^^^^^^^^^^^^^^^^^^^^^^^^^^^^^^^^^^^^^^^^^^^^^
  13 | ...
  14 | ...
  15 | ...

The export SEED_COMMUNITY_POSTS was not found in module [project]/src/lib/seed.ts [app-client] (ecmascript).
Did you mean to import SEED_UNITS?
All exports of the module are statically known (It doesn't have dynamic exports). So it's known statically that the requested export doesn't exist.

Import traces:
  Client Component Browser:
    ./src/lib/store.ts [Client Component Browser]
    ./src/app/page.tsx [Client Component Browser]
    ./src/app/page.tsx [Server Component]

  Client Component SSR:
    ./src/lib/store.ts [Client Component SSR]
    ./src/app/page.tsx [Client Component SSR]
    ./src/app/page.tsx [Server Component] @ http://localhost:3003/_next/static/chunks/node_modules_next_dist_0u_w_5s._.js:1945
[     853ms] [ERROR] ./src/lib/store.ts:12:1
Export SEED_COMMUNITY_POSTS doesn't exist in target module
  10 | ...
  11 | ...
> 12 | ...SECTIONS, SEED_SCHEDULE_EVENTS, SEED_CHAT_MESSAGES, SEED_WORK_ENGAGEMENTS, SEED_WORKER_...
     |    ^^^^^^^^^^^^^^^^^^^^^^^^^^^^^^^^^^^^^^^^^^^^^^^^^^^^^^^^^^^^^^^^^^^^^^^^^^^^^^^^^^^^^^^^^^
  13 | ...
  14 | ...
  15 | ...

The export SEED_COMMUNITY_POSTS was not found in module [project]/src/lib/seed.ts [app-ssr] (ecmascript).
Did you mean to import SEED_UNITS?
All exports of the module are statically known (It doesn't have dynamic exports). So it's known statically that the requested export doesn't exist.

Import traces:
  Client Component Browser:
    ./src/lib/store.ts [Client Component Browser]
    ./src/app/page.tsx [Client Component Browser]
    ./src/app/page.tsx [Server Component]

  Client Component SSR:
    ./src/lib/store.ts [Client Component SSR]
    ./src/app/page.tsx [Client Component SSR]
    ./src/app/page.tsx [Server Component] @ http://localhost:3003/_next/static/chunks/node_modules_next_dist_0u_w_5s._.js:1945
[     906ms] [ERROR] ./src/lib/store.ts:12:1
Export SEED_COMMUNITY_POSTS doesn't exist in target module
  10 | ...
  11 | ...
> 12 | ...SECTIONS, SEED_SCHEDULE_EVENTS, SEED_CHAT_MESSAGES, SEED_WORK_ENGAGEMENTS, SEED_WORKER_...
     |    ^^^^^^^^^^^^^^^^^^^^^^^^^^^^^^^^^^^^^^^^^^^^^^^^^^^^^^^^^^^^^^^^^^^^^^^^^^^^^^^^^^^^^^^^^^
  13 | ...
  14 | ...
  15 | ...

The export SEED_COMMUNITY_POSTS was not found in module [project]/src/lib/seed.ts [app-client] (ecmascript).
Did you mean to import SEED_UNITS?
All exports of the module are statically known (It doesn't have dynamic exports). So it's known statically that the requested export doesn't exist.

Import traces:
  Client Component Browser:
    ./src/lib/store.ts [Client Component Browser]
    ./src/app/page.tsx [Client Component Browser]
    ./src/app/page.tsx [Server Component]

  Client Component SSR:
    ./src/lib/store.ts [Client Component SSR]
    ./src/app/page.tsx [Client Component SSR]
    ./src/app/page.tsx [Server Component] @ http://localhost:3003/_next/static/chunks/node_modules_next_dist_0u_w_5s._.js:1945
[     906ms] [ERROR] ./src/lib/store.ts:12:1
Export SEED_COMMUNITY_POSTS doesn't exist in target module
  10 | ...
  11 | ...
> 12 | ...SECTIONS, SEED_SCHEDULE_EVENTS, SEED_CHAT_MESSAGES, SEED_WORK_ENGAGEMENTS, SEED_WORKER_...
     |    ^^^^^^^^^^^^^^^^^^^^^^^^^^^^^^^^^^^^^^^^^^^^^^^^^^^^^^^^^^^^^^^^^^^^^^^^^^^^^^^^^^^^^^^^^^
  13 | ...
  14 | ...
  15 | ...

The export SEED_COMMUNITY_POSTS was not found in module [project]/src/lib/seed.ts [app-ssr] (ecmascript).
Did you mean to import SEED_UNITS?
All exports of the module are statically known (It doesn't have dynamic exports). So it's known statically that the requested export doesn't exist.

Import traces:
  Client Component Browser:
    ./src/lib/store.ts [Client Component Browser]
    ./src/app/page.tsx [Client Component Browser]
    ./src/app/page.tsx [Server Component]

  Client Component SSR:
    ./src/lib/store.ts [Client Component SSR]
    ./src/app/page.tsx [Client Component SSR]
    ./src/app/page.tsx [Server Component] @ http://localhost:3003/_next/static/chunks/node_modules_next_dist_0u_w_5s._.js:1945
[     959ms] [ERROR] ./src/lib/store.ts:12:1
Export SEED_COMMUNITY_POSTS doesn't exist in target module
  10 | ...
  11 | ...
> 12 | ...SECTIONS, SEED_SCHEDULE_EVENTS, SEED_CHAT_MESSAGES, SEED_WORK_ENGAGEMENTS, SEED_WORKER_...
     |    ^^^^^^^^^^^^^^^^^^^^^^^^^^^^^^^^^^^^^^^^^^^^^^^^^^^^^^^^^^^^^^^^^^^^^^^^^^^^^^^^^^^^^^^^^^
  13 | ...
  14 | ...
  15 | ...

The export SEED_COMMUNITY_POSTS was not found in module [project]/src/lib/seed.ts [app-client] (ecmascript).
Did you mean to import SEED_UNITS?
All exports of the module are statically known (It doesn't have dynamic exports). So it's known statically that the requested export doesn't exist.

Import traces:
  Client Component Browser:
    ./src/lib/store.ts [Client Component Browser]
    ./src/app/page.tsx [Client Component Browser]
    ./src/app/page.tsx [Server Component]

  Client Component SSR:
    ./src/lib/store.ts [Client Component SSR]
    ./src/app/page.tsx [Client Component SSR]
    ./src/app/page.tsx [Server Component] @ http://localhost:3003/_next/static/chunks/node_modules_next_dist_0u_w_5s._.js:1945
[     959ms] [ERROR] ./src/lib/store.ts:12:1
Export SEED_COMMUNITY_POSTS doesn't exist in target module
  10 | ...
  11 | ...
> 12 | ...SECTIONS, SEED_SCHEDULE_EVENTS, SEED_CHAT_MESSAGES, SEED_WORK_ENGAGEMENTS, SEED_WORKER_...
     |    ^^^^^^^^^^^^^^^^^^^^^^^^^^^^^^^^^^^^^^^^^^^^^^^^^^^^^^^^^^^^^^^^^^^^^^^^^^^^^^^^^^^^^^^^^^
  13 | ...
  14 | ...
  15 | ...

The export SEED_COMMUNITY_POSTS was not found in module [project]/src/lib/seed.ts [app-ssr] (ecmascript).
Did you mean to import SEED_UNITS?
All exports of the module are statically known (It doesn't have dynamic exports). So it's known statically that the requested export doesn't exist.

Import traces:
  Client Component Browser:
    ./src/lib/store.ts [Client Component Browser]
    ./src/app/page.tsx [Client Component Browser]
    ./src/app/page.tsx [Server Component]

  Client Component SSR:
    ./src/lib/store.ts [Client Component SSR]
    ./src/app/page.tsx [Client Component SSR]
    ./src/app/page.tsx [Server Component] @ http://localhost:3003/_next/static/chunks/node_modules_next_dist_0u_w_5s._.js:1945
[    1014ms] [ERROR] ./src/lib/store.ts:12:1
Export SEED_COMMUNITY_POSTS doesn't exist in target module
  10 | ...
  11 | ...
> 12 | ...SECTIONS, SEED_SCHEDULE_EVENTS, SEED_CHAT_MESSAGES, SEED_WORK_ENGAGEMENTS, SEED_WORKER_...
     |    ^^^^^^^^^^^^^^^^^^^^^^^^^^^^^^^^^^^^^^^^^^^^^^^^^^^^^^^^^^^^^^^^^^^^^^^^^^^^^^^^^^^^^^^^^^
  13 | ...
  14 | ...
  15 | ...

The export SEED_COMMUNITY_POSTS was not found in module [project]/src/lib/seed.ts [app-client] (ecmascript).
Did you mean to import SEED_UNITS?
All exports of the module are statically known (It doesn't have dynamic exports). So it's known statically that the requested export doesn't exist.

Import traces:
  Client Component Browser:
    ./src/lib/store.ts [Client Component Browser]
    ./src/app/page.tsx [Client Component Browser]
    ./src/app/page.tsx [Server Component]

  Client Component SSR:
    ./src/lib/store.ts [Client Component SSR]
    ./src/app/page.tsx [Client Component SSR]
    ./src/app/page.tsx [Server Component] @ http://localhost:3003/_next/static/chunks/node_modules_next_dist_0u_w_5s._.js:1945
[    1014ms] [ERROR] ./src/lib/store.ts:12:1
Export SEED_COMMUNITY_POSTS doesn't exist in target module
  10 | ...
  11 | ...
> 12 | ...SECTIONS, SEED_SCHEDULE_EVENTS, SEED_CHAT_MESSAGES, SEED_WORK_ENGAGEMENTS, SEED_WORKER_...
     |    ^^^^^^^^^^^^^^^^^^^^^^^^^^^^^^^^^^^^^^^^^^^^^^^^^^^^^^^^^^^^^^^^^^^^^^^^^^^^^^^^^^^^^^^^^^
  13 | ...
  14 | ...
  15 | ...

The export SEED_COMMUNITY_POSTS was not found in module [project]/src/lib/seed.ts [app-ssr] (ecmascript).
Did you mean to import SEED_UNITS?
All exports of the module are statically known (It doesn't have dynamic exports). So it's known statically that the requested export doesn't exist.

Import traces:
  Client Component Browser:
    ./src/lib/store.ts [Client Component Browser]
    ./src/app/page.tsx [Client Component Browser]
    ./src/app/page.tsx [Server Component]

  Client Component SSR:
    ./src/lib/store.ts [Client Component SSR]
    ./src/app/page.tsx [Client Component SSR]
    ./src/app/page.tsx [Server Component] @ http://localhost:3003/_next/static/chunks/node_modules_next_dist_0u_w_5s._.js:1945
[    1069ms] [ERROR] ./src/lib/store.ts:12:1
Export SEED_COMMUNITY_POSTS doesn't exist in target module
  10 | ...
  11 | ...
> 12 | ...SECTIONS, SEED_SCHEDULE_EVENTS, SEED_CHAT_MESSAGES, SEED_WORK_ENGAGEMENTS, SEED_WORKER_...
     |    ^^^^^^^^^^^^^^^^^^^^^^^^^^^^^^^^^^^^^^^^^^^^^^^^^^^^^^^^^^^^^^^^^^^^^^^^^^^^^^^^^^^^^^^^^^
  13 | ...
  14 | ...
  15 | ...

The export SEED_COMMUNITY_POSTS was not found in module [project]/src/lib/seed.ts [app-client] (ecmascript).
Did you mean to import SEED_UNITS?
All exports of the module are statically known (It doesn't have dynamic exports). So it's known statically that the requested export doesn't exist.

Import traces:
  Client Component Browser:
    ./src/lib/store.ts [Client Component Browser]
    ./src/app/page.tsx [Client Component Browser]
    ./src/app/page.tsx [Server Component]

  Client Component SSR:
    ./src/lib/store.ts [Client Component SSR]
    ./src/app/page.tsx [Client Component SSR]
    ./src/app/page.tsx [Server Component] @ http://localhost:3003/_next/static/chunks/node_modules_next_dist_0u_w_5s._.js:1945
[    1069ms] [ERROR] ./src/lib/store.ts:12:1
Export SEED_COMMUNITY_POSTS doesn't exist in target module
  10 | ...
  11 | ...
> 12 | ...SECTIONS, SEED_SCHEDULE_EVENTS, SEED_CHAT_MESSAGES, SEED_WORK_ENGAGEMENTS, SEED_WORKER_...
     |    ^^^^^^^^^^^^^^^^^^^^^^^^^^^^^^^^^^^^^^^^^^^^^^^^^^^^^^^^^^^^^^^^^^^^^^^^^^^^^^^^^^^^^^^^^^
  13 | ...
  14 | ...
  15 | ...

The export SEED_COMMUNITY_POSTS was not found in module [project]/src/lib/seed.ts [app-ssr] (ecmascript).
Did you mean to import SEED_UNITS?
All exports of the module are statically known (It doesn't have dynamic exports). So it's known statically that the requested export doesn't exist.

Import traces:
  Client Component Browser:
    ./src/lib/store.ts [Client Component Browser]
    ./src/app/page.tsx [Client Component Browser]
    ./src/app/page.tsx [Server Component]

  Client Component SSR:
    ./src/lib/store.ts [Client Component SSR]
    ./src/app/page.tsx [Client Component SSR]
    ./src/app/page.tsx [Server Component] @ http://localhost:3003/_next/static/chunks/node_modules_next_dist_0u_w_5s._.js:1945
[    1123ms] [ERROR] ./src/lib/store.ts:12:1
Export SEED_COMMUNITY_POSTS doesn't exist in target module
  10 | ...
  11 | ...
> 12 | ...SECTIONS, SEED_SCHEDULE_EVENTS, SEED_CHAT_MESSAGES, SEED_WORK_ENGAGEMENTS, SEED_WORKER_...
     |    ^^^^^^^^^^^^^^^^^^^^^^^^^^^^^^^^^^^^^^^^^^^^^^^^^^^^^^^^^^^^^^^^^^^^^^^^^^^^^^^^^^^^^^^^^^
  13 | ...
  14 | ...
  15 | ...

The export SEED_COMMUNITY_POSTS was not found in module [project]/src/lib/seed.ts [app-client] (ecmascript).
Did you mean to import SEED_UNITS?
All exports of the module are statically known (It doesn't have dynamic exports). So it's known statically that the requested export doesn't exist.

Import traces:
  Client Component Browser:
    ./src/lib/store.ts [Client Component Browser]
    ./src/app/page.tsx [Client Component Browser]
    ./src/app/page.tsx [Server Component]

  Client Component SSR:
    ./src/lib/store.ts [Client Component SSR]
    ./src/app/page.tsx [Client Component SSR]
    ./src/app/page.tsx [Server Component] @ http://localhost:3003/_next/static/chunks/node_modules_next_dist_0u_w_5s._.js:1945
[    1123ms] [ERROR] ./src/lib/store.ts:12:1
Export SEED_COMMUNITY_POSTS doesn't exist in target module
  10 | ...
  11 | ...
> 12 | ...SECTIONS, SEED_SCHEDULE_EVENTS, SEED_CHAT_MESSAGES, SEED_WORK_ENGAGEMENTS, SEED_WORKER_...
     |    ^^^^^^^^^^^^^^^^^^^^^^^^^^^^^^^^^^^^^^^^^^^^^^^^^^^^^^^^^^^^^^^^^^^^^^^^^^^^^^^^^^^^^^^^^^
  13 | ...
  14 | ...
  15 | ...

The export SEED_COMMUNITY_POSTS was not found in module [project]/src/lib/seed.ts [app-ssr] (ecmascript).
Did you mean to import SEED_UNITS?
All exports of the module are statically known (It doesn't have dynamic exports). So it's known statically that the requested export doesn't exist.

Import traces:
  Client Component Browser:
    ./src/lib/store.ts [Client Component Browser]
    ./src/app/page.tsx [Client Component Browser]
    ./src/app/page.tsx [Server Component]

  Client Component SSR:
    ./src/lib/store.ts [Client Component SSR]
    ./src/app/page.tsx [Client Component SSR]
    ./src/app/page.tsx [Server Component] @ http://localhost:3003/_next/static/chunks/node_modules_next_dist_0u_w_5s._.js:1945
[    1181ms] [ERROR] ./src/lib/store.ts:12:1
Export SEED_COMMUNITY_POSTS doesn't exist in target module
  10 | ...
  11 | ...
> 12 | ...SECTIONS, SEED_SCHEDULE_EVENTS, SEED_CHAT_MESSAGES, SEED_WORK_ENGAGEMENTS, SEED_WORKER_...
     |    ^^^^^^^^^^^^^^^^^^^^^^^^^^^^^^^^^^^^^^^^^^^^^^^^^^^^^^^^^^^^^^^^^^^^^^^^^^^^^^^^^^^^^^^^^^
  13 | ...
  14 | ...
  15 | ...

The export SEED_COMMUNITY_POSTS was not found in module [project]/src/lib/seed.ts [app-client] (ecmascript).
Did you mean to import SEED_UNITS?
All exports of the module are statically known (It doesn't have dynamic exports). So it's known statically that the requested export doesn't exist.

Import traces:
  Client Component Browser:
    ./src/lib/store.ts [Client Component Browser]
    ./src/app/page.tsx [Client Component Browser]
    ./src/app/page.tsx [Server Component]

  Client Component SSR:
    ./src/lib/store.ts [Client Component SSR]
    ./src/app/page.tsx [Client Component SSR]
    ./src/app/page.tsx [Server Component] @ http://localhost:3003/_next/static/chunks/node_modules_next_dist_0u_w_5s._.js:1945
[    1181ms] [ERROR] ./src/lib/store.ts:12:1
Export SEED_COMMUNITY_POSTS doesn't exist in target module
  10 | ...
  11 | ...
> 12 | ...SECTIONS, SEED_SCHEDULE_EVENTS, SEED_CHAT_MESSAGES, SEED_WORK_ENGAGEMENTS, SEED_WORKER_...
     |    ^^^^^^^^^^^^^^^^^^^^^^^^^^^^^^^^^^^^^^^^^^^^^^^^^^^^^^^^^^^^^^^^^^^^^^^^^^^^^^^^^^^^^^^^^^
  13 | ...
  14 | ...
  15 | ...

The export SEED_COMMUNITY_POSTS was not found in module [project]/src/lib/seed.ts [app-ssr] (ecmascript).
Did you mean to import SEED_UNITS?
All exports of the module are statically known (It doesn't have dynamic exports). So it's known statically that the requested export doesn't exist.

Import traces:
  Client Component Browser:
    ./src/lib/store.ts [Client Component Browser]
    ./src/app/page.tsx [Client Component Browser]
    ./src/app/page.tsx [Server Component]

  Client Component SSR:
    ./src/lib/store.ts [Client Component SSR]
    ./src/app/page.tsx [Client Component SSR]
    ./src/app/page.tsx [Server Component] @ http://localhost:3003/_next/static/chunks/node_modules_next_dist_0u_w_5s._.js:1945
[    1236ms] [ERROR] ./src/lib/store.ts:12:1
Export SEED_COMMUNITY_POSTS doesn't exist in target module
  10 | ...
  11 | ...
> 12 | ...SECTIONS, SEED_SCHEDULE_EVENTS, SEED_CHAT_MESSAGES, SEED_WORK_ENGAGEMENTS, SEED_WORKER_...
     |    ^^^^^^^^^^^^^^^^^^^^^^^^^^^^^^^^^^^^^^^^^^^^^^^^^^^^^^^^^^^^^^^^^^^^^^^^^^^^^^^^^^^^^^^^^^
  13 | ...
  14 | ...
  15 | ...

The export SEED_COMMUNITY_POSTS was not found in module [project]/src/lib/seed.ts [app-client] (ecmascript).
Did you mean to import SEED_UNITS?
All exports of the module are statically known (It doesn't have dynamic exports). So it's known statically that the requested export doesn't exist.

Import traces:
  Client Component Browser:
    ./src/lib/store.ts [Client Component Browser]
    ./src/app/page.tsx [Client Component Browser]
    ./src/app/page.tsx [Server Component]

  Client Component SSR:
    ./src/lib/store.ts [Client Component SSR]
    ./src/app/page.tsx [Client Component SSR]
    ./src/app/page.tsx [Server Component] @ http://localhost:3003/_next/static/chunks/node_modules_next_dist_0u_w_5s._.js:1945
[    1236ms] [ERROR] ./src/lib/store.ts:12:1
Export SEED_COMMUNITY_POSTS doesn't exist in target module
  10 | ...
  11 | ...
> 12 | ...SECTIONS, SEED_SCHEDULE_EVENTS, SEED_CHAT_MESSAGES, SEED_WORK_ENGAGEMENTS, SEED_WORKER_...
     |    ^^^^^^^^^^^^^^^^^^^^^^^^^^^^^^^^^^^^^^^^^^^^^^^^^^^^^^^^^^^^^^^^^^^^^^^^^^^^^^^^^^^^^^^^^^
  13 | ...
  14 | ...
  15 | ...

The export SEED_COMMUNITY_POSTS was not found in module [project]/src/lib/seed.ts [app-ssr] (ecmascript).
Did you mean to import SEED_UNITS?
All exports of the module are statically known (It doesn't have dynamic exports). So it's known statically that the requested export doesn't exist.

Import traces:
  Client Component Browser:
    ./src/lib/store.ts [Client Component Browser]
    ./src/app/page.tsx [Client Component Browser]
    ./src/app/page.tsx [Server Component]

  Client Component SSR:
    ./src/lib/store.ts [Client Component SSR]
    ./src/app/page.tsx [Client Component SSR]
    ./src/app/page.tsx [Server Component] @ http://localhost:3003/_next/static/chunks/node_modules_next_dist_0u_w_5s._.js:1945
[    1294ms] [ERROR] ./src/lib/store.ts:12:1
Export SEED_COMMUNITY_POSTS doesn't exist in target module
  10 | ...
  11 | ...
> 12 | ...SECTIONS, SEED_SCHEDULE_EVENTS, SEED_CHAT_MESSAGES, SEED_WORK_ENGAGEMENTS, SEED_WORKER_...
     |    ^^^^^^^^^^^^^^^^^^^^^^^^^^^^^^^^^^^^^^^^^^^^^^^^^^^^^^^^^^^^^^^^^^^^^^^^^^^^^^^^^^^^^^^^^^
  13 | ...
  14 | ...
  15 | ...

The export SEED_COMMUNITY_POSTS was not found in module [project]/src/lib/seed.ts [app-client] (ecmascript).
Did you mean to import SEED_UNITS?
All exports of the module are statically known (It doesn't have dynamic exports). So it's known statically that the requested export doesn't exist.

Import traces:
  Client Component Browser:
    ./src/lib/store.ts [Client Component Browser]
    ./src/app/page.tsx [Client Component Browser]
    ./src/app/page.tsx [Server Component]

  Client Component SSR:
    ./src/lib/store.ts [Client Component SSR]
    ./src/app/page.tsx [Client Component SSR]
    ./src/app/page.tsx [Server Component] @ http://localhost:3003/_next/static/chunks/node_modules_next_dist_0u_w_5s._.js:1945
[    1294ms] [ERROR] ./src/lib/store.ts:12:1
Export SEED_COMMUNITY_POSTS doesn't exist in target module
  10 | ...
  11 | ...
> 12 | ...SECTIONS, SEED_SCHEDULE_EVENTS, SEED_CHAT_MESSAGES, SEED_WORK_ENGAGEMENTS, SEED_WORKER_...
     |    ^^^^^^^^^^^^^^^^^^^^^^^^^^^^^^^^^^^^^^^^^^^^^^^^^^^^^^^^^^^^^^^^^^^^^^^^^^^^^^^^^^^^^^^^^^
  13 | ...
  14 | ...
  15 | ...

The export SEED_COMMUNITY_POSTS was not found in module [project]/src/lib/seed.ts [app-ssr] (ecmascript).
Did you mean to import SEED_UNITS?
All exports of the module are statically known (It doesn't have dynamic exports). So it's known statically that the requested export doesn't exist.

Import traces:
  Client Component Browser:
    ./src/lib/store.ts [Client Component Browser]
    ./src/app/page.tsx [Client Component Browser]
    ./src/app/page.tsx [Server Component]

  Client Component SSR:
    ./src/lib/store.ts [Client Component SSR]
    ./src/app/page.tsx [Client Component SSR]
    ./src/app/page.tsx [Server Component] @ http://localhost:3003/_next/static/chunks/node_modules_next_dist_0u_w_5s._.js:1945
[    1350ms] [ERROR] ./src/lib/store.ts:12:1
Export SEED_COMMUNITY_POSTS doesn't exist in target module
  10 | ...
  11 | ...
> 12 | ...SECTIONS, SEED_SCHEDULE_EVENTS, SEED_CHAT_MESSAGES, SEED_WORK_ENGAGEMENTS, SEED_WORKER_...
     |    ^^^^^^^^^^^^^^^^^^^^^^^^^^^^^^^^^^^^^^^^^^^^^^^^^^^^^^^^^^^^^^^^^^^^^^^^^^^^^^^^^^^^^^^^^^
  13 | ...
  14 | ...
  15 | ...

The export SEED_COMMUNITY_POSTS was not found in module [project]/src/lib/seed.ts [app-client] (ecmascript).
Did you mean to import SEED_UNITS?
All exports of the module are statically known (It doesn't have dynamic exports). So it's known statically that the requested export doesn't exist.

Import traces:
  Client Component Browser:
    ./src/lib/store.ts [Client Component Browser]
    ./src/app/page.tsx [Client Component Browser]
    ./src/app/page.tsx [Server Component]

  Client Component SSR:
    ./src/lib/store.ts [Client Component SSR]
    ./src/app/page.tsx [Client Component SSR]
    ./src/app/page.tsx [Server Component] @ http://localhost:3003/_next/static/chunks/node_modules_next_dist_0u_w_5s._.js:1945
[    1350ms] [ERROR] ./src/lib/store.ts:12:1
Export SEED_COMMUNITY_POSTS doesn't exist in target module
  10 | ...
  11 | ...
> 12 | ...SECTIONS, SEED_SCHEDULE_EVENTS, SEED_CHAT_MESSAGES, SEED_WORK_ENGAGEMENTS, SEED_WORKER_...
     |    ^^^^^^^^^^^^^^^^^^^^^^^^^^^^^^^^^^^^^^^^^^^^^^^^^^^^^^^^^^^^^^^^^^^^^^^^^^^^^^^^^^^^^^^^^^
  13 | ...
  14 | ...
  15 | ...

The export SEED_COMMUNITY_POSTS was not found in module [project]/src/lib/seed.ts [app-ssr] (ecmascript).
Did you mean to import SEED_UNITS?
All exports of the module are statically known (It doesn't have dynamic exports). So it's known statically that the requested export doesn't exist.

Import traces:
  Client Component Browser:
    ./src/lib/store.ts [Client Component Browser]
    ./src/app/page.tsx [Client Component Browser]
    ./src/app/page.tsx [Server Component]

  Client Component SSR:
    ./src/lib/store.ts [Client Component SSR]
    ./src/app/page.tsx [Client Component SSR]
    ./src/app/page.tsx [Server Component] @ http://localhost:3003/_next/static/chunks/node_modules_next_dist_0u_w_5s._.js:1945
[    1405ms] [ERROR] ./src/lib/store.ts:12:1
Export SEED_COMMUNITY_POSTS doesn't exist in target module
  10 | ...
  11 | ...
> 12 | ...SECTIONS, SEED_SCHEDULE_EVENTS, SEED_CHAT_MESSAGES, SEED_WORK_ENGAGEMENTS, SEED_WORKER_...
     |    ^^^^^^^^^^^^^^^^^^^^^^^^^^^^^^^^^^^^^^^^^^^^^^^^^^^^^^^^^^^^^^^^^^^^^^^^^^^^^^^^^^^^^^^^^^
  13 | ...
  14 | ...
  15 | ...

The export SEED_COMMUNITY_POSTS was not found in module [project]/src/lib/seed.ts [app-client] (ecmascript).
Did you mean to import SEED_UNITS?
All exports of the module are statically known (It doesn't have dynamic exports). So it's known statically that the requested export doesn't exist.

Import traces:
  Client Component Browser:
    ./src/lib/store.ts [Client Component Browser]
    ./src/app/page.tsx [Client Component Browser]
    ./src/app/page.tsx [Server Component]

  Client Component SSR:
    ./src/lib/store.ts [Client Component SSR]
    ./src/app/page.tsx [Client Component SSR]
    ./src/app/page.tsx [Server Component] @ http://localhost:3003/_next/static/chunks/node_modules_next_dist_0u_w_5s._.js:1945
[    1406ms] [ERROR] ./src/lib/store.ts:12:1
Export SEED_COMMUNITY_POSTS doesn't exist in target module
  10 | ...
  11 | ...
> 12 | ...SECTIONS, SEED_SCHEDULE_EVENTS, SEED_CHAT_MESSAGES, SEED_WORK_ENGAGEMENTS, SEED_WORKER_...
     |    ^^^^^^^^^^^^^^^^^^^^^^^^^^^^^^^^^^^^^^^^^^^^^^^^^^^^^^^^^^^^^^^^^^^^^^^^^^^^^^^^^^^^^^^^^^
  13 | ...
  14 | ...
  15 | ...

The export SEED_COMMUNITY_POSTS was not found in module [project]/src/lib/seed.ts [app-ssr] (ecmascript).
Did you mean to import SEED_UNITS?
All exports of the module are statically known (It doesn't have dynamic exports). So it's known statically that the requested export doesn't exist.

Import traces:
  Client Component Browser:
    ./src/lib/store.ts [Client Component Browser]
    ./src/app/page.tsx [Client Component Browser]
    ./src/app/page.tsx [Server Component]

  Client Component SSR:
    ./src/lib/store.ts [Client Component SSR]
    ./src/app/page.tsx [Client Component SSR]
    ./src/app/page.tsx [Server Component] @ http://localhost:3003/_next/static/chunks/node_modules_next_dist_0u_w_5s._.js:1945
[    1462ms] [ERROR] ./src/lib/store.ts:12:1
Export SEED_COMMUNITY_POSTS doesn't exist in target module
  10 | ...
  11 | ...
> 12 | ...SECTIONS, SEED_SCHEDULE_EVENTS, SEED_CHAT_MESSAGES, SEED_WORK_ENGAGEMENTS, SEED_WORKER_...
     |    ^^^^^^^^^^^^^^^^^^^^^^^^^^^^^^^^^^^^^^^^^^^^^^^^^^^^^^^^^^^^^^^^^^^^^^^^^^^^^^^^^^^^^^^^^^
  13 | ...
  14 | ...
  15 | ...

The export SEED_COMMUNITY_POSTS was not found in module [project]/src/lib/seed.ts [app-client] (ecmascript).
Did you mean to import SEED_UNITS?
All exports of the module are statically known (It doesn't have dynamic exports). So it's known statically that the requested export doesn't exist.

Import traces:
  Client Component Browser:
    ./src/lib/store.ts [Client Component Browser]
    ./src/app/page.tsx [Client Component Browser]
    ./src/app/page.tsx [Server Component]

  Client Component SSR:
    ./src/lib/store.ts [Client Component SSR]
    ./src/app/page.tsx [Client Component SSR]
    ./src/app/page.tsx [Server Component] @ http://localhost:3003/_next/static/chunks/node_modules_next_dist_0u_w_5s._.js:1945
[    1462ms] [ERROR] ./src/lib/store.ts:12:1
Export SEED_COMMUNITY_POSTS doesn't exist in target module
  10 | ...
  11 | ...
> 12 | ...SECTIONS, SEED_SCHEDULE_EVENTS, SEED_CHAT_MESSAGES, SEED_WORK_ENGAGEMENTS, SEED_WORKER_...
     |    ^^^^^^^^^^^^^^^^^^^^^^^^^^^^^^^^^^^^^^^^^^^^^^^^^^^^^^^^^^^^^^^^^^^^^^^^^^^^^^^^^^^^^^^^^^
  13 | ...
  14 | ...
  15 | ...

The export SEED_COMMUNITY_POSTS was not found in module [project]/src/lib/seed.ts [app-ssr] (ecmascript).
Did you mean to import SEED_UNITS?
All exports of the module are statically known (It doesn't have dynamic exports). So it's known statically that the requested export doesn't exist.

Import traces:
  Client Component Browser:
    ./src/lib/store.ts [Client Component Browser]
    ./src/app/page.tsx [Client Component Browser]
    ./src/app/page.tsx [Server Component]

  Client Component SSR:
    ./src/lib/store.ts [Client Component SSR]
    ./src/app/page.tsx [Client Component SSR]
    ./src/app/page.tsx [Server Component] @ http://localhost:3003/_next/static/chunks/node_modules_next_dist_0u_w_5s._.js:1945
[    1517ms] [ERROR] ./src/lib/store.ts:12:1
Export SEED_COMMUNITY_POSTS doesn't exist in target module
  10 | ...
  11 | ...
> 12 | ...SECTIONS, SEED_SCHEDULE_EVENTS, SEED_CHAT_MESSAGES, SEED_WORK_ENGAGEMENTS, SEED_WORKER_...
     |    ^^^^^^^^^^^^^^^^^^^^^^^^^^^^^^^^^^^^^^^^^^^^^^^^^^^^^^^^^^^^^^^^^^^^^^^^^^^^^^^^^^^^^^^^^^
  13 | ...
  14 | ...
  15 | ...

The export SEED_COMMUNITY_POSTS was not found in module [project]/src/lib/seed.ts [app-client] (ecmascript).
Did you mean to import SEED_UNITS?
All exports of the module are statically known (It doesn't have dynamic exports). So it's known statically that the requested export doesn't exist.

Import traces:
  Client Component Browser:
    ./src/lib/store.ts [Client Component Browser]
    ./src/app/page.tsx [Client Component Browser]
    ./src/app/page.tsx [Server Component]

  Client Component SSR:
    ./src/lib/store.ts [Client Component SSR]
    ./src/app/page.tsx [Client Component SSR]
    ./src/app/page.tsx [Server Component] @ http://localhost:3003/_next/static/chunks/node_modules_next_dist_0u_w_5s._.js:1945
[    1517ms] [ERROR] ./src/lib/store.ts:12:1
Export SEED_COMMUNITY_POSTS doesn't exist in target module
  10 | ...
  11 | ...
> 12 | ...SECTIONS, SEED_SCHEDULE_EVENTS, SEED_CHAT_MESSAGES, SEED_WORK_ENGAGEMENTS, SEED_WORKER_...
     |    ^^^^^^^^^^^^^^^^^^^^^^^^^^^^^^^^^^^^^^^^^^^^^^^^^^^^^^^^^^^^^^^^^^^^^^^^^^^^^^^^^^^^^^^^^^
  13 | ...
  14 | ...
  15 | ...

The export SEED_COMMUNITY_POSTS was not found in module [project]/src/lib/seed.ts [app-ssr] (ecmascript).
Did you mean to import SEED_UNITS?
All exports of the module are statically known (It doesn't have dynamic exports). So it's known statically that the requested export doesn't exist.

Import traces:
  Client Component Browser:
    ./src/lib/store.ts [Client Component Browser]
    ./src/app/page.tsx [Client Component Browser]
    ./src/app/page.tsx [Server Component]

  Client Component SSR:
    ./src/lib/store.ts [Client Component SSR]
    ./src/app/page.tsx [Client Component SSR]
    ./src/app/page.tsx [Server Component] @ http://localhost:3003/_next/static/chunks/node_modules_next_dist_0u_w_5s._.js:1945
[    1570ms] [ERROR] ./src/lib/store.ts:12:1
Export SEED_COMMUNITY_POSTS doesn't exist in target module
  10 | ...
  11 | ...
> 12 | ...SECTIONS, SEED_SCHEDULE_EVENTS, SEED_CHAT_MESSAGES, SEED_WORK_ENGAGEMENTS, SEED_WORKER_...
     |    ^^^^^^^^^^^^^^^^^^^^^^^^^^^^^^^^^^^^^^^^^^^^^^^^^^^^^^^^^^^^^^^^^^^^^^^^^^^^^^^^^^^^^^^^^^
  13 | ...
  14 | ...
  15 | ...

The export SEED_COMMUNITY_POSTS was not found in module [project]/src/lib/seed.ts [app-client] (ecmascript).
Did you mean to import SEED_UNITS?
All exports of the module are statically known (It doesn't have dynamic exports). So it's known statically that the requested export doesn't exist.

Import traces:
  Client Component Browser:
    ./src/lib/store.ts [Client Component Browser]
    ./src/app/page.tsx [Client Component Browser]
    ./src/app/page.tsx [Server Component]

  Client Component SSR:
    ./src/lib/store.ts [Client Component SSR]
    ./src/app/page.tsx [Client Component SSR]
    ./src/app/page.tsx [Server Component] @ http://localhost:3003/_next/static/chunks/node_modules_next_dist_0u_w_5s._.js:1945
[    1571ms] [ERROR] ./src/lib/store.ts:12:1
Export SEED_COMMUNITY_POSTS doesn't exist in target module
  10 | ...
  11 | ...
> 12 | ...SECTIONS, SEED_SCHEDULE_EVENTS, SEED_CHAT_MESSAGES, SEED_WORK_ENGAGEMENTS, SEED_WORKER_...
     |    ^^^^^^^^^^^^^^^^^^^^^^^^^^^^^^^^^^^^^^^^^^^^^^^^^^^^^^^^^^^^^^^^^^^^^^^^^^^^^^^^^^^^^^^^^^
  13 | ...
  14 | ...
  15 | ...

The export SEED_COMMUNITY_POSTS was not found in module [project]/src/lib/seed.ts [app-ssr] (ecmascript).
Did you mean to import SEED_UNITS?
All exports of the module are statically known (It doesn't have dynamic exports). So it's known statically that the requested export doesn't exist.

Import traces:
  Client Component Browser:
    ./src/lib/store.ts [Client Component Browser]
    ./src/app/page.tsx [Client Component Browser]
    ./src/app/page.tsx [Server Component]

  Client Component SSR:
    ./src/lib/store.ts [Client Component SSR]
    ./src/app/page.tsx [Client Component SSR]
    ./src/app/page.tsx [Server Component] @ http://localhost:3003/_next/static/chunks/node_modules_next_dist_0u_w_5s._.js:1945
[    1628ms] [ERROR] ./src/lib/store.ts:12:1
Export SEED_COMMUNITY_POSTS doesn't exist in target module
  10 | ...
  11 | ...
> 12 | ...SECTIONS, SEED_SCHEDULE_EVENTS, SEED_CHAT_MESSAGES, SEED_WORK_ENGAGEMENTS, SEED_WORKER_...
     |    ^^^^^^^^^^^^^^^^^^^^^^^^^^^^^^^^^^^^^^^^^^^^^^^^^^^^^^^^^^^^^^^^^^^^^^^^^^^^^^^^^^^^^^^^^^
  13 | ...
  14 | ...
  15 | ...

The export SEED_COMMUNITY_POSTS was not found in module [project]/src/lib/seed.ts [app-client] (ecmascript).
Did you mean to import SEED_UNITS?
All exports of the module are statically known (It doesn't have dynamic exports). So it's known statically that the requested export doesn't exist.

Import traces:
  Client Component Browser:
    ./src/lib/store.ts [Client Component Browser]
    ./src/app/page.tsx [Client Component Browser]
    ./src/app/page.tsx [Server Component]

  Client Component SSR:
    ./src/lib/store.ts [Client Component SSR]
    ./src/app/page.tsx [Client Component SSR]
    ./src/app/page.tsx [Server Component] @ http://localhost:3003/_next/static/chunks/node_modules_next_dist_0u_w_5s._.js:1945
[    1628ms] [ERROR] ./src/lib/store.ts:12:1
Export SEED_COMMUNITY_POSTS doesn't exist in target module
  10 | ...
  11 | ...
> 12 | ...SECTIONS, SEED_SCHEDULE_EVENTS, SEED_CHAT_MESSAGES, SEED_WORK_ENGAGEMENTS, SEED_WORKER_...
     |    ^^^^^^^^^^^^^^^^^^^^^^^^^^^^^^^^^^^^^^^^^^^^^^^^^^^^^^^^^^^^^^^^^^^^^^^^^^^^^^^^^^^^^^^^^^
  13 | ...
  14 | ...
  15 | ...

The export SEED_COMMUNITY_POSTS was not found in module [project]/src/lib/seed.ts [app-ssr] (ecmascript).
Did you mean to import SEED_UNITS?
All exports of the module are statically known (It doesn't have dynamic exports). So it's known statically that the requested export doesn't exist.

Import traces:
  Client Component Browser:
    ./src/lib/store.ts [Client Component Browser]
    ./src/app/page.tsx [Client Component Browser]
    ./src/app/page.tsx [Server Component]

  Client Component SSR:
    ./src/lib/store.ts [Client Component SSR]
    ./src/app/page.tsx [Client Component SSR]
    ./src/app/page.tsx [Server Component] @ http://localhost:3003/_next/static/chunks/node_modules_next_dist_0u_w_5s._.js:1945
[    1682ms] [ERROR] ./src/lib/store.ts:12:1
Export SEED_COMMUNITY_POSTS doesn't exist in target module
  10 | ...
  11 | ...
> 12 | ...SECTIONS, SEED_SCHEDULE_EVENTS, SEED_CHAT_MESSAGES, SEED_WORK_ENGAGEMENTS, SEED_WORKER_...
     |    ^^^^^^^^^^^^^^^^^^^^^^^^^^^^^^^^^^^^^^^^^^^^^^^^^^^^^^^^^^^^^^^^^^^^^^^^^^^^^^^^^^^^^^^^^^
  13 | ...
  14 | ...
  15 | ...

The export SEED_COMMUNITY_POSTS was not found in module [project]/src/lib/seed.ts [app-client] (ecmascript).
Did you mean to import SEED_UNITS?
All exports of the module are statically known (It doesn't have dynamic exports). So it's known statically that the requested export doesn't exist.

Import traces:
  Client Component Browser:
    ./src/lib/store.ts [Client Component Browser]
    ./src/app/page.tsx [Client Component Browser]
    ./src/app/page.tsx [Server Component]

  Client Component SSR:
    ./src/lib/store.ts [Client Component SSR]
    ./src/app/page.tsx [Client Component SSR]
    ./src/app/page.tsx [Server Component] @ http://localhost:3003/_next/static/chunks/node_modules_next_dist_0u_w_5s._.js:1945
[    1682ms] [ERROR] ./src/lib/store.ts:12:1
Export SEED_COMMUNITY_POSTS doesn't exist in target module
  10 | ...
  11 | ...
> 12 | ...SECTIONS, SEED_SCHEDULE_EVENTS, SEED_CHAT_MESSAGES, SEED_WORK_ENGAGEMENTS, SEED_WORKER_...
     |    ^^^^^^^^^^^^^^^^^^^^^^^^^^^^^^^^^^^^^^^^^^^^^^^^^^^^^^^^^^^^^^^^^^^^^^^^^^^^^^^^^^^^^^^^^^
  13 | ...
  14 | ...
  15 | ...

The export SEED_COMMUNITY_POSTS was not found in module [project]/src/lib/seed.ts [app-ssr] (ecmascript).
Did you mean to import SEED_UNITS?
All exports of the module are statically known (It doesn't have dynamic exports). So it's known statically that the requested export doesn't exist.

Import traces:
  Client Component Browser:
    ./src/lib/store.ts [Client Component Browser]
    ./src/app/page.tsx [Client Component Browser]
    ./src/app/page.tsx [Server Component]

  Client Component SSR:
    ./src/lib/store.ts [Client Component SSR]
    ./src/app/page.tsx [Client Component SSR]
    ./src/app/page.tsx [Server Component] @ http://localhost:3003/_next/static/chunks/node_modules_next_dist_0u_w_5s._.js:1945
[    1734ms] [ERROR] ./src/lib/store.ts:12:1
Export SEED_COMMUNITY_POSTS doesn't exist in target module
  10 | ...
  11 | ...
> 12 | ...SECTIONS, SEED_SCHEDULE_EVENTS, SEED_CHAT_MESSAGES, SEED_WORK_ENGAGEMENTS, SEED_WORKER_...
     |    ^^^^^^^^^^^^^^^^^^^^^^^^^^^^^^^^^^^^^^^^^^^^^^^^^^^^^^^^^^^^^^^^^^^^^^^^^^^^^^^^^^^^^^^^^^
  13 | ...
  14 | ...
  15 | ...

The export SEED_COMMUNITY_POSTS was not found in module [project]/src/lib/seed.ts [app-client] (ecmascript).
Did you mean to import SEED_UNITS?
All exports of the module are statically known (It doesn't have dynamic exports). So it's known statically that the requested export doesn't exist.

Import traces:
  Client Component Browser:
    ./src/lib/store.ts [Client Component Browser]
    ./src/app/page.tsx [Client Component Browser]
    ./src/app/page.tsx [Server Component]

  Client Component SSR:
    ./src/lib/store.ts [Client Component SSR]
    ./src/app/page.tsx [Client Component SSR]
    ./src/app/page.tsx [Server Component] @ http://localhost:3003/_next/static/chunks/node_modules_next_dist_0u_w_5s._.js:1945
[    1734ms] [ERROR] ./src/lib/store.ts:12:1
Export SEED_COMMUNITY_POSTS doesn't exist in target module
  10 | ...
  11 | ...
> 12 | ...SECTIONS, SEED_SCHEDULE_EVENTS, SEED_CHAT_MESSAGES, SEED_WORK_ENGAGEMENTS, SEED_WORKER_...
     |    ^^^^^^^^^^^^^^^^^^^^^^^^^^^^^^^^^^^^^^^^^^^^^^^^^^^^^^^^^^^^^^^^^^^^^^^^^^^^^^^^^^^^^^^^^^
  13 | ...
  14 | ...
  15 | ...

The export SEED_COMMUNITY_POSTS was not found in module [project]/src/lib/seed.ts [app-ssr] (ecmascript).
Did you mean to import SEED_UNITS?
All exports of the module are statically known (It doesn't have dynamic exports). So it's known statically that the requested export doesn't exist.

Import traces:
  Client Component Browser:
    ./src/lib/store.ts [Client Component Browser]
    ./src/app/page.tsx [Client Component Browser]
    ./src/app/page.tsx [Server Component]

  Client Component SSR:
    ./src/lib/store.ts [Client Component SSR]
    ./src/app/page.tsx [Client Component SSR]
    ./src/app/page.tsx [Server Component] @ http://localhost:3003/_next/static/chunks/node_modules_next_dist_0u_w_5s._.js:1945
[    1786ms] [ERROR] ./src/lib/store.ts:12:1
Export SEED_COMMUNITY_POSTS doesn't exist in target module
  10 | ...
  11 | ...
> 12 | ...SECTIONS, SEED_SCHEDULE_EVENTS, SEED_CHAT_MESSAGES, SEED_WORK_ENGAGEMENTS, SEED_WORKER_...
     |    ^^^^^^^^^^^^^^^^^^^^^^^^^^^^^^^^^^^^^^^^^^^^^^^^^^^^^^^^^^^^^^^^^^^^^^^^^^^^^^^^^^^^^^^^^^
  13 | ...
  14 | ...
  15 | ...

The export SEED_COMMUNITY_POSTS was not found in module [project]/src/lib/seed.ts [app-client] (ecmascript).
Did you mean to import SEED_UNITS?
All exports of the module are statically known (It doesn't have dynamic exports). So it's known statically that the requested export doesn't exist.

Import traces:
  Client Component Browser:
    ./src/lib/store.ts [Client Component Browser]
    ./src/app/page.tsx [Client Component Browser]
    ./src/app/page.tsx [Server Component]

  Client Component SSR:
    ./src/lib/store.ts [Client Component SSR]
    ./src/app/page.tsx [Client Component SSR]
    ./src/app/page.tsx [Server Component] @ http://localhost:3003/_next/static/chunks/node_modules_next_dist_0u_w_5s._.js:1945
[    1787ms] [ERROR] ./src/lib/store.ts:12:1
Export SEED_COMMUNITY_POSTS doesn't exist in target module
  10 | ...
  11 | ...
> 12 | ...SECTIONS, SEED_SCHEDULE_EVENTS, SEED_CHAT_MESSAGES, SEED_WORK_ENGAGEMENTS, SEED_WORKER_...
     |    ^^^^^^^^^^^^^^^^^^^^^^^^^^^^^^^^^^^^^^^^^^^^^^^^^^^^^^^^^^^^^^^^^^^^^^^^^^^^^^^^^^^^^^^^^^
  13 | ...
  14 | ...
  15 | ...

The export SEED_COMMUNITY_POSTS was not found in module [project]/src/lib/seed.ts [app-ssr] (ecmascript).
Did you mean to import SEED_UNITS?
All exports of the module are statically known (It doesn't have dynamic exports). So it's known statically that the requested export doesn't exist.

Import traces:
  Client Component Browser:
    ./src/lib/store.ts [Client Component Browser]
    ./src/app/page.tsx [Client Component Browser]
    ./src/app/page.tsx [Server Component]

  Client Component SSR:
    ./src/lib/store.ts [Client Component SSR]
    ./src/app/page.tsx [Client Component SSR]
    ./src/app/page.tsx [Server Component] @ http://localhost:3003/_next/static/chunks/node_modules_next_dist_0u_w_5s._.js:1945
[    1840ms] [ERROR] ./src/lib/store.ts:12:1
Export SEED_COMMUNITY_POSTS doesn't exist in target module
  10 | ...
  11 | ...
> 12 | ...SECTIONS, SEED_SCHEDULE_EVENTS, SEED_CHAT_MESSAGES, SEED_WORK_ENGAGEMENTS, SEED_WORKER_...
     |    ^^^^^^^^^^^^^^^^^^^^^^^^^^^^^^^^^^^^^^^^^^^^^^^^^^^^^^^^^^^^^^^^^^^^^^^^^^^^^^^^^^^^^^^^^^
  13 | ...
  14 | ...
  15 | ...

The export SEED_COMMUNITY_POSTS was not found in module [project]/src/lib/seed.ts [app-client] (ecmascript).
Did you mean to import SEED_UNITS?
All exports of the module are statically known (It doesn't have dynamic exports). So it's known statically that the requested export doesn't exist.

Import traces:
  Client Component Browser:
    ./src/lib/store.ts [Client Component Browser]
    ./src/app/page.tsx [Client Component Browser]
    ./src/app/page.tsx [Server Component]

  Client Component SSR:
    ./src/lib/store.ts [Client Component SSR]
    ./src/app/page.tsx [Client Component SSR]
    ./src/app/page.tsx [Server Component] @ http://localhost:3003/_next/static/chunks/node_modules_next_dist_0u_w_5s._.js:1945
[    1840ms] [ERROR] ./src/lib/store.ts:12:1
Export SEED_COMMUNITY_POSTS doesn't exist in target module
  10 | ...
  11 | ...
> 12 | ...SECTIONS, SEED_SCHEDULE_EVENTS, SEED_CHAT_MESSAGES, SEED_WORK_ENGAGEMENTS, SEED_WORKER_...
     |    ^^^^^^^^^^^^^^^^^^^^^^^^^^^^^^^^^^^^^^^^^^^^^^^^^^^^^^^^^^^^^^^^^^^^^^^^^^^^^^^^^^^^^^^^^^
  13 | ...
  14 | ...
  15 | ...

The export SEED_COMMUNITY_POSTS was not found in module [project]/src/lib/seed.ts [app-ssr] (ecmascript).
Did you mean to import SEED_UNITS?
All exports of the module are statically known (It doesn't have dynamic exports). So it's known statically that the requested export doesn't exist.

Import traces:
  Client Component Browser:
    ./src/lib/store.ts [Client Component Browser]
    ./src/app/page.tsx [Client Component Browser]
    ./src/app/page.tsx [Server Component]

  Client Component SSR:
    ./src/lib/store.ts [Client Component SSR]
    ./src/app/page.tsx [Client Component SSR]
    ./src/app/page.tsx [Server Component] @ http://localhost:3003/_next/static/chunks/node_modules_next_dist_0u_w_5s._.js:1945
[    1894ms] [ERROR] ./src/lib/store.ts:12:1
Export SEED_COMMUNITY_POSTS doesn't exist in target module
  10 | ...
  11 | ...
> 12 | ...SECTIONS, SEED_SCHEDULE_EVENTS, SEED_CHAT_MESSAGES, SEED_WORK_ENGAGEMENTS, SEED_WORKER_...
     |    ^^^^^^^^^^^^^^^^^^^^^^^^^^^^^^^^^^^^^^^^^^^^^^^^^^^^^^^^^^^^^^^^^^^^^^^^^^^^^^^^^^^^^^^^^^
  13 | ...
  14 | ...
  15 | ...

The export SEED_COMMUNITY_POSTS was not found in module [project]/src/lib/seed.ts [app-client] (ecmascript).
Did you mean to import SEED_UNITS?
All exports of the module are statically known (It doesn't have dynamic exports). So it's known statically that the requested export doesn't exist.

Import traces:
  Client Component Browser:
    ./src/lib/store.ts [Client Component Browser]
    ./src/app/page.tsx [Client Component Browser]
    ./src/app/page.tsx [Server Component]

  Client Component SSR:
    ./src/lib/store.ts [Client Component SSR]
    ./src/app/page.tsx [Client Component SSR]
    ./src/app/page.tsx [Server Component] @ http://localhost:3003/_next/static/chunks/node_modules_next_dist_0u_w_5s._.js:1945
[    1894ms] [ERROR] ./src/lib/store.ts:12:1
Export SEED_COMMUNITY_POSTS doesn't exist in target module
  10 | ...
  11 | ...
> 12 | ...SECTIONS, SEED_SCHEDULE_EVENTS, SEED_CHAT_MESSAGES, SEED_WORK_ENGAGEMENTS, SEED_WORKER_...
     |    ^^^^^^^^^^^^^^^^^^^^^^^^^^^^^^^^^^^^^^^^^^^^^^^^^^^^^^^^^^^^^^^^^^^^^^^^^^^^^^^^^^^^^^^^^^
  13 | ...
  14 | ...
  15 | ...

The export SEED_COMMUNITY_POSTS was not found in module [project]/src/lib/seed.ts [app-ssr] (ecmascript).
Did you mean to import SEED_UNITS?
All exports of the module are statically known (It doesn't have dynamic exports). So it's known statically that the requested export doesn't exist.

Import traces:
  Client Component Browser:
    ./src/lib/store.ts [Client Component Browser]
    ./src/app/page.tsx [Client Component Browser]
    ./src/app/page.tsx [Server Component]

  Client Component SSR:
    ./src/lib/store.ts [Client Component SSR]
    ./src/app/page.tsx [Client Component SSR]
    ./src/app/page.tsx [Server Component] @ http://localhost:3003/_next/static/chunks/node_modules_next_dist_0u_w_5s._.js:1945
[    1946ms] [ERROR] ./src/lib/store.ts:12:1
Export SEED_COMMUNITY_POSTS doesn't exist in target module
  10 | ...
  11 | ...
> 12 | ...SECTIONS, SEED_SCHEDULE_EVENTS, SEED_CHAT_MESSAGES, SEED_WORK_ENGAGEMENTS, SEED_WORKER_...
     |    ^^^^^^^^^^^^^^^^^^^^^^^^^^^^^^^^^^^^^^^^^^^^^^^^^^^^^^^^^^^^^^^^^^^^^^^^^^^^^^^^^^^^^^^^^^
  13 | ...
  14 | ...
  15 | ...

The export SEED_COMMUNITY_POSTS was not found in module [project]/src/lib/seed.ts [app-client] (ecmascript).
Did you mean to import SEED_UNITS?
All exports of the module are statically known (It doesn't have dynamic exports). So it's known statically that the requested export doesn't exist.

Import traces:
  Client Component Browser:
    ./src/lib/store.ts [Client Component Browser]
    ./src/app/page.tsx [Client Component Browser]
    ./src/app/page.tsx [Server Component]

  Client Component SSR:
    ./src/lib/store.ts [Client Component SSR]
    ./src/app/page.tsx [Client Component SSR]
    ./src/app/page.tsx [Server Component] @ http://localhost:3003/_next/static/chunks/node_modules_next_dist_0u_w_5s._.js:1945
[    1947ms] [ERROR] ./src/lib/store.ts:12:1
Export SEED_COMMUNITY_POSTS doesn't exist in target module
  10 | ...
  11 | ...
> 12 | ...SECTIONS, SEED_SCHEDULE_EVENTS, SEED_CHAT_MESSAGES, SEED_WORK_ENGAGEMENTS, SEED_WORKER_...
     |    ^^^^^^^^^^^^^^^^^^^^^^^^^^^^^^^^^^^^^^^^^^^^^^^^^^^^^^^^^^^^^^^^^^^^^^^^^^^^^^^^^^^^^^^^^^
  13 | ...
  14 | ...
  15 | ...

The export SEED_COMMUNITY_POSTS was not found in module [project]/src/lib/seed.ts [app-ssr] (ecmascript).
Did you mean to import SEED_UNITS?
All exports of the module are statically known (It doesn't have dynamic exports). So it's known statically that the requested export doesn't exist.

Import traces:
  Client Component Browser:
    ./src/lib/store.ts [Client Component Browser]
    ./src/app/page.tsx [Client Component Browser]
    ./src/app/page.tsx [Server Component]

  Client Component SSR:
    ./src/lib/store.ts [Client Component SSR]
    ./src/app/page.tsx [Client Component SSR]
    ./src/app/page.tsx [Server Component] @ http://localhost:3003/_next/static/chunks/node_modules_next_dist_0u_w_5s._.js:1945
[    1997ms] [ERROR] ./src/lib/store.ts:12:1
Export SEED_COMMUNITY_POSTS doesn't exist in target module
  10 | ...
  11 | ...
> 12 | ...SECTIONS, SEED_SCHEDULE_EVENTS, SEED_CHAT_MESSAGES, SEED_WORK_ENGAGEMENTS, SEED_WORKER_...
     |    ^^^^^^^^^^^^^^^^^^^^^^^^^^^^^^^^^^^^^^^^^^^^^^^^^^^^^^^^^^^^^^^^^^^^^^^^^^^^^^^^^^^^^^^^^^
  13 | ...
  14 | ...
  15 | ...

The export SEED_COMMUNITY_POSTS was not found in module [project]/src/lib/seed.ts [app-client] (ecmascript).
Did you mean to import SEED_UNITS?
All exports of the module are statically known (It doesn't have dynamic exports). So it's known statically that the requested export doesn't exist.

Import traces:
  Client Component Browser:
    ./src/lib/store.ts [Client Component Browser]
    ./src/app/page.tsx [Client Component Browser]
    ./src/app/page.tsx [Server Component]

  Client Component SSR:
    ./src/lib/store.ts [Client Component SSR]
    ./src/app/page.tsx [Client Component SSR]
    ./src/app/page.tsx [Server Component] @ http://localhost:3003/_next/static/chunks/node_modules_next_dist_0u_w_5s._.js:1945
[    1997ms] [ERROR] ./src/lib/store.ts:12:1
Export SEED_COMMUNITY_POSTS doesn't exist in target module
  10 | ...
  11 | ...
> 12 | ...SECTIONS, SEED_SCHEDULE_EVENTS, SEED_CHAT_MESSAGES, SEED_WORK_ENGAGEMENTS, SEED_WORKER_...
     |    ^^^^^^^^^^^^^^^^^^^^^^^^^^^^^^^^^^^^^^^^^^^^^^^^^^^^^^^^^^^^^^^^^^^^^^^^^^^^^^^^^^^^^^^^^^
  13 | ...
  14 | ...
  15 | ...

The export SEED_COMMUNITY_POSTS was not found in module [project]/src/lib/seed.ts [app-ssr] (ecmascript).
Did you mean to import SEED_UNITS?
All exports of the module are statically known (It doesn't have dynamic exports). So it's known statically that the requested export doesn't exist.

Import traces:
  Client Component Browser:
    ./src/lib/store.ts [Client Component Browser]
    ./src/app/page.tsx [Client Component Browser]
    ./src/app/page.tsx [Server Component]

  Client Component SSR:
    ./src/lib/store.ts [Client Component SSR]
    ./src/app/page.tsx [Client Component SSR]
    ./src/app/page.tsx [Server Component] @ http://localhost:3003/_next/static/chunks/node_modules_next_dist_0u_w_5s._.js:1945
[    2048ms] [ERROR] ./src/lib/store.ts:12:1
Export SEED_COMMUNITY_POSTS doesn't exist in target module
  10 | ...
  11 | ...
> 12 | ...SECTIONS, SEED_SCHEDULE_EVENTS, SEED_CHAT_MESSAGES, SEED_WORK_ENGAGEMENTS, SEED_WORKER_...
     |    ^^^^^^^^^^^^^^^^^^^^^^^^^^^^^^^^^^^^^^^^^^^^^^^^^^^^^^^^^^^^^^^^^^^^^^^^^^^^^^^^^^^^^^^^^^
  13 | ...
  14 | ...
  15 | ...

The export SEED_COMMUNITY_POSTS was not found in module [project]/src/lib/seed.ts [app-client] (ecmascript).
Did you mean to import SEED_UNITS?
All exports of the module are statically known (It doesn't have dynamic exports). So it's known statically that the requested export doesn't exist.

Import traces:
  Client Component Browser:
    ./src/lib/store.ts [Client Component Browser]
    ./src/app/page.tsx [Client Component Browser]
    ./src/app/page.tsx [Server Component]

  Client Component SSR:
    ./src/lib/store.ts [Client Component SSR]
    ./src/app/page.tsx [Client Component SSR]
    ./src/app/page.tsx [Server Component] @ http://localhost:3003/_next/static/chunks/node_modules_next_dist_0u_w_5s._.js:1945
[    2048ms] [ERROR] ./src/lib/store.ts:12:1
Export SEED_COMMUNITY_POSTS doesn't exist in target module
  10 | ...
  11 | ...
> 12 | ...SECTIONS, SEED_SCHEDULE_EVENTS, SEED_CHAT_MESSAGES, SEED_WORK_ENGAGEMENTS, SEED_WORKER_...
     |    ^^^^^^^^^^^^^^^^^^^^^^^^^^^^^^^^^^^^^^^^^^^^^^^^^^^^^^^^^^^^^^^^^^^^^^^^^^^^^^^^^^^^^^^^^^
  13 | ...
  14 | ...
  15 | ...

The export SEED_COMMUNITY_POSTS was not found in module [project]/src/lib/seed.ts [app-ssr] (ecmascript).
Did you mean to import SEED_UNITS?
All exports of the module are statically known (It doesn't have dynamic exports). So it's known statically that the requested export doesn't exist.

Import traces:
  Client Component Browser:
    ./src/lib/store.ts [Client Component Browser]
    ./src/app/page.tsx [Client Component Browser]
    ./src/app/page.tsx [Server Component]

  Client Component SSR:
    ./src/lib/store.ts [Client Component SSR]
    ./src/app/page.tsx [Client Component SSR]
    ./src/app/page.tsx [Server Component] @ http://localhost:3003/_next/static/chunks/node_modules_next_dist_0u_w_5s._.js:1945
[    2098ms] [ERROR] ./src/lib/store.ts:12:1
Export SEED_COMMUNITY_POSTS doesn't exist in target module
  10 | ...
  11 | ...
> 12 | ...SECTIONS, SEED_SCHEDULE_EVENTS, SEED_CHAT_MESSAGES, SEED_WORK_ENGAGEMENTS, SEED_WORKER_...
     |    ^^^^^^^^^^^^^^^^^^^^^^^^^^^^^^^^^^^^^^^^^^^^^^^^^^^^^^^^^^^^^^^^^^^^^^^^^^^^^^^^^^^^^^^^^^
  13 | ...
  14 | ...
  15 | ...

The export SEED_COMMUNITY_POSTS was not found in module [project]/src/lib/seed.ts [app-client] (ecmascript).
Did you mean to import SEED_UNITS?
All exports of the module are statically known (It doesn't have dynamic exports). So it's known statically that the requested export doesn't exist.

Import traces:
  Client Component Browser:
    ./src/lib/store.ts [Client Component Browser]
    ./src/app/page.tsx [Client Component Browser]
    ./src/app/page.tsx [Server Component]

  Client Component SSR:
    ./src/lib/store.ts [Client Component SSR]
    ./src/app/page.tsx [Client Component SSR]
    ./src/app/page.tsx [Server Component] @ http://localhost:3003/_next/static/chunks/node_modules_next_dist_0u_w_5s._.js:1945
[    2098ms] [ERROR] ./src/lib/store.ts:12:1
Export SEED_COMMUNITY_POSTS doesn't exist in target module
  10 | ...
  11 | ...
> 12 | ...SECTIONS, SEED_SCHEDULE_EVENTS, SEED_CHAT_MESSAGES, SEED_WORK_ENGAGEMENTS, SEED_WORKER_...
     |    ^^^^^^^^^^^^^^^^^^^^^^^^^^^^^^^^^^^^^^^^^^^^^^^^^^^^^^^^^^^^^^^^^^^^^^^^^^^^^^^^^^^^^^^^^^
  13 | ...
  14 | ...
  15 | ...

The export SEED_COMMUNITY_POSTS was not found in module [project]/src/lib/seed.ts [app-ssr] (ecmascript).
Did you mean to import SEED_UNITS?
All exports of the module are statically known (It doesn't have dynamic exports). So it's known statically that the requested export doesn't exist.

Import traces:
  Client Component Browser:
    ./src/lib/store.ts [Client Component Browser]
    ./src/app/page.tsx [Client Component Browser]
    ./src/app/page.tsx [Server Component]

  Client Component SSR:
    ./src/lib/store.ts [Client Component SSR]
    ./src/app/page.tsx [Client Component SSR]
    ./src/app/page.tsx [Server Component] @ http://localhost:3003/_next/static/chunks/node_modules_next_dist_0u_w_5s._.js:1945
[    2151ms] [ERROR] ./src/lib/store.ts:12:1
Export SEED_COMMUNITY_POSTS doesn't exist in target module
  10 | ...
  11 | ...
> 12 | ...SECTIONS, SEED_SCHEDULE_EVENTS, SEED_CHAT_MESSAGES, SEED_WORK_ENGAGEMENTS, SEED_WORKER_...
     |    ^^^^^^^^^^^^^^^^^^^^^^^^^^^^^^^^^^^^^^^^^^^^^^^^^^^^^^^^^^^^^^^^^^^^^^^^^^^^^^^^^^^^^^^^^^
  13 | ...
  14 | ...
  15 | ...

The export SEED_COMMUNITY_POSTS was not found in module [project]/src/lib/seed.ts [app-client] (ecmascript).
Did you mean to import SEED_UNITS?
All exports of the module are statically known (It doesn't have dynamic exports). So it's known statically that the requested export doesn't exist.

Import traces:
  Client Component Browser:
    ./src/lib/store.ts [Client Component Browser]
    ./src/app/page.tsx [Client Component Browser]
    ./src/app/page.tsx [Server Component]

  Client Component SSR:
    ./src/lib/store.ts [Client Component SSR]
    ./src/app/page.tsx [Client Component SSR]
    ./src/app/page.tsx [Server Component] @ http://localhost:3003/_next/static/chunks/node_modules_next_dist_0u_w_5s._.js:1945
[    2151ms] [ERROR] ./src/lib/store.ts:12:1
Export SEED_COMMUNITY_POSTS doesn't exist in target module
  10 | ...
  11 | ...
> 12 | ...SECTIONS, SEED_SCHEDULE_EVENTS, SEED_CHAT_MESSAGES, SEED_WORK_ENGAGEMENTS, SEED_WORKER_...
     |    ^^^^^^^^^^^^^^^^^^^^^^^^^^^^^^^^^^^^^^^^^^^^^^^^^^^^^^^^^^^^^^^^^^^^^^^^^^^^^^^^^^^^^^^^^^
  13 | ...
  14 | ...
  15 | ...

The export SEED_COMMUNITY_POSTS was not found in module [project]/src/lib/seed.ts [app-ssr] (ecmascript).
Did you mean to import SEED_UNITS?
All exports of the module are statically known (It doesn't have dynamic exports). So it's known statically that the requested export doesn't exist.

Import traces:
  Client Component Browser:
    ./src/lib/store.ts [Client Component Browser]
    ./src/app/page.tsx [Client Component Browser]
    ./src/app/page.tsx [Server Component]

  Client Component SSR:
    ./src/lib/store.ts [Client Component SSR]
    ./src/app/page.tsx [Client Component SSR]
    ./src/app/page.tsx [Server Component] @ http://localhost:3003/_next/static/chunks/node_modules_next_dist_0u_w_5s._.js:1945
[    2206ms] [ERROR] ./src/lib/store.ts:12:1
Export SEED_COMMUNITY_POSTS doesn't exist in target module
  10 | ...
  11 | ...
> 12 | ...SECTIONS, SEED_SCHEDULE_EVENTS, SEED_CHAT_MESSAGES, SEED_WORK_ENGAGEMENTS, SEED_WORKER_...
     |    ^^^^^^^^^^^^^^^^^^^^^^^^^^^^^^^^^^^^^^^^^^^^^^^^^^^^^^^^^^^^^^^^^^^^^^^^^^^^^^^^^^^^^^^^^^
  13 | ...
  14 | ...
  15 | ...

The export SEED_COMMUNITY_POSTS was not found in module [project]/src/lib/seed.ts [app-client] (ecmascript).
Did you mean to import SEED_UNITS?
All exports of the module are statically known (It doesn't have dynamic exports). So it's known statically that the requested export doesn't exist.

Import traces:
  Client Component Browser:
    ./src/lib/store.ts [Client Component Browser]
    ./src/app/page.tsx [Client Component Browser]
    ./src/app/page.tsx [Server Component]

  Client Component SSR:
    ./src/lib/store.ts [Client Component SSR]
    ./src/app/page.tsx [Client Component SSR]
    ./src/app/page.tsx [Server Component] @ http://localhost:3003/_next/static/chunks/node_modules_next_dist_0u_w_5s._.js:1945
[    2206ms] [ERROR] ./src/lib/store.ts:12:1
Export SEED_COMMUNITY_POSTS doesn't exist in target module
  10 | ...
  11 | ...
> 12 | ...SECTIONS, SEED_SCHEDULE_EVENTS, SEED_CHAT_MESSAGES, SEED_WORK_ENGAGEMENTS, SEED_WORKER_...
     |    ^^^^^^^^^^^^^^^^^^^^^^^^^^^^^^^^^^^^^^^^^^^^^^^^^^^^^^^^^^^^^^^^^^^^^^^^^^^^^^^^^^^^^^^^^^
  13 | ...
  14 | ...
  15 | ...

The export SEED_COMMUNITY_POSTS was not found in module [project]/src/lib/seed.ts [app-ssr] (ecmascript).
Did you mean to import SEED_UNITS?
All exports of the module are statically known (It doesn't have dynamic exports). So it's known statically that the requested export doesn't exist.

Import traces:
  Client Component Browser:
    ./src/lib/store.ts [Client Component Browser]
    ./src/app/page.tsx [Client Component Browser]
    ./src/app/page.tsx [Server Component]

  Client Component SSR:
    ./src/lib/store.ts [Client Component SSR]
    ./src/app/page.tsx [Client Component SSR]
    ./src/app/page.tsx [Server Component] @ http://localhost:3003/_next/static/chunks/node_modules_next_dist_0u_w_5s._.js:1945
[    2263ms] [ERROR] ./src/lib/store.ts:12:1
Export SEED_COMMUNITY_POSTS doesn't exist in target module
  10 | ...
  11 | ...
> 12 | ...SECTIONS, SEED_SCHEDULE_EVENTS, SEED_CHAT_MESSAGES, SEED_WORK_ENGAGEMENTS, SEED_WORKER_...
     |    ^^^^^^^^^^^^^^^^^^^^^^^^^^^^^^^^^^^^^^^^^^^^^^^^^^^^^^^^^^^^^^^^^^^^^^^^^^^^^^^^^^^^^^^^^^
  13 | ...
  14 | ...
  15 | ...

The export SEED_COMMUNITY_POSTS was not found in module [project]/src/lib/seed.ts [app-client] (ecmascript).
Did you mean to import SEED_UNITS?
All exports of the module are statically known (It doesn't have dynamic exports). So it's known statically that the requested export doesn't exist.

Import traces:
  Client Component Browser:
    ./src/lib/store.ts [Client Component Browser]
    ./src/app/page.tsx [Client Component Browser]
    ./src/app/page.tsx [Server Component]

  Client Component SSR:
    ./src/lib/store.ts [Client Component SSR]
    ./src/app/page.tsx [Client Component SSR]
    ./src/app/page.tsx [Server Component] @ http://localhost:3003/_next/static/chunks/node_modules_next_dist_0u_w_5s._.js:1945
[    2263ms] [ERROR] ./src/lib/store.ts:12:1
Export SEED_COMMUNITY_POSTS doesn't exist in target module
  10 | ...
  11 | ...
> 12 | ...SECTIONS, SEED_SCHEDULE_EVENTS, SEED_CHAT_MESSAGES, SEED_WORK_ENGAGEMENTS, SEED_WORKER_...
     |    ^^^^^^^^^^^^^^^^^^^^^^^^^^^^^^^^^^^^^^^^^^^^^^^^^^^^^^^^^^^^^^^^^^^^^^^^^^^^^^^^^^^^^^^^^^
  13 | ...
  14 | ...
  15 | ...

The export SEED_COMMUNITY_POSTS was not found in module [project]/src/lib/seed.ts [app-ssr] (ecmascript).
Did you mean to import SEED_UNITS?
All exports of the module are statically known (It doesn't have dynamic exports). So it's known statically that the requested export doesn't exist.

Import traces:
  Client Component Browser:
    ./src/lib/store.ts [Client Component Browser]
    ./src/app/page.tsx [Client Component Browser]
    ./src/app/page.tsx [Server Component]

  Client Component SSR:
    ./src/lib/store.ts [Client Component SSR]
    ./src/app/page.tsx [Client Component SSR]
    ./src/app/page.tsx [Server Component] @ http://localhost:3003/_next/static/chunks/node_modules_next_dist_0u_w_5s._.js:1945
[    2311ms] [ERROR] ./src/lib/store.ts:12:1
Export SEED_COMMUNITY_POSTS doesn't exist in target module
  10 | ...
  11 | ...
> 12 | ...SECTIONS, SEED_SCHEDULE_EVENTS, SEED_CHAT_MESSAGES, SEED_WORK_ENGAGEMENTS, SEED_WORKER_...
     |    ^^^^^^^^^^^^^^^^^^^^^^^^^^^^^^^^^^^^^^^^^^^^^^^^^^^^^^^^^^^^^^^^^^^^^^^^^^^^^^^^^^^^^^^^^^
  13 | ...
  14 | ...
  15 | ...

The export SEED_COMMUNITY_POSTS was not found in module [project]/src/lib/seed.ts [app-client] (ecmascript).
Did you mean to import SEED_UNITS?
All exports of the module are statically known (It doesn't have dynamic exports). So it's known statically that the requested export doesn't exist.

Import traces:
  Client Component Browser:
    ./src/lib/store.ts [Client Component Browser]
    ./src/app/page.tsx [Client Component Browser]
    ./src/app/page.tsx [Server Component]

  Client Component SSR:
    ./src/lib/store.ts [Client Component SSR]
    ./src/app/page.tsx [Client Component SSR]
    ./src/app/page.tsx [Server Component] @ http://localhost:3003/_next/static/chunks/node_modules_next_dist_0u_w_5s._.js:1945
[    2311ms] [ERROR] ./src/lib/store.ts:12:1
Export SEED_COMMUNITY_POSTS doesn't exist in target module
  10 | ...
  11 | ...
> 12 | ...SECTIONS, SEED_SCHEDULE_EVENTS, SEED_CHAT_MESSAGES, SEED_WORK_ENGAGEMENTS, SEED_WORKER_...
     |    ^^^^^^^^^^^^^^^^^^^^^^^^^^^^^^^^^^^^^^^^^^^^^^^^^^^^^^^^^^^^^^^^^^^^^^^^^^^^^^^^^^^^^^^^^^
  13 | ...
  14 | ...
  15 | ...

The export SEED_COMMUNITY_POSTS was not found in module [project]/src/lib/seed.ts [app-ssr] (ecmascript).
Did you mean to import SEED_UNITS?
All exports of the module are statically known (It doesn't have dynamic exports). So it's known statically that the requested export doesn't exist.

Import traces:
  Client Component Browser:
    ./src/lib/store.ts [Client Component Browser]
    ./src/app/page.tsx [Client Component Browser]
    ./src/app/page.tsx [Server Component]

  Client Component SSR:
    ./src/lib/store.ts [Client Component SSR]
    ./src/app/page.tsx [Client Component SSR]
    ./src/app/page.tsx [Server Component] @ http://localhost:3003/_next/static/chunks/node_modules_next_dist_0u_w_5s._.js:1945
[    2361ms] [ERROR] ./src/lib/store.ts:12:1
Export SEED_COMMUNITY_POSTS doesn't exist in target module
  10 | ...
  11 | ...
> 12 | ...SECTIONS, SEED_SCHEDULE_EVENTS, SEED_CHAT_MESSAGES, SEED_WORK_ENGAGEMENTS, SEED_WORKER_...
     |    ^^^^^^^^^^^^^^^^^^^^^^^^^^^^^^^^^^^^^^^^^^^^^^^^^^^^^^^^^^^^^^^^^^^^^^^^^^^^^^^^^^^^^^^^^^
  13 | ...
  14 | ...
  15 | ...

The export SEED_COMMUNITY_POSTS was not found in module [project]/src/lib/seed.ts [app-client] (ecmascript).
Did you mean to import SEED_UNITS?
All exports of the module are statically known (It doesn't have dynamic exports). So it's known statically that the requested export doesn't exist.

Import traces:
  Client Component Browser:
    ./src/lib/store.ts [Client Component Browser]
    ./src/app/page.tsx [Client Component Browser]
    ./src/app/page.tsx [Server Component]

  Client Component SSR:
    ./src/lib/store.ts [Client Component SSR]
    ./src/app/page.tsx [Client Component SSR]
    ./src/app/page.tsx [Server Component] @ http://localhost:3003/_next/static/chunks/node_modules_next_dist_0u_w_5s._.js:1945
[    2361ms] [ERROR] ./src/lib/store.ts:12:1
Export SEED_COMMUNITY_POSTS doesn't exist in target module
  10 | ...
  11 | ...
> 12 | ...SECTIONS, SEED_SCHEDULE_EVENTS, SEED_CHAT_MESSAGES, SEED_WORK_ENGAGEMENTS, SEED_WORKER_...
     |    ^^^^^^^^^^^^^^^^^^^^^^^^^^^^^^^^^^^^^^^^^^^^^^^^^^^^^^^^^^^^^^^^^^^^^^^^^^^^^^^^^^^^^^^^^^
  13 | ...
  14 | ...
  15 | ...

The export SEED_COMMUNITY_POSTS was not found in module [project]/src/lib/seed.ts [app-ssr] (ecmascript).
Did you mean to import SEED_UNITS?
All exports of the module are statically known (It doesn't have dynamic exports). So it's known statically that the requested export doesn't exist.

Import traces:
  Client Component Browser:
    ./src/lib/store.ts [Client Component Browser]
    ./src/app/page.tsx [Client Component Browser]
    ./src/app/page.tsx [Server Component]

  Client Component SSR:
    ./src/lib/store.ts [Client Component SSR]
    ./src/app/page.tsx [Client Component SSR]
    ./src/app/page.tsx [Server Component] @ http://localhost:3003/_next/static/chunks/node_modules_next_dist_0u_w_5s._.js:1945
[    2412ms] [ERROR] ./src/lib/store.ts:12:1
Export SEED_COMMUNITY_POSTS doesn't exist in target module
  10 | ...
  11 | ...
> 12 | ...SECTIONS, SEED_SCHEDULE_EVENTS, SEED_CHAT_MESSAGES, SEED_WORK_ENGAGEMENTS, SEED_WORKER_...
     |    ^^^^^^^^^^^^^^^^^^^^^^^^^^^^^^^^^^^^^^^^^^^^^^^^^^^^^^^^^^^^^^^^^^^^^^^^^^^^^^^^^^^^^^^^^^
  13 | ...
  14 | ...
  15 | ...

The export SEED_COMMUNITY_POSTS was not found in module [project]/src/lib/seed.ts [app-client] (ecmascript).
Did you mean to import SEED_UNITS?
All exports of the module are statically known (It doesn't have dynamic exports). So it's known statically that the requested export doesn't exist.

Import traces:
  Client Component Browser:
    ./src/lib/store.ts [Client Component Browser]
    ./src/app/page.tsx [Client Component Browser]
    ./src/app/page.tsx [Server Component]

  Client Component SSR:
    ./src/lib/store.ts [Client Component SSR]
    ./src/app/page.tsx [Client Component SSR]
    ./src/app/page.tsx [Server Component] @ http://localhost:3003/_next/static/chunks/node_modules_next_dist_0u_w_5s._.js:1945
[    2412ms] [ERROR] ./src/lib/store.ts:12:1
Export SEED_COMMUNITY_POSTS doesn't exist in target module
  10 | ...
  11 | ...
> 12 | ...SECTIONS, SEED_SCHEDULE_EVENTS, SEED_CHAT_MESSAGES, SEED_WORK_ENGAGEMENTS, SEED_WORKER_...
     |    ^^^^^^^^^^^^^^^^^^^^^^^^^^^^^^^^^^^^^^^^^^^^^^^^^^^^^^^^^^^^^^^^^^^^^^^^^^^^^^^^^^^^^^^^^^
  13 | ...
  14 | ...
  15 | ...

The export SEED_COMMUNITY_POSTS was not found in module [project]/src/lib/seed.ts [app-ssr] (ecmascript).
Did you mean to import SEED_UNITS?
All exports of the module are statically known (It doesn't have dynamic exports). So it's known statically that the requested export doesn't exist.

Import traces:
  Client Component Browser:
    ./src/lib/store.ts [Client Component Browser]
    ./src/app/page.tsx [Client Component Browser]
    ./src/app/page.tsx [Server Component]

  Client Component SSR:
    ./src/lib/store.ts [Client Component SSR]
    ./src/app/page.tsx [Client Component SSR]
    ./src/app/page.tsx [Server Component] @ http://localhost:3003/_next/static/chunks/node_modules_next_dist_0u_w_5s._.js:1945
[    2469ms] [ERROR] ./src/lib/store.ts:12:1
Export SEED_COMMUNITY_POSTS doesn't exist in target module
  10 | ...
  11 | ...
> 12 | ...SECTIONS, SEED_SCHEDULE_EVENTS, SEED_CHAT_MESSAGES, SEED_WORK_ENGAGEMENTS, SEED_WORKER_...
     |    ^^^^^^^^^^^^^^^^^^^^^^^^^^^^^^^^^^^^^^^^^^^^^^^^^^^^^^^^^^^^^^^^^^^^^^^^^^^^^^^^^^^^^^^^^^
  13 | ...
  14 | ...
  15 | ...

The export SEED_COMMUNITY_POSTS was not found in module [project]/src/lib/seed.ts [app-client] (ecmascript).
Did you mean to import SEED_UNITS?
All exports of the module are statically known (It doesn't have dynamic exports). So it's known statically that the requested export doesn't exist.

Import traces:
  Client Component Browser:
    ./src/lib/store.ts [Client Component Browser]
    ./src/app/page.tsx [Client Component Browser]
    ./src/app/page.tsx [Server Component]

  Client Component SSR:
    ./src/lib/store.ts [Client Component SSR]
    ./src/app/page.tsx [Client Component SSR]
    ./src/app/page.tsx [Server Component] @ http://localhost:3003/_next/static/chunks/node_modules_next_dist_0u_w_5s._.js:1945
[    2469ms] [ERROR] ./src/lib/store.ts:12:1
Export SEED_COMMUNITY_POSTS doesn't exist in target module
  10 | ...
  11 | ...
> 12 | ...SECTIONS, SEED_SCHEDULE_EVENTS, SEED_CHAT_MESSAGES, SEED_WORK_ENGAGEMENTS, SEED_WORKER_...
     |    ^^^^^^^^^^^^^^^^^^^^^^^^^^^^^^^^^^^^^^^^^^^^^^^^^^^^^^^^^^^^^^^^^^^^^^^^^^^^^^^^^^^^^^^^^^
  13 | ...
  14 | ...
  15 | ...

The export SEED_COMMUNITY_POSTS was not found in module [project]/src/lib/seed.ts [app-ssr] (ecmascript).
Did you mean to import SEED_UNITS?
All exports of the module are statically known (It doesn't have dynamic exports). So it's known statically that the requested export doesn't exist.

Import traces:
  Client Component Browser:
    ./src/lib/store.ts [Client Component Browser]
    ./src/app/page.tsx [Client Component Browser]
    ./src/app/page.tsx [Server Component]

  Client Component SSR:
    ./src/lib/store.ts [Client Component SSR]
    ./src/app/page.tsx [Client Component SSR]
    ./src/app/page.tsx [Server Component] @ http://localhost:3003/_next/static/chunks/node_modules_next_dist_0u_w_5s._.js:1945
[    2527ms] [ERROR] ./src/lib/store.ts:12:1
Export SEED_COMMUNITY_POSTS doesn't exist in target module
  10 | ...
  11 | ...
> 12 | ...SECTIONS, SEED_SCHEDULE_EVENTS, SEED_CHAT_MESSAGES, SEED_WORK_ENGAGEMENTS, SEED_WORKER_...
     |    ^^^^^^^^^^^^^^^^^^^^^^^^^^^^^^^^^^^^^^^^^^^^^^^^^^^^^^^^^^^^^^^^^^^^^^^^^^^^^^^^^^^^^^^^^^
  13 | ...
  14 | ...
  15 | ...

The export SEED_COMMUNITY_POSTS was not found in module [project]/src/lib/seed.ts [app-client] (ecmascript).
Did you mean to import SEED_UNITS?
All exports of the module are statically known (It doesn't have dynamic exports). So it's known statically that the requested export doesn't exist.

Import traces:
  Client Component Browser:
    ./src/lib/store.ts [Client Component Browser]
    ./src/app/page.tsx [Client Component Browser]
    ./src/app/page.tsx [Server Component]

  Client Component SSR:
    ./src/lib/store.ts [Client Component SSR]
    ./src/app/page.tsx [Client Component SSR]
    ./src/app/page.tsx [Server Component] @ http://localhost:3003/_next/static/chunks/node_modules_next_dist_0u_w_5s._.js:1945
[    2527ms] [ERROR] ./src/lib/store.ts:12:1
Export SEED_COMMUNITY_POSTS doesn't exist in target module
  10 | ...
  11 | ...
> 12 | ...SECTIONS, SEED_SCHEDULE_EVENTS, SEED_CHAT_MESSAGES, SEED_WORK_ENGAGEMENTS, SEED_WORKER_...
     |    ^^^^^^^^^^^^^^^^^^^^^^^^^^^^^^^^^^^^^^^^^^^^^^^^^^^^^^^^^^^^^^^^^^^^^^^^^^^^^^^^^^^^^^^^^^
  13 | ...
  14 | ...
  15 | ...

The export SEED_COMMUNITY_POSTS was not found in module [project]/src/lib/seed.ts [app-ssr] (ecmascript).
Did you mean to import SEED_UNITS?
All exports of the module are statically known (It doesn't have dynamic exports). So it's known statically that the requested export doesn't exist.

Import traces:
  Client Component Browser:
    ./src/lib/store.ts [Client Component Browser]
    ./src/app/page.tsx [Client Component Browser]
    ./src/app/page.tsx [Server Component]

  Client Component SSR:
    ./src/lib/store.ts [Client Component SSR]
    ./src/app/page.tsx [Client Component SSR]
    ./src/app/page.tsx [Server Component] @ http://localhost:3003/_next/static/chunks/node_modules_next_dist_0u_w_5s._.js:1945
[    2584ms] [ERROR] ./src/lib/store.ts:12:1
Export SEED_COMMUNITY_POSTS doesn't exist in target module
  10 | ...
  11 | ...
> 12 | ...SECTIONS, SEED_SCHEDULE_EVENTS, SEED_CHAT_MESSAGES, SEED_WORK_ENGAGEMENTS, SEED_WORKER_...
     |    ^^^^^^^^^^^^^^^^^^^^^^^^^^^^^^^^^^^^^^^^^^^^^^^^^^^^^^^^^^^^^^^^^^^^^^^^^^^^^^^^^^^^^^^^^^
  13 | ...
  14 | ...
  15 | ...

The export SEED_COMMUNITY_POSTS was not found in module [project]/src/lib/seed.ts [app-client] (ecmascript).
Did you mean to import SEED_UNITS?
All exports of the module are statically known (It doesn't have dynamic exports). So it's known statically that the requested export doesn't exist.

Import traces:
  Client Component Browser:
    ./src/lib/store.ts [Client Component Browser]
    ./src/app/page.tsx [Client Component Browser]
    ./src/app/page.tsx [Server Component]

  Client Component SSR:
    ./src/lib/store.ts [Client Component SSR]
    ./src/app/page.tsx [Client Component SSR]
    ./src/app/page.tsx [Server Component] @ http://localhost:3003/_next/static/chunks/node_modules_next_dist_0u_w_5s._.js:1945
[    2584ms] [ERROR] ./src/lib/store.ts:12:1
Export SEED_COMMUNITY_POSTS doesn't exist in target module
  10 | ...
  11 | ...
> 12 | ...SECTIONS, SEED_SCHEDULE_EVENTS, SEED_CHAT_MESSAGES, SEED_WORK_ENGAGEMENTS, SEED_WORKER_...
     |    ^^^^^^^^^^^^^^^^^^^^^^^^^^^^^^^^^^^^^^^^^^^^^^^^^^^^^^^^^^^^^^^^^^^^^^^^^^^^^^^^^^^^^^^^^^
  13 | ...
  14 | ...
  15 | ...

The export SEED_COMMUNITY_POSTS was not found in module [project]/src/lib/seed.ts [app-ssr] (ecmascript).
Did you mean to import SEED_UNITS?
All exports of the module are statically known (It doesn't have dynamic exports). So it's known statically that the requested export doesn't exist.

Import traces:
  Client Component Browser:
    ./src/lib/store.ts [Client Component Browser]
    ./src/app/page.tsx [Client Component Browser]
    ./src/app/page.tsx [Server Component]

  Client Component SSR:
    ./src/lib/store.ts [Client Component SSR]
    ./src/app/page.tsx [Client Component SSR]
    ./src/app/page.tsx [Server Component] @ http://localhost:3003/_next/static/chunks/node_modules_next_dist_0u_w_5s._.js:1945
[    2639ms] [ERROR] ./src/lib/store.ts:12:1
Export SEED_COMMUNITY_POSTS doesn't exist in target module
  10 | ...
  11 | ...
> 12 | ...SECTIONS, SEED_SCHEDULE_EVENTS, SEED_CHAT_MESSAGES, SEED_WORK_ENGAGEMENTS, SEED_WORKER_...
     |    ^^^^^^^^^^^^^^^^^^^^^^^^^^^^^^^^^^^^^^^^^^^^^^^^^^^^^^^^^^^^^^^^^^^^^^^^^^^^^^^^^^^^^^^^^^
  13 | ...
  14 | ...
  15 | ...

The export SEED_COMMUNITY_POSTS was not found in module [project]/src/lib/seed.ts [app-client] (ecmascript).
Did you mean to import SEED_UNITS?
All exports of the module are statically known (It doesn't have dynamic exports). So it's known statically that the requested export doesn't exist.

Import traces:
  Client Component Browser:
    ./src/lib/store.ts [Client Component Browser]
    ./src/app/page.tsx [Client Component Browser]
    ./src/app/page.tsx [Server Component]

  Client Component SSR:
    ./src/lib/store.ts [Client Component SSR]
    ./src/app/page.tsx [Client Component SSR]
    ./src/app/page.tsx [Server Component] @ http://localhost:3003/_next/static/chunks/node_modules_next_dist_0u_w_5s._.js:1945
[    2639ms] [ERROR] ./src/lib/store.ts:12:1
Export SEED_COMMUNITY_POSTS doesn't exist in target module
  10 | ...
  11 | ...
> 12 | ...SECTIONS, SEED_SCHEDULE_EVENTS, SEED_CHAT_MESSAGES, SEED_WORK_ENGAGEMENTS, SEED_WORKER_...
     |    ^^^^^^^^^^^^^^^^^^^^^^^^^^^^^^^^^^^^^^^^^^^^^^^^^^^^^^^^^^^^^^^^^^^^^^^^^^^^^^^^^^^^^^^^^^
  13 | ...
  14 | ...
  15 | ...

The export SEED_COMMUNITY_POSTS was not found in module [project]/src/lib/seed.ts [app-ssr] (ecmascript).
Did you mean to import SEED_UNITS?
All exports of the module are statically known (It doesn't have dynamic exports). So it's known statically that the requested export doesn't exist.

Import traces:
  Client Component Browser:
    ./src/lib/store.ts [Client Component Browser]
    ./src/app/page.tsx [Client Component Browser]
    ./src/app/page.tsx [Server Component]

  Client Component SSR:
    ./src/lib/store.ts [Client Component SSR]
    ./src/app/page.tsx [Client Component SSR]
    ./src/app/page.tsx [Server Component] @ http://localhost:3003/_next/static/chunks/node_modules_next_dist_0u_w_5s._.js:1945
[    2697ms] [ERROR] ./src/lib/store.ts:12:1
Export SEED_COMMUNITY_POSTS doesn't exist in target module
  10 | ...
  11 | ...
> 12 | ...SECTIONS, SEED_SCHEDULE_EVENTS, SEED_CHAT_MESSAGES, SEED_WORK_ENGAGEMENTS, SEED_WORKER_...
     |    ^^^^^^^^^^^^^^^^^^^^^^^^^^^^^^^^^^^^^^^^^^^^^^^^^^^^^^^^^^^^^^^^^^^^^^^^^^^^^^^^^^^^^^^^^^
  13 | ...
  14 | ...
  15 | ...

The export SEED_COMMUNITY_POSTS was not found in module [project]/src/lib/seed.ts [app-client] (ecmascript).
Did you mean to import SEED_UNITS?
All exports of the module are statically known (It doesn't have dynamic exports). So it's known statically that the requested export doesn't exist.

Import traces:
  Client Component Browser:
    ./src/lib/store.ts [Client Component Browser]
    ./src/app/page.tsx [Client Component Browser]
    ./src/app/page.tsx [Server Component]

  Client Component SSR:
    ./src/lib/store.ts [Client Component SSR]
    ./src/app/page.tsx [Client Component SSR]
    ./src/app/page.tsx [Server Component] @ http://localhost:3003/_next/static/chunks/node_modules_next_dist_0u_w_5s._.js:1945
[    2697ms] [ERROR] ./src/lib/store.ts:12:1
Export SEED_COMMUNITY_POSTS doesn't exist in target module
  10 | ...
  11 | ...
> 12 | ...SECTIONS, SEED_SCHEDULE_EVENTS, SEED_CHAT_MESSAGES, SEED_WORK_ENGAGEMENTS, SEED_WORKER_...
     |    ^^^^^^^^^^^^^^^^^^^^^^^^^^^^^^^^^^^^^^^^^^^^^^^^^^^^^^^^^^^^^^^^^^^^^^^^^^^^^^^^^^^^^^^^^^
  13 | ...
  14 | ...
  15 | ...

The export SEED_COMMUNITY_POSTS was not found in module [project]/src/lib/seed.ts [app-ssr] (ecmascript).
Did you mean to import SEED_UNITS?
All exports of the module are statically known (It doesn't have dynamic exports). So it's known statically that the requested export doesn't exist.

Import traces:
  Client Component Browser:
    ./src/lib/store.ts [Client Component Browser]
    ./src/app/page.tsx [Client Component Browser]
    ./src/app/page.tsx [Server Component]

  Client Component SSR:
    ./src/lib/store.ts [Client Component SSR]
    ./src/app/page.tsx [Client Component SSR]
    ./src/app/page.tsx [Server Component] @ http://localhost:3003/_next/static/chunks/node_modules_next_dist_0u_w_5s._.js:1945
[    2750ms] [ERROR] ./src/lib/store.ts:12:1
Export SEED_COMMUNITY_POSTS doesn't exist in target module
  10 | ...
  11 | ...
> 12 | ...SECTIONS, SEED_SCHEDULE_EVENTS, SEED_CHAT_MESSAGES, SEED_WORK_ENGAGEMENTS, SEED_WORKER_...
     |    ^^^^^^^^^^^^^^^^^^^^^^^^^^^^^^^^^^^^^^^^^^^^^^^^^^^^^^^^^^^^^^^^^^^^^^^^^^^^^^^^^^^^^^^^^^
  13 | ...
  14 | ...
  15 | ...

The export SEED_COMMUNITY_POSTS was not found in module [project]/src/lib/seed.ts [app-client] (ecmascript).
Did you mean to import SEED_UNITS?
All exports of the module are statically known (It doesn't have dynamic exports). So it's known statically that the requested export doesn't exist.

Import traces:
  Client Component Browser:
    ./src/lib/store.ts [Client Component Browser]
    ./src/app/page.tsx [Client Component Browser]
    ./src/app/page.tsx [Server Component]

  Client Component SSR:
    ./src/lib/store.ts [Client Component SSR]
    ./src/app/page.tsx [Client Component SSR]
    ./src/app/page.tsx [Server Component] @ http://localhost:3003/_next/static/chunks/node_modules_next_dist_0u_w_5s._.js:1945
[    2750ms] [ERROR] ./src/lib/store.ts:12:1
Export SEED_COMMUNITY_POSTS doesn't exist in target module
  10 | ...
  11 | ...
> 12 | ...SECTIONS, SEED_SCHEDULE_EVENTS, SEED_CHAT_MESSAGES, SEED_WORK_ENGAGEMENTS, SEED_WORKER_...
     |    ^^^^^^^^^^^^^^^^^^^^^^^^^^^^^^^^^^^^^^^^^^^^^^^^^^^^^^^^^^^^^^^^^^^^^^^^^^^^^^^^^^^^^^^^^^
  13 | ...
  14 | ...
  15 | ...

The export SEED_COMMUNITY_POSTS was not found in module [project]/src/lib/seed.ts [app-ssr] (ecmascript).
Did you mean to import SEED_UNITS?
All exports of the module are statically known (It doesn't have dynamic exports). So it's known statically that the requested export doesn't exist.

Import traces:
  Client Component Browser:
    ./src/lib/store.ts [Client Component Browser]
    ./src/app/page.tsx [Client Component Browser]
    ./src/app/page.tsx [Server Component]

  Client Component SSR:
    ./src/lib/store.ts [Client Component SSR]
    ./src/app/page.tsx [Client Component SSR]
    ./src/app/page.tsx [Server Component] @ http://localhost:3003/_next/static/chunks/node_modules_next_dist_0u_w_5s._.js:1945
[    2803ms] [ERROR] ./src/lib/store.ts:12:1
Export SEED_COMMUNITY_POSTS doesn't exist in target module
  10 | ...
  11 | ...
> 12 | ...SECTIONS, SEED_SCHEDULE_EVENTS, SEED_CHAT_MESSAGES, SEED_WORK_ENGAGEMENTS, SEED_WORKER_...
     |    ^^^^^^^^^^^^^^^^^^^^^^^^^^^^^^^^^^^^^^^^^^^^^^^^^^^^^^^^^^^^^^^^^^^^^^^^^^^^^^^^^^^^^^^^^^
  13 | ...
  14 | ...
  15 | ...

The export SEED_COMMUNITY_POSTS was not found in module [project]/src/lib/seed.ts [app-client] (ecmascript).
Did you mean to import SEED_UNITS?
All exports of the module are statically known (It doesn't have dynamic exports). So it's known statically that the requested export doesn't exist.

Import traces:
  Client Component Browser:
    ./src/lib/store.ts [Client Component Browser]
    ./src/app/page.tsx [Client Component Browser]
    ./src/app/page.tsx [Server Component]

  Client Component SSR:
    ./src/lib/store.ts [Client Component SSR]
    ./src/app/page.tsx [Client Component SSR]
    ./src/app/page.tsx [Server Component] @ http://localhost:3003/_next/static/chunks/node_modules_next_dist_0u_w_5s._.js:1945
[    2803ms] [ERROR] ./src/lib/store.ts:12:1
Export SEED_COMMUNITY_POSTS doesn't exist in target module
  10 | ...
  11 | ...
> 12 | ...SECTIONS, SEED_SCHEDULE_EVENTS, SEED_CHAT_MESSAGES, SEED_WORK_ENGAGEMENTS, SEED_WORKER_...
     |    ^^^^^^^^^^^^^^^^^^^^^^^^^^^^^^^^^^^^^^^^^^^^^^^^^^^^^^^^^^^^^^^^^^^^^^^^^^^^^^^^^^^^^^^^^^
  13 | ...
  14 | ...
  15 | ...

The export SEED_COMMUNITY_POSTS was not found in module [project]/src/lib/seed.ts [app-ssr] (ecmascript).
Did you mean to import SEED_UNITS?
All exports of the module are statically known (It doesn't have dynamic exports). So it's known statically that the requested export doesn't exist.

Import traces:
  Client Component Browser:
    ./src/lib/store.ts [Client Component Browser]
    ./src/app/page.tsx [Client Component Browser]
    ./src/app/page.tsx [Server Component]

  Client Component SSR:
    ./src/lib/store.ts [Client Component SSR]
    ./src/app/page.tsx [Client Component SSR]
    ./src/app/page.tsx [Server Component] @ http://localhost:3003/_next/static/chunks/node_modules_next_dist_0u_w_5s._.js:1945
[    2855ms] [ERROR] ./src/lib/store.ts:12:1
Export SEED_COMMUNITY_POSTS doesn't exist in target module
  10 | ...
  11 | ...
> 12 | ...SECTIONS, SEED_SCHEDULE_EVENTS, SEED_CHAT_MESSAGES, SEED_WORK_ENGAGEMENTS, SEED_WORKER_...
     |    ^^^^^^^^^^^^^^^^^^^^^^^^^^^^^^^^^^^^^^^^^^^^^^^^^^^^^^^^^^^^^^^^^^^^^^^^^^^^^^^^^^^^^^^^^^
  13 | ...
  14 | ...
  15 | ...

The export SEED_COMMUNITY_POSTS was not found in module [project]/src/lib/seed.ts [app-client] (ecmascript).
Did you mean to import SEED_UNITS?
All exports of the module are statically known (It doesn't have dynamic exports). So it's known statically that the requested export doesn't exist.

Import traces:
  Client Component Browser:
    ./src/lib/store.ts [Client Component Browser]
    ./src/app/page.tsx [Client Component Browser]
    ./src/app/page.tsx [Server Component]

  Client Component SSR:
    ./src/lib/store.ts [Client Component SSR]
    ./src/app/page.tsx [Client Component SSR]
    ./src/app/page.tsx [Server Component] @ http://localhost:3003/_next/static/chunks/node_modules_next_dist_0u_w_5s._.js:1945
[    2855ms] [ERROR] ./src/lib/store.ts:12:1
Export SEED_COMMUNITY_POSTS doesn't exist in target module
  10 | ...
  11 | ...
> 12 | ...SECTIONS, SEED_SCHEDULE_EVENTS, SEED_CHAT_MESSAGES, SEED_WORK_ENGAGEMENTS, SEED_WORKER_...
     |    ^^^^^^^^^^^^^^^^^^^^^^^^^^^^^^^^^^^^^^^^^^^^^^^^^^^^^^^^^^^^^^^^^^^^^^^^^^^^^^^^^^^^^^^^^^
  13 | ...
  14 | ...
  15 | ...

The export SEED_COMMUNITY_POSTS was not found in module [project]/src/lib/seed.ts [app-ssr] (ecmascript).
Did you mean to import SEED_UNITS?
All exports of the module are statically known (It doesn't have dynamic exports). So it's known statically that the requested export doesn't exist.

Import traces:
  Client Component Browser:
    ./src/lib/store.ts [Client Component Browser]
    ./src/app/page.tsx [Client Component Browser]
    ./src/app/page.tsx [Server Component]

  Client Component SSR:
    ./src/lib/store.ts [Client Component SSR]
    ./src/app/page.tsx [Client Component SSR]
    ./src/app/page.tsx [Server Component] @ http://localhost:3003/_next/static/chunks/node_modules_next_dist_0u_w_5s._.js:1945
[    2907ms] [ERROR] ./src/lib/store.ts:12:1
Export SEED_COMMUNITY_POSTS doesn't exist in target module
  10 | ...
  11 | ...
> 12 | ...SECTIONS, SEED_SCHEDULE_EVENTS, SEED_CHAT_MESSAGES, SEED_WORK_ENGAGEMENTS, SEED_WORKER_...
     |    ^^^^^^^^^^^^^^^^^^^^^^^^^^^^^^^^^^^^^^^^^^^^^^^^^^^^^^^^^^^^^^^^^^^^^^^^^^^^^^^^^^^^^^^^^^
  13 | ...
  14 | ...
  15 | ...

The export SEED_COMMUNITY_POSTS was not found in module [project]/src/lib/seed.ts [app-client] (ecmascript).
Did you mean to import SEED_UNITS?
All exports of the module are statically known (It doesn't have dynamic exports). So it's known statically that the requested export doesn't exist.

Import traces:
  Client Component Browser:
    ./src/lib/store.ts [Client Component Browser]
    ./src/app/page.tsx [Client Component Browser]
    ./src/app/page.tsx [Server Component]

  Client Component SSR:
    ./src/lib/store.ts [Client Component SSR]
    ./src/app/page.tsx [Client Component SSR]
    ./src/app/page.tsx [Server Component] @ http://localhost:3003/_next/static/chunks/node_modules_next_dist_0u_w_5s._.js:1945
[    2907ms] [ERROR] ./src/lib/store.ts:12:1
Export SEED_COMMUNITY_POSTS doesn't exist in target module
  10 | ...
  11 | ...
> 12 | ...SECTIONS, SEED_SCHEDULE_EVENTS, SEED_CHAT_MESSAGES, SEED_WORK_ENGAGEMENTS, SEED_WORKER_...
     |    ^^^^^^^^^^^^^^^^^^^^^^^^^^^^^^^^^^^^^^^^^^^^^^^^^^^^^^^^^^^^^^^^^^^^^^^^^^^^^^^^^^^^^^^^^^
  13 | ...
  14 | ...
  15 | ...

The export SEED_COMMUNITY_POSTS was not found in module [project]/src/lib/seed.ts [app-ssr] (ecmascript).
Did you mean to import SEED_UNITS?
All exports of the module are statically known (It doesn't have dynamic exports). So it's known statically that the requested export doesn't exist.

Import traces:
  Client Component Browser:
    ./src/lib/store.ts [Client Component Browser]
    ./src/app/page.tsx [Client Component Browser]
    ./src/app/page.tsx [Server Component]

  Client Component SSR:
    ./src/lib/store.ts [Client Component SSR]
    ./src/app/page.tsx [Client Component SSR]
    ./src/app/page.tsx [Server Component] @ http://localhost:3003/_next/static/chunks/node_modules_next_dist_0u_w_5s._.js:1945
[    2964ms] [ERROR] ./src/lib/store.ts:12:1
Export SEED_COMMUNITY_POSTS doesn't exist in target module
  10 | ...
  11 | ...
> 12 | ...SECTIONS, SEED_SCHEDULE_EVENTS, SEED_CHAT_MESSAGES, SEED_WORK_ENGAGEMENTS, SEED_WORKER_...
     |    ^^^^^^^^^^^^^^^^^^^^^^^^^^^^^^^^^^^^^^^^^^^^^^^^^^^^^^^^^^^^^^^^^^^^^^^^^^^^^^^^^^^^^^^^^^
  13 | ...
  14 | ...
  15 | ...

The export SEED_COMMUNITY_POSTS was not found in module [project]/src/lib/seed.ts [app-client] (ecmascript).
Did you mean to import SEED_UNITS?
All exports of the module are statically known (It doesn't have dynamic exports). So it's known statically that the requested export doesn't exist.

Import traces:
  Client Component Browser:
    ./src/lib/store.ts [Client Component Browser]
    ./src/app/page.tsx [Client Component Browser]
    ./src/app/page.tsx [Server Component]

  Client Component SSR:
    ./src/lib/store.ts [Client Component SSR]
    ./src/app/page.tsx [Client Component SSR]
    ./src/app/page.tsx [Server Component] @ http://localhost:3003/_next/static/chunks/node_modules_next_dist_0u_w_5s._.js:1945
[    2964ms] [ERROR] ./src/lib/store.ts:12:1
Export SEED_COMMUNITY_POSTS doesn't exist in target module
  10 | ...
  11 | ...
> 12 | ...SECTIONS, SEED_SCHEDULE_EVENTS, SEED_CHAT_MESSAGES, SEED_WORK_ENGAGEMENTS, SEED_WORKER_...
     |    ^^^^^^^^^^^^^^^^^^^^^^^^^^^^^^^^^^^^^^^^^^^^^^^^^^^^^^^^^^^^^^^^^^^^^^^^^^^^^^^^^^^^^^^^^^
  13 | ...
  14 | ...
  15 | ...

The export SEED_COMMUNITY_POSTS was not found in module [project]/src/lib/seed.ts [app-ssr] (ecmascript).
Did you mean to import SEED_UNITS?
All exports of the module are statically known (It doesn't have dynamic exports). So it's known statically that the requested export doesn't exist.

Import traces:
  Client Component Browser:
    ./src/lib/store.ts [Client Component Browser]
    ./src/app/page.tsx [Client Component Browser]
    ./src/app/page.tsx [Server Component]

  Client Component SSR:
    ./src/lib/store.ts [Client Component SSR]
    ./src/app/page.tsx [Client Component SSR]
    ./src/app/page.tsx [Server Component] @ http://localhost:3003/_next/static/chunks/node_modules_next_dist_0u_w_5s._.js:1945
[    3017ms] [ERROR] ./src/lib/store.ts:12:1
Export SEED_COMMUNITY_POSTS doesn't exist in target module
  10 | ...
  11 | ...
> 12 | ...SECTIONS, SEED_SCHEDULE_EVENTS, SEED_CHAT_MESSAGES, SEED_WORK_ENGAGEMENTS, SEED_WORKER_...
     |    ^^^^^^^^^^^^^^^^^^^^^^^^^^^^^^^^^^^^^^^^^^^^^^^^^^^^^^^^^^^^^^^^^^^^^^^^^^^^^^^^^^^^^^^^^^
  13 | ...
  14 | ...
  15 | ...

The export SEED_COMMUNITY_POSTS was not found in module [project]/src/lib/seed.ts [app-client] (ecmascript).
Did you mean to import SEED_UNITS?
All exports of the module are statically known (It doesn't have dynamic exports). So it's known statically that the requested export doesn't exist.

Import traces:
  Client Component Browser:
    ./src/lib/store.ts [Client Component Browser]
    ./src/app/page.tsx [Client Component Browser]
    ./src/app/page.tsx [Server Component]

  Client Component SSR:
    ./src/lib/store.ts [Client Component SSR]
    ./src/app/page.tsx [Client Component SSR]
    ./src/app/page.tsx [Server Component] @ http://localhost:3003/_next/static/chunks/node_modules_next_dist_0u_w_5s._.js:1945
[    3017ms] [ERROR] ./src/lib/store.ts:12:1
Export SEED_COMMUNITY_POSTS doesn't exist in target module
  10 | ...
  11 | ...
> 12 | ...SECTIONS, SEED_SCHEDULE_EVENTS, SEED_CHAT_MESSAGES, SEED_WORK_ENGAGEMENTS, SEED_WORKER_...
     |    ^^^^^^^^^^^^^^^^^^^^^^^^^^^^^^^^^^^^^^^^^^^^^^^^^^^^^^^^^^^^^^^^^^^^^^^^^^^^^^^^^^^^^^^^^^
  13 | ...
  14 | ...
  15 | ...

The export SEED_COMMUNITY_POSTS was not found in module [project]/src/lib/seed.ts [app-ssr] (ecmascript).
Did you mean to import SEED_UNITS?
All exports of the module are statically known (It doesn't have dynamic exports). So it's known statically that the requested export doesn't exist.

Import traces:
  Client Component Browser:
    ./src/lib/store.ts [Client Component Browser]
    ./src/app/page.tsx [Client Component Browser]
    ./src/app/page.tsx [Server Component]

  Client Component SSR:
    ./src/lib/store.ts [Client Component SSR]
    ./src/app/page.tsx [Client Component SSR]
    ./src/app/page.tsx [Server Component] @ http://localhost:3003/_next/static/chunks/node_modules_next_dist_0u_w_5s._.js:1945
[    3070ms] [ERROR] ./src/lib/store.ts:12:1
Export SEED_COMMUNITY_POSTS doesn't exist in target module
  10 | ...
  11 | ...
> 12 | ...SECTIONS, SEED_SCHEDULE_EVENTS, SEED_CHAT_MESSAGES, SEED_WORK_ENGAGEMENTS, SEED_WORKER_...
     |    ^^^^^^^^^^^^^^^^^^^^^^^^^^^^^^^^^^^^^^^^^^^^^^^^^^^^^^^^^^^^^^^^^^^^^^^^^^^^^^^^^^^^^^^^^^
  13 | ...
  14 | ...
  15 | ...

The export SEED_COMMUNITY_POSTS was not found in module [project]/src/lib/seed.ts [app-client] (ecmascript).
Did you mean to import SEED_UNITS?
All exports of the module are statically known (It doesn't have dynamic exports). So it's known statically that the requested export doesn't exist.

Import traces:
  Client Component Browser:
    ./src/lib/store.ts [Client Component Browser]
    ./src/app/page.tsx [Client Component Browser]
    ./src/app/page.tsx [Server Component]

  Client Component SSR:
    ./src/lib/store.ts [Client Component SSR]
    ./src/app/page.tsx [Client Component SSR]
    ./src/app/page.tsx [Server Component] @ http://localhost:3003/_next/static/chunks/node_modules_next_dist_0u_w_5s._.js:1945
[    3070ms] [ERROR] ./src/lib/store.ts:12:1
Export SEED_COMMUNITY_POSTS doesn't exist in target module
  10 | ...
  11 | ...
> 12 | ...SECTIONS, SEED_SCHEDULE_EVENTS, SEED_CHAT_MESSAGES, SEED_WORK_ENGAGEMENTS, SEED_WORKER_...
     |    ^^^^^^^^^^^^^^^^^^^^^^^^^^^^^^^^^^^^^^^^^^^^^^^^^^^^^^^^^^^^^^^^^^^^^^^^^^^^^^^^^^^^^^^^^^
  13 | ...
  14 | ...
  15 | ...

The export SEED_COMMUNITY_POSTS was not found in module [project]/src/lib/seed.ts [app-ssr] (ecmascript).
Did you mean to import SEED_UNITS?
All exports of the module are statically known (It doesn't have dynamic exports). So it's known statically that the requested export doesn't exist.

Import traces:
  Client Component Browser:
    ./src/lib/store.ts [Client Component Browser]
    ./src/app/page.tsx [Client Component Browser]
    ./src/app/page.tsx [Server Component]

  Client Component SSR:
    ./src/lib/store.ts [Client Component SSR]
    ./src/app/page.tsx [Client Component SSR]
    ./src/app/page.tsx [Server Component] @ http://localhost:3003/_next/static/chunks/node_modules_next_dist_0u_w_5s._.js:1945
[    3123ms] [ERROR] ./src/lib/store.ts:12:1
Export SEED_COMMUNITY_POSTS doesn't exist in target module
  10 | ...
  11 | ...
> 12 | ...SECTIONS, SEED_SCHEDULE_EVENTS, SEED_CHAT_MESSAGES, SEED_WORK_ENGAGEMENTS, SEED_WORKER_...
     |    ^^^^^^^^^^^^^^^^^^^^^^^^^^^^^^^^^^^^^^^^^^^^^^^^^^^^^^^^^^^^^^^^^^^^^^^^^^^^^^^^^^^^^^^^^^
  13 | ...
  14 | ...
  15 | ...

The export SEED_COMMUNITY_POSTS was not found in module [project]/src/lib/seed.ts [app-client] (ecmascript).
Did you mean to import SEED_UNITS?
All exports of the module are statically known (It doesn't have dynamic exports). So it's known statically that the requested export doesn't exist.

Import traces:
  Client Component Browser:
    ./src/lib/store.ts [Client Component Browser]
    ./src/app/page.tsx [Client Component Browser]
    ./src/app/page.tsx [Server Component]

  Client Component SSR:
    ./src/lib/store.ts [Client Component SSR]
    ./src/app/page.tsx [Client Component SSR]
    ./src/app/page.tsx [Server Component] @ http://localhost:3003/_next/static/chunks/node_modules_next_dist_0u_w_5s._.js:1945
[    3123ms] [ERROR] ./src/lib/store.ts:12:1
Export SEED_COMMUNITY_POSTS doesn't exist in target module
  10 | ...
  11 | ...
> 12 | ...SECTIONS, SEED_SCHEDULE_EVENTS, SEED_CHAT_MESSAGES, SEED_WORK_ENGAGEMENTS, SEED_WORKER_...
     |    ^^^^^^^^^^^^^^^^^^^^^^^^^^^^^^^^^^^^^^^^^^^^^^^^^^^^^^^^^^^^^^^^^^^^^^^^^^^^^^^^^^^^^^^^^^
  13 | ...
  14 | ...
  15 | ...

The export SEED_COMMUNITY_POSTS was not found in module [project]/src/lib/seed.ts [app-ssr] (ecmascript).
Did you mean to import SEED_UNITS?
All exports of the module are statically known (It doesn't have dynamic exports). So it's known statically that the requested export doesn't exist.

Import traces:
  Client Component Browser:
    ./src/lib/store.ts [Client Component Browser]
    ./src/app/page.tsx [Client Component Browser]
    ./src/app/page.tsx [Server Component]

  Client Component SSR:
    ./src/lib/store.ts [Client Component SSR]
    ./src/app/page.tsx [Client Component SSR]
    ./src/app/page.tsx [Server Component] @ http://localhost:3003/_next/static/chunks/node_modules_next_dist_0u_w_5s._.js:1945
[    3177ms] [ERROR] ./src/lib/store.ts:12:1
Export SEED_COMMUNITY_POSTS doesn't exist in target module
  10 | ...
  11 | ...
> 12 | ...SECTIONS, SEED_SCHEDULE_EVENTS, SEED_CHAT_MESSAGES, SEED_WORK_ENGAGEMENTS, SEED_WORKER_...
     |    ^^^^^^^^^^^^^^^^^^^^^^^^^^^^^^^^^^^^^^^^^^^^^^^^^^^^^^^^^^^^^^^^^^^^^^^^^^^^^^^^^^^^^^^^^^
  13 | ...
  14 | ...
  15 | ...

The export SEED_COMMUNITY_POSTS was not found in module [project]/src/lib/seed.ts [app-client] (ecmascript).
Did you mean to import SEED_UNITS?
All exports of the module are statically known (It doesn't have dynamic exports). So it's known statically that the requested export doesn't exist.

Import traces:
  Client Component Browser:
    ./src/lib/store.ts [Client Component Browser]
    ./src/app/page.tsx [Client Component Browser]
    ./src/app/page.tsx [Server Component]

  Client Component SSR:
    ./src/lib/store.ts [Client Component SSR]
    ./src/app/page.tsx [Client Component SSR]
    ./src/app/page.tsx [Server Component] @ http://localhost:3003/_next/static/chunks/node_modules_next_dist_0u_w_5s._.js:1945
[    3177ms] [ERROR] ./src/lib/store.ts:12:1
Export SEED_COMMUNITY_POSTS doesn't exist in target module
  10 | ...
  11 | ...
> 12 | ...SECTIONS, SEED_SCHEDULE_EVENTS, SEED_CHAT_MESSAGES, SEED_WORK_ENGAGEMENTS, SEED_WORKER_...
     |    ^^^^^^^^^^^^^^^^^^^^^^^^^^^^^^^^^^^^^^^^^^^^^^^^^^^^^^^^^^^^^^^^^^^^^^^^^^^^^^^^^^^^^^^^^^
  13 | ...
  14 | ...
  15 | ...

The export SEED_COMMUNITY_POSTS was not found in module [project]/src/lib/seed.ts [app-ssr] (ecmascript).
Did you mean to import SEED_UNITS?
All exports of the module are statically known (It doesn't have dynamic exports). So it's known statically that the requested export doesn't exist.

Import traces:
  Client Component Browser:
    ./src/lib/store.ts [Client Component Browser]
    ./src/app/page.tsx [Client Component Browser]
    ./src/app/page.tsx [Server Component]

  Client Component SSR:
    ./src/lib/store.ts [Client Component SSR]
    ./src/app/page.tsx [Client Component SSR]
    ./src/app/page.tsx [Server Component] @ http://localhost:3003/_next/static/chunks/node_modules_next_dist_0u_w_5s._.js:1945
[    3231ms] [ERROR] ./src/lib/store.ts:12:1
Export SEED_COMMUNITY_POSTS doesn't exist in target module
  10 | ...
  11 | ...
> 12 | ...SECTIONS, SEED_SCHEDULE_EVENTS, SEED_CHAT_MESSAGES, SEED_WORK_ENGAGEMENTS, SEED_WORKER_...
     |    ^^^^^^^^^^^^^^^^^^^^^^^^^^^^^^^^^^^^^^^^^^^^^^^^^^^^^^^^^^^^^^^^^^^^^^^^^^^^^^^^^^^^^^^^^^
  13 | ...
  14 | ...
  15 | ...

The export SEED_COMMUNITY_POSTS was not found in module [project]/src/lib/seed.ts [app-client] (ecmascript).
Did you mean to import SEED_UNITS?
All exports of the module are statically known (It doesn't have dynamic exports). So it's known statically that the requested export doesn't exist.

Import traces:
  Client Component Browser:
    ./src/lib/store.ts [Client Component Browser]
    ./src/app/page.tsx [Client Component Browser]
    ./src/app/page.tsx [Server Component]

  Client Component SSR:
    ./src/lib/store.ts [Client Component SSR]
    ./src/app/page.tsx [Client Component SSR]
    ./src/app/page.tsx [Server Component] @ http://localhost:3003/_next/static/chunks/node_modules_next_dist_0u_w_5s._.js:1945
[    3231ms] [ERROR] ./src/lib/store.ts:12:1
Export SEED_COMMUNITY_POSTS doesn't exist in target module
  10 | ...
  11 | ...
> 12 | ...SECTIONS, SEED_SCHEDULE_EVENTS, SEED_CHAT_MESSAGES, SEED_WORK_ENGAGEMENTS, SEED_WORKER_...
     |    ^^^^^^^^^^^^^^^^^^^^^^^^^^^^^^^^^^^^^^^^^^^^^^^^^^^^^^^^^^^^^^^^^^^^^^^^^^^^^^^^^^^^^^^^^^
  13 | ...
  14 | ...
  15 | ...

The export SEED_COMMUNITY_POSTS was not found in module [project]/src/lib/seed.ts [app-ssr] (ecmascript).
Did you mean to import SEED_UNITS?
All exports of the module are statically known (It doesn't have dynamic exports). So it's known statically that the requested export doesn't exist.

Import traces:
  Client Component Browser:
    ./src/lib/store.ts [Client Component Browser]
    ./src/app/page.tsx [Client Component Browser]
    ./src/app/page.tsx [Server Component]

  Client Component SSR:
    ./src/lib/store.ts [Client Component SSR]
    ./src/app/page.tsx [Client Component SSR]
    ./src/app/page.tsx [Server Component] @ http://localhost:3003/_next/static/chunks/node_modules_next_dist_0u_w_5s._.js:1945
[    3283ms] [ERROR] ./src/lib/store.ts:12:1
Export SEED_COMMUNITY_POSTS doesn't exist in target module
  10 | ...
  11 | ...
> 12 | ...SECTIONS, SEED_SCHEDULE_EVENTS, SEED_CHAT_MESSAGES, SEED_WORK_ENGAGEMENTS, SEED_WORKER_...
     |    ^^^^^^^^^^^^^^^^^^^^^^^^^^^^^^^^^^^^^^^^^^^^^^^^^^^^^^^^^^^^^^^^^^^^^^^^^^^^^^^^^^^^^^^^^^
  13 | ...
  14 | ...
  15 | ...

The export SEED_COMMUNITY_POSTS was not found in module [project]/src/lib/seed.ts [app-client] (ecmascript).
Did you mean to import SEED_UNITS?
All exports of the module are statically known (It doesn't have dynamic exports). So it's known statically that the requested export doesn't exist.

Import traces:
  Client Component Browser:
    ./src/lib/store.ts [Client Component Browser]
    ./src/app/page.tsx [Client Component Browser]
    ./src/app/page.tsx [Server Component]

  Client Component SSR:
    ./src/lib/store.ts [Client Component SSR]
    ./src/app/page.tsx [Client Component SSR]
    ./src/app/page.tsx [Server Component] @ http://localhost:3003/_next/static/chunks/node_modules_next_dist_0u_w_5s._.js:1945
[    3283ms] [ERROR] ./src/lib/store.ts:12:1
Export SEED_COMMUNITY_POSTS doesn't exist in target module
  10 | ...
  11 | ...
> 12 | ...SECTIONS, SEED_SCHEDULE_EVENTS, SEED_CHAT_MESSAGES, SEED_WORK_ENGAGEMENTS, SEED_WORKER_...
     |    ^^^^^^^^^^^^^^^^^^^^^^^^^^^^^^^^^^^^^^^^^^^^^^^^^^^^^^^^^^^^^^^^^^^^^^^^^^^^^^^^^^^^^^^^^^
  13 | ...
  14 | ...
  15 | ...

The export SEED_COMMUNITY_POSTS was not found in module [project]/src/lib/seed.ts [app-ssr] (ecmascript).
Did you mean to import SEED_UNITS?
All exports of the module are statically known (It doesn't have dynamic exports). So it's known statically that the requested export doesn't exist.

Import traces:
  Client Component Browser:
    ./src/lib/store.ts [Client Component Browser]
    ./src/app/page.tsx [Client Component Browser]
    ./src/app/page.tsx [Server Component]

  Client Component SSR:
    ./src/lib/store.ts [Client Component SSR]
    ./src/app/page.tsx [Client Component SSR]
    ./src/app/page.tsx [Server Component] @ http://localhost:3003/_next/static/chunks/node_modules_next_dist_0u_w_5s._.js:1945
[    3330ms] [ERROR] ./src/lib/store.ts:12:1
Export SEED_COMMUNITY_POSTS doesn't exist in target module
  10 | ...
  11 | ...
> 12 | ...SECTIONS, SEED_SCHEDULE_EVENTS, SEED_CHAT_MESSAGES, SEED_WORK_ENGAGEMENTS, SEED_WORKER_...
     |    ^^^^^^^^^^^^^^^^^^^^^^^^^^^^^^^^^^^^^^^^^^^^^^^^^^^^^^^^^^^^^^^^^^^^^^^^^^^^^^^^^^^^^^^^^^
  13 | ...
  14 | ...
  15 | ...

The export SEED_COMMUNITY_POSTS was not found in module [project]/src/lib/seed.ts [app-client] (ecmascript).
Did you mean to import SEED_UNITS?
All exports of the module are statically known (It doesn't have dynamic exports). So it's known statically that the requested export doesn't exist.

Import traces:
  Client Component Browser:
    ./src/lib/store.ts [Client Component Browser]
    ./src/app/page.tsx [Client Component Browser]
    ./src/app/page.tsx [Server Component]

  Client Component SSR:
    ./src/lib/store.ts [Client Component SSR]
    ./src/app/page.tsx [Client Component SSR]
    ./src/app/page.tsx [Server Component] @ http://localhost:3003/_next/static/chunks/node_modules_next_dist_0u_w_5s._.js:1945
[    3330ms] [ERROR] ./src/lib/store.ts:12:1
Export SEED_COMMUNITY_POSTS doesn't exist in target module
  10 | ...
  11 | ...
> 12 | ...SECTIONS, SEED_SCHEDULE_EVENTS, SEED_CHAT_MESSAGES, SEED_WORK_ENGAGEMENTS, SEED_WORKER_...
     |    ^^^^^^^^^^^^^^^^^^^^^^^^^^^^^^^^^^^^^^^^^^^^^^^^^^^^^^^^^^^^^^^^^^^^^^^^^^^^^^^^^^^^^^^^^^
  13 | ...
  14 | ...
  15 | ...

The export SEED_COMMUNITY_POSTS was not found in module [project]/src/lib/seed.ts [app-ssr] (ecmascript).
Did you mean to import SEED_UNITS?
All exports of the module are statically known (It doesn't have dynamic exports). So it's known statically that the requested export doesn't exist.

Import traces:
  Client Component Browser:
    ./src/lib/store.ts [Client Component Browser]
    ./src/app/page.tsx [Client Component Browser]
    ./src/app/page.tsx [Server Component]

  Client Component SSR:
    ./src/lib/store.ts [Client Component SSR]
    ./src/app/page.tsx [Client Component SSR]
    ./src/app/page.tsx [Server Component] @ http://localhost:3003/_next/static/chunks/node_modules_next_dist_0u_w_5s._.js:1945
[    3383ms] [ERROR] ./src/lib/store.ts:12:1
Export SEED_COMMUNITY_POSTS doesn't exist in target module
  10 | ...
  11 | ...
> 12 | ...SECTIONS, SEED_SCHEDULE_EVENTS, SEED_CHAT_MESSAGES, SEED_WORK_ENGAGEMENTS, SEED_WORKER_...
     |    ^^^^^^^^^^^^^^^^^^^^^^^^^^^^^^^^^^^^^^^^^^^^^^^^^^^^^^^^^^^^^^^^^^^^^^^^^^^^^^^^^^^^^^^^^^
  13 | ...
  14 | ...
  15 | ...

The export SEED_COMMUNITY_POSTS was not found in module [project]/src/lib/seed.ts [app-client] (ecmascript).
Did you mean to import SEED_UNITS?
All exports of the module are statically known (It doesn't have dynamic exports). So it's known statically that the requested export doesn't exist.

Import traces:
  Client Component Browser:
    ./src/lib/store.ts [Client Component Browser]
    ./src/app/page.tsx [Client Component Browser]
    ./src/app/page.tsx [Server Component]

  Client Component SSR:
    ./src/lib/store.ts [Client Component SSR]
    ./src/app/page.tsx [Client Component SSR]
    ./src/app/page.tsx [Server Component] @ http://localhost:3003/_next/static/chunks/node_modules_next_dist_0u_w_5s._.js:1945
[    3383ms] [ERROR] ./src/lib/store.ts:12:1
Export SEED_COMMUNITY_POSTS doesn't exist in target module
  10 | ...
  11 | ...
> 12 | ...SECTIONS, SEED_SCHEDULE_EVENTS, SEED_CHAT_MESSAGES, SEED_WORK_ENGAGEMENTS, SEED_WORKER_...
     |    ^^^^^^^^^^^^^^^^^^^^^^^^^^^^^^^^^^^^^^^^^^^^^^^^^^^^^^^^^^^^^^^^^^^^^^^^^^^^^^^^^^^^^^^^^^
  13 | ...
  14 | ...
  15 | ...

The export SEED_COMMUNITY_POSTS was not found in module [project]/src/lib/seed.ts [app-ssr] (ecmascript).
Did you mean to import SEED_UNITS?
All exports of the module are statically known (It doesn't have dynamic exports). So it's known statically that the requested export doesn't exist.

Import traces:
  Client Component Browser:
    ./src/lib/store.ts [Client Component Browser]
    ./src/app/page.tsx [Client Component Browser]
    ./src/app/page.tsx [Server Component]

  Client Component SSR:
    ./src/lib/store.ts [Client Component SSR]
    ./src/app/page.tsx [Client Component SSR]
    ./src/app/page.tsx [Server Component] @ http://localhost:3003/_next/static/chunks/node_modules_next_dist_0u_w_5s._.js:1945
[    3435ms] [ERROR] ./src/lib/store.ts:12:1
Export SEED_COMMUNITY_POSTS doesn't exist in target module
  10 | ...
  11 | ...
> 12 | ...SECTIONS, SEED_SCHEDULE_EVENTS, SEED_CHAT_MESSAGES, SEED_WORK_ENGAGEMENTS, SEED_WORKER_...
     |    ^^^^^^^^^^^^^^^^^^^^^^^^^^^^^^^^^^^^^^^^^^^^^^^^^^^^^^^^^^^^^^^^^^^^^^^^^^^^^^^^^^^^^^^^^^
  13 | ...
  14 | ...
  15 | ...

The export SEED_COMMUNITY_POSTS was not found in module [project]/src/lib/seed.ts [app-client] (ecmascript).
Did you mean to import SEED_UNITS?
All exports of the module are statically known (It doesn't have dynamic exports). So it's known statically that the requested export doesn't exist.

Import traces:
  Client Component Browser:
    ./src/lib/store.ts [Client Component Browser]
    ./src/app/page.tsx [Client Component Browser]
    ./src/app/page.tsx [Server Component]

  Client Component SSR:
    ./src/lib/store.ts [Client Component SSR]
    ./src/app/page.tsx [Client Component SSR]
    ./src/app/page.tsx [Server Component] @ http://localhost:3003/_next/static/chunks/node_modules_next_dist_0u_w_5s._.js:1945
[    3436ms] [ERROR] ./src/lib/store.ts:12:1
Export SEED_COMMUNITY_POSTS doesn't exist in target module
  10 | ...
  11 | ...
> 12 | ...SECTIONS, SEED_SCHEDULE_EVENTS, SEED_CHAT_MESSAGES, SEED_WORK_ENGAGEMENTS, SEED_WORKER_...
     |    ^^^^^^^^^^^^^^^^^^^^^^^^^^^^^^^^^^^^^^^^^^^^^^^^^^^^^^^^^^^^^^^^^^^^^^^^^^^^^^^^^^^^^^^^^^
  13 | ...
  14 | ...
  15 | ...

The export SEED_COMMUNITY_POSTS was not found in module [project]/src/lib/seed.ts [app-ssr] (ecmascript).
Did you mean to import SEED_UNITS?
All exports of the module are statically known (It doesn't have dynamic exports). So it's known statically that the requested export doesn't exist.

Import traces:
  Client Component Browser:
    ./src/lib/store.ts [Client Component Browser]
    ./src/app/page.tsx [Client Component Browser]
    ./src/app/page.tsx [Server Component]

  Client Component SSR:
    ./src/lib/store.ts [Client Component SSR]
    ./src/app/page.tsx [Client Component SSR]
    ./src/app/page.tsx [Server Component] @ http://localhost:3003/_next/static/chunks/node_modules_next_dist_0u_w_5s._.js:1945
[    3492ms] [ERROR] ./src/lib/store.ts:12:1
Export SEED_COMMUNITY_POSTS doesn't exist in target module
  10 | ...
  11 | ...
> 12 | ...SECTIONS, SEED_SCHEDULE_EVENTS, SEED_CHAT_MESSAGES, SEED_WORK_ENGAGEMENTS, SEED_WORKER_...
     |    ^^^^^^^^^^^^^^^^^^^^^^^^^^^^^^^^^^^^^^^^^^^^^^^^^^^^^^^^^^^^^^^^^^^^^^^^^^^^^^^^^^^^^^^^^^
  13 | ...
  14 | ...
  15 | ...

The export SEED_COMMUNITY_POSTS was not found in module [project]/src/lib/seed.ts [app-client] (ecmascript).
Did you mean to import SEED_UNITS?
All exports of the module are statically known (It doesn't have dynamic exports). So it's known statically that the requested export doesn't exist.

Import traces:
  Client Component Browser:
    ./src/lib/store.ts [Client Component Browser]
    ./src/app/page.tsx [Client Component Browser]
    ./src/app/page.tsx [Server Component]

  Client Component SSR:
    ./src/lib/store.ts [Client Component SSR]
    ./src/app/page.tsx [Client Component SSR]
    ./src/app/page.tsx [Server Component] @ http://localhost:3003/_next/static/chunks/node_modules_next_dist_0u_w_5s._.js:1945
[    3492ms] [ERROR] ./src/lib/store.ts:12:1
Export SEED_COMMUNITY_POSTS doesn't exist in target module
  10 | ...
  11 | ...
> 12 | ...SECTIONS, SEED_SCHEDULE_EVENTS, SEED_CHAT_MESSAGES, SEED_WORK_ENGAGEMENTS, SEED_WORKER_...
     |    ^^^^^^^^^^^^^^^^^^^^^^^^^^^^^^^^^^^^^^^^^^^^^^^^^^^^^^^^^^^^^^^^^^^^^^^^^^^^^^^^^^^^^^^^^^
  13 | ...
  14 | ...
  15 | ...

The export SEED_COMMUNITY_POSTS was not found in module [project]/src/lib/seed.ts [app-ssr] (ecmascript).
Did you mean to import SEED_UNITS?
All exports of the module are statically known (It doesn't have dynamic exports). So it's known statically that the requested export doesn't exist.

Import traces:
  Client Component Browser:
    ./src/lib/store.ts [Client Component Browser]
    ./src/app/page.tsx [Client Component Browser]
    ./src/app/page.tsx [Server Component]

  Client Component SSR:
    ./src/lib/store.ts [Client Component SSR]
    ./src/app/page.tsx [Client Component SSR]
    ./src/app/page.tsx [Server Component] @ http://localhost:3003/_next/static/chunks/node_modules_next_dist_0u_w_5s._.js:1945
[    3570ms] [ERROR] ./src/lib/store.ts:12:1
Export SEED_COMMUNITY_POSTS doesn't exist in target module
  10 | ...
  11 | ...
> 12 | ...SECTIONS, SEED_SCHEDULE_EVENTS, SEED_CHAT_MESSAGES, SEED_WORK_ENGAGEMENTS, SEED_WORKER_...
     |    ^^^^^^^^^^^^^^^^^^^^^^^^^^^^^^^^^^^^^^^^^^^^^^^^^^^^^^^^^^^^^^^^^^^^^^^^^^^^^^^^^^^^^^^^^^
  13 | ...
  14 | ...
  15 | ...

The export SEED_COMMUNITY_POSTS was not found in module [project]/src/lib/seed.ts [app-client] (ecmascript).
Did you mean to import SEED_UNITS?
All exports of the module are statically known (It doesn't have dynamic exports). So it's known statically that the requested export doesn't exist.

Import traces:
  Client Component Browser:
    ./src/lib/store.ts [Client Component Browser]
    ./src/app/page.tsx [Client Component Browser]
    ./src/app/page.tsx [Server Component]

  Client Component SSR:
    ./src/lib/store.ts [Client Component SSR]
    ./src/app/page.tsx [Client Component SSR]
    ./src/app/page.tsx [Server Component] @ http://localhost:3003/_next/static/chunks/node_modules_next_dist_0u_w_5s._.js:1945
[    3570ms] [ERROR] ./src/lib/store.ts:12:1
Export SEED_COMMUNITY_POSTS doesn't exist in target module
  10 | ...
  11 | ...
> 12 | ...SECTIONS, SEED_SCHEDULE_EVENTS, SEED_CHAT_MESSAGES, SEED_WORK_ENGAGEMENTS, SEED_WORKER_...
     |    ^^^^^^^^^^^^^^^^^^^^^^^^^^^^^^^^^^^^^^^^^^^^^^^^^^^^^^^^^^^^^^^^^^^^^^^^^^^^^^^^^^^^^^^^^^
  13 | ...
  14 | ...
  15 | ...

The export SEED_COMMUNITY_POSTS was not found in module [project]/src/lib/seed.ts [app-ssr] (ecmascript).
Did you mean to import SEED_UNITS?
All exports of the module are statically known (It doesn't have dynamic exports). So it's known statically that the requested export doesn't exist.

Import traces:
  Client Component Browser:
    ./src/lib/store.ts [Client Component Browser]
    ./src/app/page.tsx [Client Component Browser]
    ./src/app/page.tsx [Server Component]

  Client Component SSR:
    ./src/lib/store.ts [Client Component SSR]
    ./src/app/page.tsx [Client Component SSR]
    ./src/app/page.tsx [Server Component] @ http://localhost:3003/_next/static/chunks/node_modules_next_dist_0u_w_5s._.js:1945
[    3622ms] [ERROR] ./src/lib/store.ts:12:1
Export SEED_COMMUNITY_POSTS doesn't exist in target module
  10 | ...
  11 | ...
> 12 | ...SECTIONS, SEED_SCHEDULE_EVENTS, SEED_CHAT_MESSAGES, SEED_WORK_ENGAGEMENTS, SEED_WORKER_...
     |    ^^^^^^^^^^^^^^^^^^^^^^^^^^^^^^^^^^^^^^^^^^^^^^^^^^^^^^^^^^^^^^^^^^^^^^^^^^^^^^^^^^^^^^^^^^
  13 | ...
  14 | ...
  15 | ...

The export SEED_COMMUNITY_POSTS was not found in module [project]/src/lib/seed.ts [app-client] (ecmascript).
Did you mean to import SEED_UNITS?
All exports of the module are statically known (It doesn't have dynamic exports). So it's known statically that the requested export doesn't exist.

Import traces:
  Client Component Browser:
    ./src/lib/store.ts [Client Component Browser]
    ./src/app/page.tsx [Client Component Browser]
    ./src/app/page.tsx [Server Component]

  Client Component SSR:
    ./src/lib/store.ts [Client Component SSR]
    ./src/app/page.tsx [Client Component SSR]
    ./src/app/page.tsx [Server Component] @ http://localhost:3003/_next/static/chunks/node_modules_next_dist_0u_w_5s._.js:1945
[    3622ms] [ERROR] ./src/lib/store.ts:12:1
Export SEED_COMMUNITY_POSTS doesn't exist in target module
  10 | ...
  11 | ...
> 12 | ...SECTIONS, SEED_SCHEDULE_EVENTS, SEED_CHAT_MESSAGES, SEED_WORK_ENGAGEMENTS, SEED_WORKER_...
     |    ^^^^^^^^^^^^^^^^^^^^^^^^^^^^^^^^^^^^^^^^^^^^^^^^^^^^^^^^^^^^^^^^^^^^^^^^^^^^^^^^^^^^^^^^^^
  13 | ...
  14 | ...
  15 | ...

The export SEED_COMMUNITY_POSTS was not found in module [project]/src/lib/seed.ts [app-ssr] (ecmascript).
Did you mean to import SEED_UNITS?
All exports of the module are statically known (It doesn't have dynamic exports). So it's known statically that the requested export doesn't exist.

Import traces:
  Client Component Browser:
    ./src/lib/store.ts [Client Component Browser]
    ./src/app/page.tsx [Client Component Browser]
    ./src/app/page.tsx [Server Component]

  Client Component SSR:
    ./src/lib/store.ts [Client Component SSR]
    ./src/app/page.tsx [Client Component SSR]
    ./src/app/page.tsx [Server Component] @ http://localhost:3003/_next/static/chunks/node_modules_next_dist_0u_w_5s._.js:1945
[    3675ms] [ERROR] ./src/lib/store.ts:12:1
Export SEED_COMMUNITY_POSTS doesn't exist in target module
  10 | ...
  11 | ...
> 12 | ...SECTIONS, SEED_SCHEDULE_EVENTS, SEED_CHAT_MESSAGES, SEED_WORK_ENGAGEMENTS, SEED_WORKER_...
     |    ^^^^^^^^^^^^^^^^^^^^^^^^^^^^^^^^^^^^^^^^^^^^^^^^^^^^^^^^^^^^^^^^^^^^^^^^^^^^^^^^^^^^^^^^^^
  13 | ...
  14 | ...
  15 | ...

The export SEED_COMMUNITY_POSTS was not found in module [project]/src/lib/seed.ts [app-client] (ecmascript).
Did you mean to import SEED_UNITS?
All exports of the module are statically known (It doesn't have dynamic exports). So it's known statically that the requested export doesn't exist.

Import traces:
  Client Component Browser:
    ./src/lib/store.ts [Client Component Browser]
    ./src/app/page.tsx [Client Component Browser]
    ./src/app/page.tsx [Server Component]

  Client Component SSR:
    ./src/lib/store.ts [Client Component SSR]
    ./src/app/page.tsx [Client Component SSR]
    ./src/app/page.tsx [Server Component] @ http://localhost:3003/_next/static/chunks/node_modules_next_dist_0u_w_5s._.js:1945
[    3675ms] [ERROR] ./src/lib/store.ts:12:1
Export SEED_COMMUNITY_POSTS doesn't exist in target module
  10 | ...
  11 | ...
> 12 | ...SECTIONS, SEED_SCHEDULE_EVENTS, SEED_CHAT_MESSAGES, SEED_WORK_ENGAGEMENTS, SEED_WORKER_...
     |    ^^^^^^^^^^^^^^^^^^^^^^^^^^^^^^^^^^^^^^^^^^^^^^^^^^^^^^^^^^^^^^^^^^^^^^^^^^^^^^^^^^^^^^^^^^
  13 | ...
  14 | ...
  15 | ...

The export SEED_COMMUNITY_POSTS was not found in module [project]/src/lib/seed.ts [app-ssr] (ecmascript).
Did you mean to import SEED_UNITS?
All exports of the module are statically known (It doesn't have dynamic exports). So it's known statically that the requested export doesn't exist.

Import traces:
  Client Component Browser:
    ./src/lib/store.ts [Client Component Browser]
    ./src/app/page.tsx [Client Component Browser]
    ./src/app/page.tsx [Server Component]

  Client Component SSR:
    ./src/lib/store.ts [Client Component SSR]
    ./src/app/page.tsx [Client Component SSR]
    ./src/app/page.tsx [Server Component] @ http://localhost:3003/_next/static/chunks/node_modules_next_dist_0u_w_5s._.js:1945
[    3730ms] [ERROR] ./src/lib/store.ts:12:1
Export SEED_COMMUNITY_POSTS doesn't exist in target module
  10 | ...
  11 | ...
> 12 | ...SECTIONS, SEED_SCHEDULE_EVENTS, SEED_CHAT_MESSAGES, SEED_WORK_ENGAGEMENTS, SEED_WORKER_...
     |    ^^^^^^^^^^^^^^^^^^^^^^^^^^^^^^^^^^^^^^^^^^^^^^^^^^^^^^^^^^^^^^^^^^^^^^^^^^^^^^^^^^^^^^^^^^
  13 | ...
  14 | ...
  15 | ...

The export SEED_COMMUNITY_POSTS was not found in module [project]/src/lib/seed.ts [app-client] (ecmascript).
Did you mean to import SEED_UNITS?
All exports of the module are statically known (It doesn't have dynamic exports). So it's known statically that the requested export doesn't exist.

Import traces:
  Client Component Browser:
    ./src/lib/store.ts [Client Component Browser]
    ./src/app/page.tsx [Client Component Browser]
    ./src/app/page.tsx [Server Component]

  Client Component SSR:
    ./src/lib/store.ts [Client Component SSR]
    ./src/app/page.tsx [Client Component SSR]
    ./src/app/page.tsx [Server Component] @ http://localhost:3003/_next/static/chunks/node_modules_next_dist_0u_w_5s._.js:1945
[    3730ms] [ERROR] ./src/lib/store.ts:12:1
Export SEED_COMMUNITY_POSTS doesn't exist in target module
  10 | ...
  11 | ...
> 12 | ...SECTIONS, SEED_SCHEDULE_EVENTS, SEED_CHAT_MESSAGES, SEED_WORK_ENGAGEMENTS, SEED_WORKER_...
     |    ^^^^^^^^^^^^^^^^^^^^^^^^^^^^^^^^^^^^^^^^^^^^^^^^^^^^^^^^^^^^^^^^^^^^^^^^^^^^^^^^^^^^^^^^^^
  13 | ...
  14 | ...
  15 | ...

The export SEED_COMMUNITY_POSTS was not found in module [project]/src/lib/seed.ts [app-ssr] (ecmascript).
Did you mean to import SEED_UNITS?
All exports of the module are statically known (It doesn't have dynamic exports). So it's known statically that the requested export doesn't exist.

Import traces:
  Client Component Browser:
    ./src/lib/store.ts [Client Component Browser]
    ./src/app/page.tsx [Client Component Browser]
    ./src/app/page.tsx [Server Component]

  Client Component SSR:
    ./src/lib/store.ts [Client Component SSR]
    ./src/app/page.tsx [Client Component SSR]
    ./src/app/page.tsx [Server Component] @ http://localhost:3003/_next/static/chunks/node_modules_next_dist_0u_w_5s._.js:1945
[    3782ms] [ERROR] ./src/lib/store.ts:12:1
Export SEED_COMMUNITY_POSTS doesn't exist in target module
  10 | ...
  11 | ...
> 12 | ...SECTIONS, SEED_SCHEDULE_EVENTS, SEED_CHAT_MESSAGES, SEED_WORK_ENGAGEMENTS, SEED_WORKER_...
     |    ^^^^^^^^^^^^^^^^^^^^^^^^^^^^^^^^^^^^^^^^^^^^^^^^^^^^^^^^^^^^^^^^^^^^^^^^^^^^^^^^^^^^^^^^^^
  13 | ...
  14 | ...
  15 | ...

The export SEED_COMMUNITY_POSTS was not found in module [project]/src/lib/seed.ts [app-client] (ecmascript).
Did you mean to import SEED_UNITS?
All exports of the module are statically known (It doesn't have dynamic exports). So it's known statically that the requested export doesn't exist.

Import traces:
  Client Component Browser:
    ./src/lib/store.ts [Client Component Browser]
    ./src/app/page.tsx [Client Component Browser]
    ./src/app/page.tsx [Server Component]

  Client Component SSR:
    ./src/lib/store.ts [Client Component SSR]
    ./src/app/page.tsx [Client Component SSR]
    ./src/app/page.tsx [Server Component] @ http://localhost:3003/_next/static/chunks/node_modules_next_dist_0u_w_5s._.js:1945
[    3782ms] [ERROR] ./src/lib/store.ts:12:1
Export SEED_COMMUNITY_POSTS doesn't exist in target module
  10 | ...
  11 | ...
> 12 | ...SECTIONS, SEED_SCHEDULE_EVENTS, SEED_CHAT_MESSAGES, SEED_WORK_ENGAGEMENTS, SEED_WORKER_...
     |    ^^^^^^^^^^^^^^^^^^^^^^^^^^^^^^^^^^^^^^^^^^^^^^^^^^^^^^^^^^^^^^^^^^^^^^^^^^^^^^^^^^^^^^^^^^
  13 | ...
  14 | ...
  15 | ...

The export SEED_COMMUNITY_POSTS was not found in module [project]/src/lib/seed.ts [app-ssr] (ecmascript).
Did you mean to import SEED_UNITS?
All exports of the module are statically known (It doesn't have dynamic exports). So it's known statically that the requested export doesn't exist.

Import traces:
  Client Component Browser:
    ./src/lib/store.ts [Client Component Browser]
    ./src/app/page.tsx [Client Component Browser]
    ./src/app/page.tsx [Server Component]

  Client Component SSR:
    ./src/lib/store.ts [Client Component SSR]
    ./src/app/page.tsx [Client Component SSR]
    ./src/app/page.tsx [Server Component] @ http://localhost:3003/_next/static/chunks/node_modules_next_dist_0u_w_5s._.js:1945
[    3836ms] [ERROR] ./src/lib/store.ts:12:1
Export SEED_COMMUNITY_POSTS doesn't exist in target module
  10 | ...
  11 | ...
> 12 | ...SECTIONS, SEED_SCHEDULE_EVENTS, SEED_CHAT_MESSAGES, SEED_WORK_ENGAGEMENTS, SEED_WORKER_...
     |    ^^^^^^^^^^^^^^^^^^^^^^^^^^^^^^^^^^^^^^^^^^^^^^^^^^^^^^^^^^^^^^^^^^^^^^^^^^^^^^^^^^^^^^^^^^
  13 | ...
  14 | ...
  15 | ...

The export SEED_COMMUNITY_POSTS was not found in module [project]/src/lib/seed.ts [app-client] (ecmascript).
Did you mean to import SEED_UNITS?
All exports of the module are statically known (It doesn't have dynamic exports). So it's known statically that the requested export doesn't exist.

Import traces:
  Client Component Browser:
    ./src/lib/store.ts [Client Component Browser]
    ./src/app/page.tsx [Client Component Browser]
    ./src/app/page.tsx [Server Component]

  Client Component SSR:
    ./src/lib/store.ts [Client Component SSR]
    ./src/app/page.tsx [Client Component SSR]
    ./src/app/page.tsx [Server Component] @ http://localhost:3003/_next/static/chunks/node_modules_next_dist_0u_w_5s._.js:1945
[    3836ms] [ERROR] ./src/lib/store.ts:12:1
Export SEED_COMMUNITY_POSTS doesn't exist in target module
  10 | ...
  11 | ...
> 12 | ...SECTIONS, SEED_SCHEDULE_EVENTS, SEED_CHAT_MESSAGES, SEED_WORK_ENGAGEMENTS, SEED_WORKER_...
     |    ^^^^^^^^^^^^^^^^^^^^^^^^^^^^^^^^^^^^^^^^^^^^^^^^^^^^^^^^^^^^^^^^^^^^^^^^^^^^^^^^^^^^^^^^^^
  13 | ...
  14 | ...
  15 | ...

The export SEED_COMMUNITY_POSTS was not found in module [project]/src/lib/seed.ts [app-ssr] (ecmascript).
Did you mean to import SEED_UNITS?
All exports of the module are statically known (It doesn't have dynamic exports). So it's known statically that the requested export doesn't exist.

Import traces:
  Client Component Browser:
    ./src/lib/store.ts [Client Component Browser]
    ./src/app/page.tsx [Client Component Browser]
    ./src/app/page.tsx [Server Component]

  Client Component SSR:
    ./src/lib/store.ts [Client Component SSR]
    ./src/app/page.tsx [Client Component SSR]
    ./src/app/page.tsx [Server Component] @ http://localhost:3003/_next/static/chunks/node_modules_next_dist_0u_w_5s._.js:1945
[    3890ms] [ERROR] ./src/lib/store.ts:12:1
Export SEED_COMMUNITY_POSTS doesn't exist in target module
  10 | ...
  11 | ...
> 12 | ...SECTIONS, SEED_SCHEDULE_EVENTS, SEED_CHAT_MESSAGES, SEED_WORK_ENGAGEMENTS, SEED_WORKER_...
     |    ^^^^^^^^^^^^^^^^^^^^^^^^^^^^^^^^^^^^^^^^^^^^^^^^^^^^^^^^^^^^^^^^^^^^^^^^^^^^^^^^^^^^^^^^^^
  13 | ...
  14 | ...
  15 | ...

The export SEED_COMMUNITY_POSTS was not found in module [project]/src/lib/seed.ts [app-client] (ecmascript).
Did you mean to import SEED_UNITS?
All exports of the module are statically known (It doesn't have dynamic exports). So it's known statically that the requested export doesn't exist.

Import traces:
  Client Component Browser:
    ./src/lib/store.ts [Client Component Browser]
    ./src/app/page.tsx [Client Component Browser]
    ./src/app/page.tsx [Server Component]

  Client Component SSR:
    ./src/lib/store.ts [Client Component SSR]
    ./src/app/page.tsx [Client Component SSR]
    ./src/app/page.tsx [Server Component] @ http://localhost:3003/_next/static/chunks/node_modules_next_dist_0u_w_5s._.js:1945
[    3890ms] [ERROR] ./src/lib/store.ts:12:1
Export SEED_COMMUNITY_POSTS doesn't exist in target module
  10 | ...
  11 | ...
> 12 | ...SECTIONS, SEED_SCHEDULE_EVENTS, SEED_CHAT_MESSAGES, SEED_WORK_ENGAGEMENTS, SEED_WORKER_...
     |    ^^^^^^^^^^^^^^^^^^^^^^^^^^^^^^^^^^^^^^^^^^^^^^^^^^^^^^^^^^^^^^^^^^^^^^^^^^^^^^^^^^^^^^^^^^
  13 | ...
  14 | ...
  15 | ...

The export SEED_COMMUNITY_POSTS was not found in module [project]/src/lib/seed.ts [app-ssr] (ecmascript).
Did you mean to import SEED_UNITS?
All exports of the module are statically known (It doesn't have dynamic exports). So it's known statically that the requested export doesn't exist.

Import traces:
  Client Component Browser:
    ./src/lib/store.ts [Client Component Browser]
    ./src/app/page.tsx [Client Component Browser]
    ./src/app/page.tsx [Server Component]

  Client Component SSR:
    ./src/lib/store.ts [Client Component SSR]
    ./src/app/page.tsx [Client Component SSR]
    ./src/app/page.tsx [Server Component] @ http://localhost:3003/_next/static/chunks/node_modules_next_dist_0u_w_5s._.js:1945
[    3947ms] [ERROR] ./src/lib/store.ts:12:1
Export SEED_COMMUNITY_POSTS doesn't exist in target module
  10 | ...
  11 | ...
> 12 | ...SECTIONS, SEED_SCHEDULE_EVENTS, SEED_CHAT_MESSAGES, SEED_WORK_ENGAGEMENTS, SEED_WORKER_...
     |    ^^^^^^^^^^^^^^^^^^^^^^^^^^^^^^^^^^^^^^^^^^^^^^^^^^^^^^^^^^^^^^^^^^^^^^^^^^^^^^^^^^^^^^^^^^
  13 | ...
  14 | ...
  15 | ...

The export SEED_COMMUNITY_POSTS was not found in module [project]/src/lib/seed.ts [app-client] (ecmascript).
Did you mean to import SEED_UNITS?
All exports of the module are statically known (It doesn't have dynamic exports). So it's known statically that the requested export doesn't exist.

Import traces:
  Client Component Browser:
    ./src/lib/store.ts [Client Component Browser]
    ./src/app/page.tsx [Client Component Browser]
    ./src/app/page.tsx [Server Component]

  Client Component SSR:
    ./src/lib/store.ts [Client Component SSR]
    ./src/app/page.tsx [Client Component SSR]
    ./src/app/page.tsx [Server Component] @ http://localhost:3003/_next/static/chunks/node_modules_next_dist_0u_w_5s._.js:1945
[    3947ms] [ERROR] ./src/lib/store.ts:12:1
Export SEED_COMMUNITY_POSTS doesn't exist in target module
  10 | ...
  11 | ...
> 12 | ...SECTIONS, SEED_SCHEDULE_EVENTS, SEED_CHAT_MESSAGES, SEED_WORK_ENGAGEMENTS, SEED_WORKER_...
     |    ^^^^^^^^^^^^^^^^^^^^^^^^^^^^^^^^^^^^^^^^^^^^^^^^^^^^^^^^^^^^^^^^^^^^^^^^^^^^^^^^^^^^^^^^^^
  13 | ...
  14 | ...
  15 | ...

The export SEED_COMMUNITY_POSTS was not found in module [project]/src/lib/seed.ts [app-ssr] (ecmascript).
Did you mean to import SEED_UNITS?
All exports of the module are statically known (It doesn't have dynamic exports). So it's known statically that the requested export doesn't exist.

Import traces:
  Client Component Browser:
    ./src/lib/store.ts [Client Component Browser]
    ./src/app/page.tsx [Client Component Browser]
    ./src/app/page.tsx [Server Component]

  Client Component SSR:
    ./src/lib/store.ts [Client Component SSR]
    ./src/app/page.tsx [Client Component SSR]
    ./src/app/page.tsx [Server Component] @ http://localhost:3003/_next/static/chunks/node_modules_next_dist_0u_w_5s._.js:1945
[    4002ms] [ERROR] ./src/lib/store.ts:12:1
Export SEED_COMMUNITY_POSTS doesn't exist in target module
  10 | ...
  11 | ...
> 12 | ...SECTIONS, SEED_SCHEDULE_EVENTS, SEED_CHAT_MESSAGES, SEED_WORK_ENGAGEMENTS, SEED_WORKER_...
     |    ^^^^^^^^^^^^^^^^^^^^^^^^^^^^^^^^^^^^^^^^^^^^^^^^^^^^^^^^^^^^^^^^^^^^^^^^^^^^^^^^^^^^^^^^^^
  13 | ...
  14 | ...
  15 | ...

The export SEED_COMMUNITY_POSTS was not found in module [project]/src/lib/seed.ts [app-client] (ecmascript).
Did you mean to import SEED_UNITS?
All exports of the module are statically known (It doesn't have dynamic exports). So it's known statically that the requested export doesn't exist.

Import traces:
  Client Component Browser:
    ./src/lib/store.ts [Client Component Browser]
    ./src/app/page.tsx [Client Component Browser]
    ./src/app/page.tsx [Server Component]

  Client Component SSR:
    ./src/lib/store.ts [Client Component SSR]
    ./src/app/page.tsx [Client Component SSR]
    ./src/app/page.tsx [Server Component] @ http://localhost:3003/_next/static/chunks/node_modules_next_dist_0u_w_5s._.js:1945
[    4002ms] [ERROR] ./src/lib/store.ts:12:1
Export SEED_COMMUNITY_POSTS doesn't exist in target module
  10 | ...
  11 | ...
> 12 | ...SECTIONS, SEED_SCHEDULE_EVENTS, SEED_CHAT_MESSAGES, SEED_WORK_ENGAGEMENTS, SEED_WORKER_...
     |    ^^^^^^^^^^^^^^^^^^^^^^^^^^^^^^^^^^^^^^^^^^^^^^^^^^^^^^^^^^^^^^^^^^^^^^^^^^^^^^^^^^^^^^^^^^
  13 | ...
  14 | ...
  15 | ...

The export SEED_COMMUNITY_POSTS was not found in module [project]/src/lib/seed.ts [app-ssr] (ecmascript).
Did you mean to import SEED_UNITS?
All exports of the module are statically known (It doesn't have dynamic exports). So it's known statically that the requested export doesn't exist.

Import traces:
  Client Component Browser:
    ./src/lib/store.ts [Client Component Browser]
    ./src/app/page.tsx [Client Component Browser]
    ./src/app/page.tsx [Server Component]

  Client Component SSR:
    ./src/lib/store.ts [Client Component SSR]
    ./src/app/page.tsx [Client Component SSR]
    ./src/app/page.tsx [Server Component] @ http://localhost:3003/_next/static/chunks/node_modules_next_dist_0u_w_5s._.js:1945
[    4057ms] [ERROR] ./src/lib/store.ts:12:1
Export SEED_COMMUNITY_POSTS doesn't exist in target module
  10 | ...
  11 | ...
> 12 | ...SECTIONS, SEED_SCHEDULE_EVENTS, SEED_CHAT_MESSAGES, SEED_WORK_ENGAGEMENTS, SEED_WORKER_...
     |    ^^^^^^^^^^^^^^^^^^^^^^^^^^^^^^^^^^^^^^^^^^^^^^^^^^^^^^^^^^^^^^^^^^^^^^^^^^^^^^^^^^^^^^^^^^
  13 | ...
  14 | ...
  15 | ...

The export SEED_COMMUNITY_POSTS was not found in module [project]/src/lib/seed.ts [app-client] (ecmascript).
Did you mean to import SEED_UNITS?
All exports of the module are statically known (It doesn't have dynamic exports). So it's known statically that the requested export doesn't exist.

Import traces:
  Client Component Browser:
    ./src/lib/store.ts [Client Component Browser]
    ./src/app/page.tsx [Client Component Browser]
    ./src/app/page.tsx [Server Component]

  Client Component SSR:
    ./src/lib/store.ts [Client Component SSR]
    ./src/app/page.tsx [Client Component SSR]
    ./src/app/page.tsx [Server Component] @ http://localhost:3003/_next/static/chunks/node_modules_next_dist_0u_w_5s._.js:1945
[    4058ms] [ERROR] ./src/lib/store.ts:12:1
Export SEED_COMMUNITY_POSTS doesn't exist in target module
  10 | ...
  11 | ...
> 12 | ...SECTIONS, SEED_SCHEDULE_EVENTS, SEED_CHAT_MESSAGES, SEED_WORK_ENGAGEMENTS, SEED_WORKER_...
     |    ^^^^^^^^^^^^^^^^^^^^^^^^^^^^^^^^^^^^^^^^^^^^^^^^^^^^^^^^^^^^^^^^^^^^^^^^^^^^^^^^^^^^^^^^^^
  13 | ...
  14 | ...
  15 | ...

The export SEED_COMMUNITY_POSTS was not found in module [project]/src/lib/seed.ts [app-ssr] (ecmascript).
Did you mean to import SEED_UNITS?
All exports of the module are statically known (It doesn't have dynamic exports). So it's known statically that the requested export doesn't exist.

Import traces:
  Client Component Browser:
    ./src/lib/store.ts [Client Component Browser]
    ./src/app/page.tsx [Client Component Browser]
    ./src/app/page.tsx [Server Component]

  Client Component SSR:
    ./src/lib/store.ts [Client Component SSR]
    ./src/app/page.tsx [Client Component SSR]
    ./src/app/page.tsx [Server Component] @ http://localhost:3003/_next/static/chunks/node_modules_next_dist_0u_w_5s._.js:1945
[    4118ms] [ERROR] ./src/lib/store.ts:12:1
Export SEED_COMMUNITY_POSTS doesn't exist in target module
  10 | ...
  11 | ...
> 12 | ...SECTIONS, SEED_SCHEDULE_EVENTS, SEED_CHAT_MESSAGES, SEED_WORK_ENGAGEMENTS, SEED_WORKER_...
     |    ^^^^^^^^^^^^^^^^^^^^^^^^^^^^^^^^^^^^^^^^^^^^^^^^^^^^^^^^^^^^^^^^^^^^^^^^^^^^^^^^^^^^^^^^^^
  13 | ...
  14 | ...
  15 | ...

The export SEED_COMMUNITY_POSTS was not found in module [project]/src/lib/seed.ts [app-client] (ecmascript).
Did you mean to import SEED_UNITS?
All exports of the module are statically known (It doesn't have dynamic exports). So it's known statically that the requested export doesn't exist.

Import traces:
  Client Component Browser:
    ./src/lib/store.ts [Client Component Browser]
    ./src/app/page.tsx [Client Component Browser]
    ./src/app/page.tsx [Server Component]

  Client Component SSR:
    ./src/lib/store.ts [Client Component SSR]
    ./src/app/page.tsx [Client Component SSR]
    ./src/app/page.tsx [Server Component] @ http://localhost:3003/_next/static/chunks/node_modules_next_dist_0u_w_5s._.js:1945
[    4118ms] [ERROR] ./src/lib/store.ts:12:1
Export SEED_COMMUNITY_POSTS doesn't exist in target module
  10 | ...
  11 | ...
> 12 | ...SECTIONS, SEED_SCHEDULE_EVENTS, SEED_CHAT_MESSAGES, SEED_WORK_ENGAGEMENTS, SEED_WORKER_...
     |    ^^^^^^^^^^^^^^^^^^^^^^^^^^^^^^^^^^^^^^^^^^^^^^^^^^^^^^^^^^^^^^^^^^^^^^^^^^^^^^^^^^^^^^^^^^
  13 | ...
  14 | ...
  15 | ...

The export SEED_COMMUNITY_POSTS was not found in module [project]/src/lib/seed.ts [app-ssr] (ecmascript).
Did you mean to import SEED_UNITS?
All exports of the module are statically known (It doesn't have dynamic exports). So it's known statically that the requested export doesn't exist.

Import traces:
  Client Component Browser:
    ./src/lib/store.ts [Client Component Browser]
    ./src/app/page.tsx [Client Component Browser]
    ./src/app/page.tsx [Server Component]

  Client Component SSR:
    ./src/lib/store.ts [Client Component SSR]
    ./src/app/page.tsx [Client Component SSR]
    ./src/app/page.tsx [Server Component] @ http://localhost:3003/_next/static/chunks/node_modules_next_dist_0u_w_5s._.js:1945
[    4175ms] [ERROR] ./src/lib/store.ts:12:1
Export SEED_COMMUNITY_POSTS doesn't exist in target module
  10 | ...
  11 | ...
> 12 | ...SECTIONS, SEED_SCHEDULE_EVENTS, SEED_CHAT_MESSAGES, SEED_WORK_ENGAGEMENTS, SEED_WORKER_...
     |    ^^^^^^^^^^^^^^^^^^^^^^^^^^^^^^^^^^^^^^^^^^^^^^^^^^^^^^^^^^^^^^^^^^^^^^^^^^^^^^^^^^^^^^^^^^
  13 | ...
  14 | ...
  15 | ...

The export SEED_COMMUNITY_POSTS was not found in module [project]/src/lib/seed.ts [app-client] (ecmascript).
Did you mean to import SEED_UNITS?
All exports of the module are statically known (It doesn't have dynamic exports). So it's known statically that the requested export doesn't exist.

Import traces:
  Client Component Browser:
    ./src/lib/store.ts [Client Component Browser]
    ./src/app/page.tsx [Client Component Browser]
    ./src/app/page.tsx [Server Component]

  Client Component SSR:
    ./src/lib/store.ts [Client Component SSR]
    ./src/app/page.tsx [Client Component SSR]
    ./src/app/page.tsx [Server Component] @ http://localhost:3003/_next/static/chunks/node_modules_next_dist_0u_w_5s._.js:1945
[    4175ms] [ERROR] ./src/lib/store.ts:12:1
Export SEED_COMMUNITY_POSTS doesn't exist in target module
  10 | ...
  11 | ...
> 12 | ...SECTIONS, SEED_SCHEDULE_EVENTS, SEED_CHAT_MESSAGES, SEED_WORK_ENGAGEMENTS, SEED_WORKER_...
     |    ^^^^^^^^^^^^^^^^^^^^^^^^^^^^^^^^^^^^^^^^^^^^^^^^^^^^^^^^^^^^^^^^^^^^^^^^^^^^^^^^^^^^^^^^^^
  13 | ...
  14 | ...
  15 | ...

The export SEED_COMMUNITY_POSTS was not found in module [project]/src/lib/seed.ts [app-ssr] (ecmascript).
Did you mean to import SEED_UNITS?
All exports of the module are statically known (It doesn't have dynamic exports). So it's known statically that the requested export doesn't exist.

Import traces:
  Client Component Browser:
    ./src/lib/store.ts [Client Component Browser]
    ./src/app/page.tsx [Client Component Browser]
    ./src/app/page.tsx [Server Component]

  Client Component SSR:
    ./src/lib/store.ts [Client Component SSR]
    ./src/app/page.tsx [Client Component SSR]
    ./src/app/page.tsx [Server Component] @ http://localhost:3003/_next/static/chunks/node_modules_next_dist_0u_w_5s._.js:1945
[    4234ms] [ERROR] ./src/lib/store.ts:12:1
Export SEED_COMMUNITY_POSTS doesn't exist in target module
  10 | ...
  11 | ...
> 12 | ...SECTIONS, SEED_SCHEDULE_EVENTS, SEED_CHAT_MESSAGES, SEED_WORK_ENGAGEMENTS, SEED_WORKER_...
     |    ^^^^^^^^^^^^^^^^^^^^^^^^^^^^^^^^^^^^^^^^^^^^^^^^^^^^^^^^^^^^^^^^^^^^^^^^^^^^^^^^^^^^^^^^^^
  13 | ...
  14 | ...
  15 | ...

The export SEED_COMMUNITY_POSTS was not found in module [project]/src/lib/seed.ts [app-client] (ecmascript).
Did you mean to import SEED_UNITS?
All exports of the module are statically known (It doesn't have dynamic exports). So it's known statically that the requested export doesn't exist.

Import traces:
  Client Component Browser:
    ./src/lib/store.ts [Client Component Browser]
    ./src/app/page.tsx [Client Component Browser]
    ./src/app/page.tsx [Server Component]

  Client Component SSR:
    ./src/lib/store.ts [Client Component SSR]
    ./src/app/page.tsx [Client Component SSR]
    ./src/app/page.tsx [Server Component] @ http://localhost:3003/_next/static/chunks/node_modules_next_dist_0u_w_5s._.js:1945
[    4234ms] [ERROR] ./src/lib/store.ts:12:1
Export SEED_COMMUNITY_POSTS doesn't exist in target module
  10 | ...
  11 | ...
> 12 | ...SECTIONS, SEED_SCHEDULE_EVENTS, SEED_CHAT_MESSAGES, SEED_WORK_ENGAGEMENTS, SEED_WORKER_...
     |    ^^^^^^^^^^^^^^^^^^^^^^^^^^^^^^^^^^^^^^^^^^^^^^^^^^^^^^^^^^^^^^^^^^^^^^^^^^^^^^^^^^^^^^^^^^
  13 | ...
  14 | ...
  15 | ...

The export SEED_COMMUNITY_POSTS was not found in module [project]/src/lib/seed.ts [app-ssr] (ecmascript).
Did you mean to import SEED_UNITS?
All exports of the module are statically known (It doesn't have dynamic exports). So it's known statically that the requested export doesn't exist.

Import traces:
  Client Component Browser:
    ./src/lib/store.ts [Client Component Browser]
    ./src/app/page.tsx [Client Component Browser]
    ./src/app/page.tsx [Server Component]

  Client Component SSR:
    ./src/lib/store.ts [Client Component SSR]
    ./src/app/page.tsx [Client Component SSR]
    ./src/app/page.tsx [Server Component] @ http://localhost:3003/_next/static/chunks/node_modules_next_dist_0u_w_5s._.js:1945
[    4289ms] [ERROR] ./src/lib/store.ts:12:1
Export SEED_COMMUNITY_POSTS doesn't exist in target module
  10 | ...
  11 | ...
> 12 | ...SECTIONS, SEED_SCHEDULE_EVENTS, SEED_CHAT_MESSAGES, SEED_WORK_ENGAGEMENTS, SEED_WORKER_...
     |    ^^^^^^^^^^^^^^^^^^^^^^^^^^^^^^^^^^^^^^^^^^^^^^^^^^^^^^^^^^^^^^^^^^^^^^^^^^^^^^^^^^^^^^^^^^
  13 | ...
  14 | ...
  15 | ...

The export SEED_COMMUNITY_POSTS was not found in module [project]/src/lib/seed.ts [app-client] (ecmascript).
Did you mean to import SEED_UNITS?
All exports of the module are statically known (It doesn't have dynamic exports). So it's known statically that the requested export doesn't exist.

Import traces:
  Client Component Browser:
    ./src/lib/store.ts [Client Component Browser]
    ./src/app/page.tsx [Client Component Browser]
    ./src/app/page.tsx [Server Component]

  Client Component SSR:
    ./src/lib/store.ts [Client Component SSR]
    ./src/app/page.tsx [Client Component SSR]
    ./src/app/page.tsx [Server Component] @ http://localhost:3003/_next/static/chunks/node_modules_next_dist_0u_w_5s._.js:1945
[    4289ms] [ERROR] ./src/lib/store.ts:12:1
Export SEED_COMMUNITY_POSTS doesn't exist in target module
  10 | ...
  11 | ...
> 12 | ...SECTIONS, SEED_SCHEDULE_EVENTS, SEED_CHAT_MESSAGES, SEED_WORK_ENGAGEMENTS, SEED_WORKER_...
     |    ^^^^^^^^^^^^^^^^^^^^^^^^^^^^^^^^^^^^^^^^^^^^^^^^^^^^^^^^^^^^^^^^^^^^^^^^^^^^^^^^^^^^^^^^^^
  13 | ...
  14 | ...
  15 | ...

The export SEED_COMMUNITY_POSTS was not found in module [project]/src/lib/seed.ts [app-ssr] (ecmascript).
Did you mean to import SEED_UNITS?
All exports of the module are statically known (It doesn't have dynamic exports). So it's known statically that the requested export doesn't exist.

Import traces:
  Client Component Browser:
    ./src/lib/store.ts [Client Component Browser]
    ./src/app/page.tsx [Client Component Browser]
    ./src/app/page.tsx [Server Component]

  Client Component SSR:
    ./src/lib/store.ts [Client Component SSR]
    ./src/app/page.tsx [Client Component SSR]
    ./src/app/page.tsx [Server Component] @ http://localhost:3003/_next/static/chunks/node_modules_next_dist_0u_w_5s._.js:1945
[    4341ms] [ERROR] ./src/lib/store.ts:12:1
Export SEED_COMMUNITY_POSTS doesn't exist in target module
  10 | ...
  11 | ...
> 12 | ...SECTIONS, SEED_SCHEDULE_EVENTS, SEED_CHAT_MESSAGES, SEED_WORK_ENGAGEMENTS, SEED_WORKER_...
     |    ^^^^^^^^^^^^^^^^^^^^^^^^^^^^^^^^^^^^^^^^^^^^^^^^^^^^^^^^^^^^^^^^^^^^^^^^^^^^^^^^^^^^^^^^^^
  13 | ...
  14 | ...
  15 | ...

The export SEED_COMMUNITY_POSTS was not found in module [project]/src/lib/seed.ts [app-client] (ecmascript).
Did you mean to import SEED_UNITS?
All exports of the module are statically known (It doesn't have dynamic exports). So it's known statically that the requested export doesn't exist.

Import traces:
  Client Component Browser:
    ./src/lib/store.ts [Client Component Browser]
    ./src/app/page.tsx [Client Component Browser]
    ./src/app/page.tsx [Server Component]

  Client Component SSR:
    ./src/lib/store.ts [Client Component SSR]
    ./src/app/page.tsx [Client Component SSR]
    ./src/app/page.tsx [Server Component] @ http://localhost:3003/_next/static/chunks/node_modules_next_dist_0u_w_5s._.js:1945
[    4341ms] [ERROR] ./src/lib/store.ts:12:1
Export SEED_COMMUNITY_POSTS doesn't exist in target module
  10 | ...
  11 | ...
> 12 | ...SECTIONS, SEED_SCHEDULE_EVENTS, SEED_CHAT_MESSAGES, SEED_WORK_ENGAGEMENTS, SEED_WORKER_...
     |    ^^^^^^^^^^^^^^^^^^^^^^^^^^^^^^^^^^^^^^^^^^^^^^^^^^^^^^^^^^^^^^^^^^^^^^^^^^^^^^^^^^^^^^^^^^
  13 | ...
  14 | ...
  15 | ...

The export SEED_COMMUNITY_POSTS was not found in module [project]/src/lib/seed.ts [app-ssr] (ecmascript).
Did you mean to import SEED_UNITS?
All exports of the module are statically known (It doesn't have dynamic exports). So it's known statically that the requested export doesn't exist.

Import traces:
  Client Component Browser:
    ./src/lib/store.ts [Client Component Browser]
    ./src/app/page.tsx [Client Component Browser]
    ./src/app/page.tsx [Server Component]

  Client Component SSR:
    ./src/lib/store.ts [Client Component SSR]
    ./src/app/page.tsx [Client Component SSR]
    ./src/app/page.tsx [Server Component] @ http://localhost:3003/_next/static/chunks/node_modules_next_dist_0u_w_5s._.js:1945
[    4397ms] [ERROR] ./src/lib/store.ts:12:1
Export SEED_COMMUNITY_POSTS doesn't exist in target module
  10 | ...
  11 | ...
> 12 | ...SECTIONS, SEED_SCHEDULE_EVENTS, SEED_CHAT_MESSAGES, SEED_WORK_ENGAGEMENTS, SEED_WORKER_...
     |    ^^^^^^^^^^^^^^^^^^^^^^^^^^^^^^^^^^^^^^^^^^^^^^^^^^^^^^^^^^^^^^^^^^^^^^^^^^^^^^^^^^^^^^^^^^
  13 | ...
  14 | ...
  15 | ...

The export SEED_COMMUNITY_POSTS was not found in module [project]/src/lib/seed.ts [app-client] (ecmascript).
Did you mean to import SEED_UNITS?
All exports of the module are statically known (It doesn't have dynamic exports). So it's known statically that the requested export doesn't exist.

Import traces:
  Client Component Browser:
    ./src/lib/store.ts [Client Component Browser]
    ./src/app/page.tsx [Client Component Browser]
    ./src/app/page.tsx [Server Component]

  Client Component SSR:
    ./src/lib/store.ts [Client Component SSR]
    ./src/app/page.tsx [Client Component SSR]
    ./src/app/page.tsx [Server Component] @ http://localhost:3003/_next/static/chunks/node_modules_next_dist_0u_w_5s._.js:1945
[    4397ms] [ERROR] ./src/lib/store.ts:12:1
Export SEED_COMMUNITY_POSTS doesn't exist in target module
  10 | ...
  11 | ...
> 12 | ...SECTIONS, SEED_SCHEDULE_EVENTS, SEED_CHAT_MESSAGES, SEED_WORK_ENGAGEMENTS, SEED_WORKER_...
     |    ^^^^^^^^^^^^^^^^^^^^^^^^^^^^^^^^^^^^^^^^^^^^^^^^^^^^^^^^^^^^^^^^^^^^^^^^^^^^^^^^^^^^^^^^^^
  13 | ...
  14 | ...
  15 | ...

The export SEED_COMMUNITY_POSTS was not found in module [project]/src/lib/seed.ts [app-ssr] (ecmascript).
Did you mean to import SEED_UNITS?
All exports of the module are statically known (It doesn't have dynamic exports). So it's known statically that the requested export doesn't exist.

Import traces:
  Client Component Browser:
    ./src/lib/store.ts [Client Component Browser]
    ./src/app/page.tsx [Client Component Browser]
    ./src/app/page.tsx [Server Component]

  Client Component SSR:
    ./src/lib/store.ts [Client Component SSR]
    ./src/app/page.tsx [Client Component SSR]
    ./src/app/page.tsx [Server Component] @ http://localhost:3003/_next/static/chunks/node_modules_next_dist_0u_w_5s._.js:1945
[    4453ms] [ERROR] ./src/lib/store.ts:12:1
Export SEED_COMMUNITY_POSTS doesn't exist in target module
  10 | ...
  11 | ...
> 12 | ...SECTIONS, SEED_SCHEDULE_EVENTS, SEED_CHAT_MESSAGES, SEED_WORK_ENGAGEMENTS, SEED_WORKER_...
     |    ^^^^^^^^^^^^^^^^^^^^^^^^^^^^^^^^^^^^^^^^^^^^^^^^^^^^^^^^^^^^^^^^^^^^^^^^^^^^^^^^^^^^^^^^^^
  13 | ...
  14 | ...
  15 | ...

The export SEED_COMMUNITY_POSTS was not found in module [project]/src/lib/seed.ts [app-client] (ecmascript).
Did you mean to import SEED_UNITS?
All exports of the module are statically known (It doesn't have dynamic exports). So it's known statically that the requested export doesn't exist.

Import traces:
  Client Component Browser:
    ./src/lib/store.ts [Client Component Browser]
    ./src/app/page.tsx [Client Component Browser]
    ./src/app/page.tsx [Server Component]

  Client Component SSR:
    ./src/lib/store.ts [Client Component SSR]
    ./src/app/page.tsx [Client Component SSR]
    ./src/app/page.tsx [Server Component] @ http://localhost:3003/_next/static/chunks/node_modules_next_dist_0u_w_5s._.js:1945
[    4453ms] [ERROR] ./src/lib/store.ts:12:1
Export SEED_COMMUNITY_POSTS doesn't exist in target module
  10 | ...
  11 | ...
> 12 | ...SECTIONS, SEED_SCHEDULE_EVENTS, SEED_CHAT_MESSAGES, SEED_WORK_ENGAGEMENTS, SEED_WORKER_...
     |    ^^^^^^^^^^^^^^^^^^^^^^^^^^^^^^^^^^^^^^^^^^^^^^^^^^^^^^^^^^^^^^^^^^^^^^^^^^^^^^^^^^^^^^^^^^
  13 | ...
  14 | ...
  15 | ...

The export SEED_COMMUNITY_POSTS was not found in module [project]/src/lib/seed.ts [app-ssr] (ecmascript).
Did you mean to import SEED_UNITS?
All exports of the module are statically known (It doesn't have dynamic exports). So it's known statically that the requested export doesn't exist.

Import traces:
  Client Component Browser:
    ./src/lib/store.ts [Client Component Browser]
    ./src/app/page.tsx [Client Component Browser]
    ./src/app/page.tsx [Server Component]

  Client Component SSR:
    ./src/lib/store.ts [Client Component SSR]
    ./src/app/page.tsx [Client Component SSR]
    ./src/app/page.tsx [Server Component] @ http://localhost:3003/_next/static/chunks/node_modules_next_dist_0u_w_5s._.js:1945
[    4509ms] [ERROR] ./src/lib/store.ts:12:1
Export SEED_COMMUNITY_POSTS doesn't exist in target module
  10 | ...
  11 | ...
> 12 | ...SECTIONS, SEED_SCHEDULE_EVENTS, SEED_CHAT_MESSAGES, SEED_WORK_ENGAGEMENTS, SEED_WORKER_...
     |    ^^^^^^^^^^^^^^^^^^^^^^^^^^^^^^^^^^^^^^^^^^^^^^^^^^^^^^^^^^^^^^^^^^^^^^^^^^^^^^^^^^^^^^^^^^
  13 | ...
  14 | ...
  15 | ...

The export SEED_COMMUNITY_POSTS was not found in module [project]/src/lib/seed.ts [app-client] (ecmascript).
Did you mean to import SEED_UNITS?
All exports of the module are statically known (It doesn't have dynamic exports). So it's known statically that the requested export doesn't exist.

Import traces:
  Client Component Browser:
    ./src/lib/store.ts [Client Component Browser]
    ./src/app/page.tsx [Client Component Browser]
    ./src/app/page.tsx [Server Component]

  Client Component SSR:
    ./src/lib/store.ts [Client Component SSR]
    ./src/app/page.tsx [Client Component SSR]
    ./src/app/page.tsx [Server Component] @ http://localhost:3003/_next/static/chunks/node_modules_next_dist_0u_w_5s._.js:1945
[    4510ms] [ERROR] ./src/lib/store.ts:12:1
Export SEED_COMMUNITY_POSTS doesn't exist in target module
  10 | ...
  11 | ...
> 12 | ...SECTIONS, SEED_SCHEDULE_EVENTS, SEED_CHAT_MESSAGES, SEED_WORK_ENGAGEMENTS, SEED_WORKER_...
     |    ^^^^^^^^^^^^^^^^^^^^^^^^^^^^^^^^^^^^^^^^^^^^^^^^^^^^^^^^^^^^^^^^^^^^^^^^^^^^^^^^^^^^^^^^^^
  13 | ...
  14 | ...
  15 | ...

The export SEED_COMMUNITY_POSTS was not found in module [project]/src/lib/seed.ts [app-ssr] (ecmascript).
Did you mean to import SEED_UNITS?
All exports of the module are statically known (It doesn't have dynamic exports). So it's known statically that the requested export doesn't exist.

Import traces:
  Client Component Browser:
    ./src/lib/store.ts [Client Component Browser]
    ./src/app/page.tsx [Client Component Browser]
    ./src/app/page.tsx [Server Component]

  Client Component SSR:
    ./src/lib/store.ts [Client Component SSR]
    ./src/app/page.tsx [Client Component SSR]
    ./src/app/page.tsx [Server Component] @ http://localhost:3003/_next/static/chunks/node_modules_next_dist_0u_w_5s._.js:1945
[    4565ms] [ERROR] ./src/lib/store.ts:12:1
Export SEED_COMMUNITY_POSTS doesn't exist in target module
  10 | ...
  11 | ...
> 12 | ...SECTIONS, SEED_SCHEDULE_EVENTS, SEED_CHAT_MESSAGES, SEED_WORK_ENGAGEMENTS, SEED_WORKER_...
     |    ^^^^^^^^^^^^^^^^^^^^^^^^^^^^^^^^^^^^^^^^^^^^^^^^^^^^^^^^^^^^^^^^^^^^^^^^^^^^^^^^^^^^^^^^^^
  13 | ...
  14 | ...
  15 | ...

The export SEED_COMMUNITY_POSTS was not found in module [project]/src/lib/seed.ts [app-client] (ecmascript).
Did you mean to import SEED_UNITS?
All exports of the module are statically known (It doesn't have dynamic exports). So it's known statically that the requested export doesn't exist.

Import traces:
  Client Component Browser:
    ./src/lib/store.ts [Client Component Browser]
    ./src/app/page.tsx [Client Component Browser]
    ./src/app/page.tsx [Server Component]

  Client Component SSR:
    ./src/lib/store.ts [Client Component SSR]
    ./src/app/page.tsx [Client Component SSR]
    ./src/app/page.tsx [Server Component] @ http://localhost:3003/_next/static/chunks/node_modules_next_dist_0u_w_5s._.js:1945
[    4565ms] [ERROR] ./src/lib/store.ts:12:1
Export SEED_COMMUNITY_POSTS doesn't exist in target module
  10 | ...
  11 | ...
> 12 | ...SECTIONS, SEED_SCHEDULE_EVENTS, SEED_CHAT_MESSAGES, SEED_WORK_ENGAGEMENTS, SEED_WORKER_...
     |    ^^^^^^^^^^^^^^^^^^^^^^^^^^^^^^^^^^^^^^^^^^^^^^^^^^^^^^^^^^^^^^^^^^^^^^^^^^^^^^^^^^^^^^^^^^
  13 | ...
  14 | ...
  15 | ...

The export SEED_COMMUNITY_POSTS was not found in module [project]/src/lib/seed.ts [app-ssr] (ecmascript).
Did you mean to import SEED_UNITS?
All exports of the module are statically known (It doesn't have dynamic exports). So it's known statically that the requested export doesn't exist.

Import traces:
  Client Component Browser:
    ./src/lib/store.ts [Client Component Browser]
    ./src/app/page.tsx [Client Component Browser]
    ./src/app/page.tsx [Server Component]

  Client Component SSR:
    ./src/lib/store.ts [Client Component SSR]
    ./src/app/page.tsx [Client Component SSR]
    ./src/app/page.tsx [Server Component] @ http://localhost:3003/_next/static/chunks/node_modules_next_dist_0u_w_5s._.js:1945
[    4622ms] [ERROR] ./src/lib/store.ts:12:1
Export SEED_COMMUNITY_POSTS doesn't exist in target module
  10 | ...
  11 | ...
> 12 | ...SECTIONS, SEED_SCHEDULE_EVENTS, SEED_CHAT_MESSAGES, SEED_WORK_ENGAGEMENTS, SEED_WORKER_...
     |    ^^^^^^^^^^^^^^^^^^^^^^^^^^^^^^^^^^^^^^^^^^^^^^^^^^^^^^^^^^^^^^^^^^^^^^^^^^^^^^^^^^^^^^^^^^
  13 | ...
  14 | ...
  15 | ...

The export SEED_COMMUNITY_POSTS was not found in module [project]/src/lib/seed.ts [app-client] (ecmascript).
Did you mean to import SEED_UNITS?
All exports of the module are statically known (It doesn't have dynamic exports). So it's known statically that the requested export doesn't exist.

Import traces:
  Client Component Browser:
    ./src/lib/store.ts [Client Component Browser]
    ./src/app/page.tsx [Client Component Browser]
    ./src/app/page.tsx [Server Component]

  Client Component SSR:
    ./src/lib/store.ts [Client Component SSR]
    ./src/app/page.tsx [Client Component SSR]
    ./src/app/page.tsx [Server Component] @ http://localhost:3003/_next/static/chunks/node_modules_next_dist_0u_w_5s._.js:1945
[    4622ms] [ERROR] ./src/lib/store.ts:12:1
Export SEED_COMMUNITY_POSTS doesn't exist in target module
  10 | ...
  11 | ...
> 12 | ...SECTIONS, SEED_SCHEDULE_EVENTS, SEED_CHAT_MESSAGES, SEED_WORK_ENGAGEMENTS, SEED_WORKER_...
     |    ^^^^^^^^^^^^^^^^^^^^^^^^^^^^^^^^^^^^^^^^^^^^^^^^^^^^^^^^^^^^^^^^^^^^^^^^^^^^^^^^^^^^^^^^^^
  13 | ...
  14 | ...
  15 | ...

The export SEED_COMMUNITY_POSTS was not found in module [project]/src/lib/seed.ts [app-ssr] (ecmascript).
Did you mean to import SEED_UNITS?
All exports of the module are statically known (It doesn't have dynamic exports). So it's known statically that the requested export doesn't exist.

Import traces:
  Client Component Browser:
    ./src/lib/store.ts [Client Component Browser]
    ./src/app/page.tsx [Client Component Browser]
    ./src/app/page.tsx [Server Component]

  Client Component SSR:
    ./src/lib/store.ts [Client Component SSR]
    ./src/app/page.tsx [Client Component SSR]
    ./src/app/page.tsx [Server Component] @ http://localhost:3003/_next/static/chunks/node_modules_next_dist_0u_w_5s._.js:1945
[    4675ms] [ERROR] ./src/lib/store.ts:12:1
Export SEED_COMMUNITY_POSTS doesn't exist in target module
  10 | ...
  11 | ...
> 12 | ...SECTIONS, SEED_SCHEDULE_EVENTS, SEED_CHAT_MESSAGES, SEED_WORK_ENGAGEMENTS, SEED_WORKER_...
     |    ^^^^^^^^^^^^^^^^^^^^^^^^^^^^^^^^^^^^^^^^^^^^^^^^^^^^^^^^^^^^^^^^^^^^^^^^^^^^^^^^^^^^^^^^^^
  13 | ...
  14 | ...
  15 | ...

The export SEED_COMMUNITY_POSTS was not found in module [project]/src/lib/seed.ts [app-client] (ecmascript).
Did you mean to import SEED_UNITS?
All exports of the module are statically known (It doesn't have dynamic exports). So it's known statically that the requested export doesn't exist.

Import traces:
  Client Component Browser:
    ./src/lib/store.ts [Client Component Browser]
    ./src/app/page.tsx [Client Component Browser]
    ./src/app/page.tsx [Server Component]

  Client Component SSR:
    ./src/lib/store.ts [Client Component SSR]
    ./src/app/page.tsx [Client Component SSR]
    ./src/app/page.tsx [Server Component] @ http://localhost:3003/_next/static/chunks/node_modules_next_dist_0u_w_5s._.js:1945
[    4675ms] [ERROR] ./src/lib/store.ts:12:1
Export SEED_COMMUNITY_POSTS doesn't exist in target module
  10 | ...
  11 | ...
> 12 | ...SECTIONS, SEED_SCHEDULE_EVENTS, SEED_CHAT_MESSAGES, SEED_WORK_ENGAGEMENTS, SEED_WORKER_...
     |    ^^^^^^^^^^^^^^^^^^^^^^^^^^^^^^^^^^^^^^^^^^^^^^^^^^^^^^^^^^^^^^^^^^^^^^^^^^^^^^^^^^^^^^^^^^
  13 | ...
  14 | ...
  15 | ...

The export SEED_COMMUNITY_POSTS was not found in module [project]/src/lib/seed.ts [app-ssr] (ecmascript).
Did you mean to import SEED_UNITS?
All exports of the module are statically known (It doesn't have dynamic exports). So it's known statically that the requested export doesn't exist.

Import traces:
  Client Component Browser:
    ./src/lib/store.ts [Client Component Browser]
    ./src/app/page.tsx [Client Component Browser]
    ./src/app/page.tsx [Server Component]

  Client Component SSR:
    ./src/lib/store.ts [Client Component SSR]
    ./src/app/page.tsx [Client Component SSR]
    ./src/app/page.tsx [Server Component] @ http://localhost:3003/_next/static/chunks/node_modules_next_dist_0u_w_5s._.js:1945
[    4756ms] [ERROR] ./src/lib/store.ts:12:1
Export SEED_COMMUNITY_POSTS doesn't exist in target module
  10 | ...
  11 | ...
> 12 | ...SECTIONS, SEED_SCHEDULE_EVENTS, SEED_CHAT_MESSAGES, SEED_WORK_ENGAGEMENTS, SEED_WORKER_...
     |    ^^^^^^^^^^^^^^^^^^^^^^^^^^^^^^^^^^^^^^^^^^^^^^^^^^^^^^^^^^^^^^^^^^^^^^^^^^^^^^^^^^^^^^^^^^
  13 | ...
  14 | ...
  15 | ...

The export SEED_COMMUNITY_POSTS was not found in module [project]/src/lib/seed.ts [app-client] (ecmascript).
Did you mean to import SEED_UNITS?
All exports of the module are statically known (It doesn't have dynamic exports). So it's known statically that the requested export doesn't exist.

Import traces:
  Client Component Browser:
    ./src/lib/store.ts [Client Component Browser]
    ./src/app/page.tsx [Client Component Browser]
    ./src/app/page.tsx [Server Component]

  Client Component SSR:
    ./src/lib/store.ts [Client Component SSR]
    ./src/app/page.tsx [Client Component SSR]
    ./src/app/page.tsx [Server Component] @ http://localhost:3003/_next/static/chunks/node_modules_next_dist_0u_w_5s._.js:1945
[    4756ms] [ERROR] ./src/lib/store.ts:12:1
Export SEED_COMMUNITY_POSTS doesn't exist in target module
  10 | ...
  11 | ...
> 12 | ...SECTIONS, SEED_SCHEDULE_EVENTS, SEED_CHAT_MESSAGES, SEED_WORK_ENGAGEMENTS, SEED_WORKER_...
     |    ^^^^^^^^^^^^^^^^^^^^^^^^^^^^^^^^^^^^^^^^^^^^^^^^^^^^^^^^^^^^^^^^^^^^^^^^^^^^^^^^^^^^^^^^^^
  13 | ...
  14 | ...
  15 | ...

The export SEED_COMMUNITY_POSTS was not found in module [project]/src/lib/seed.ts [app-ssr] (ecmascript).
Did you mean to import SEED_UNITS?
All exports of the module are statically known (It doesn't have dynamic exports). So it's known statically that the requested export doesn't exist.

Import traces:
  Client Component Browser:
    ./src/lib/store.ts [Client Component Browser]
    ./src/app/page.tsx [Client Component Browser]
    ./src/app/page.tsx [Server Component]

  Client Component SSR:
    ./src/lib/store.ts [Client Component SSR]
    ./src/app/page.tsx [Client Component SSR]
    ./src/app/page.tsx [Server Component] @ http://localhost:3003/_next/static/chunks/node_modules_next_dist_0u_w_5s._.js:1945
[    4805ms] [ERROR] ./src/lib/store.ts:12:1
Export SEED_COMMUNITY_POSTS doesn't exist in target module
  10 | ...
  11 | ...
> 12 | ...SECTIONS, SEED_SCHEDULE_EVENTS, SEED_CHAT_MESSAGES, SEED_WORK_ENGAGEMENTS, SEED_WORKER_...
     |    ^^^^^^^^^^^^^^^^^^^^^^^^^^^^^^^^^^^^^^^^^^^^^^^^^^^^^^^^^^^^^^^^^^^^^^^^^^^^^^^^^^^^^^^^^^
  13 | ...
  14 | ...
  15 | ...

The export SEED_COMMUNITY_POSTS was not found in module [project]/src/lib/seed.ts [app-client] (ecmascript).
Did you mean to import SEED_UNITS?
All exports of the module are statically known (It doesn't have dynamic exports). So it's known statically that the requested export doesn't exist.

Import traces:
  Client Component Browser:
    ./src/lib/store.ts [Client Component Browser]
    ./src/app/page.tsx [Client Component Browser]
    ./src/app/page.tsx [Server Component]

  Client Component SSR:
    ./src/lib/store.ts [Client Component SSR]
    ./src/app/page.tsx [Client Component SSR]
    ./src/app/page.tsx [Server Component] @ http://localhost:3003/_next/static/chunks/node_modules_next_dist_0u_w_5s._.js:1945
[    4805ms] [ERROR] ./src/lib/store.ts:12:1
Export SEED_COMMUNITY_POSTS doesn't exist in target module
  10 | ...
  11 | ...
> 12 | ...SECTIONS, SEED_SCHEDULE_EVENTS, SEED_CHAT_MESSAGES, SEED_WORK_ENGAGEMENTS, SEED_WORKER_...
     |    ^^^^^^^^^^^^^^^^^^^^^^^^^^^^^^^^^^^^^^^^^^^^^^^^^^^^^^^^^^^^^^^^^^^^^^^^^^^^^^^^^^^^^^^^^^
  13 | ...
  14 | ...
  15 | ...

The export SEED_COMMUNITY_POSTS was not found in module [project]/src/lib/seed.ts [app-ssr] (ecmascript).
Did you mean to import SEED_UNITS?
All exports of the module are statically known (It doesn't have dynamic exports). So it's known statically that the requested export doesn't exist.

Import traces:
  Client Component Browser:
    ./src/lib/store.ts [Client Component Browser]
    ./src/app/page.tsx [Client Component Browser]
    ./src/app/page.tsx [Server Component]

  Client Component SSR:
    ./src/lib/store.ts [Client Component SSR]
    ./src/app/page.tsx [Client Component SSR]
    ./src/app/page.tsx [Server Component] @ http://localhost:3003/_next/static/chunks/node_modules_next_dist_0u_w_5s._.js:1945
[    4858ms] [ERROR] ./src/lib/store.ts:12:1
Export SEED_COMMUNITY_POSTS doesn't exist in target module
  10 | ...
  11 | ...
> 12 | ...SECTIONS, SEED_SCHEDULE_EVENTS, SEED_CHAT_MESSAGES, SEED_WORK_ENGAGEMENTS, SEED_WORKER_...
     |    ^^^^^^^^^^^^^^^^^^^^^^^^^^^^^^^^^^^^^^^^^^^^^^^^^^^^^^^^^^^^^^^^^^^^^^^^^^^^^^^^^^^^^^^^^^
  13 | ...
  14 | ...
  15 | ...

The export SEED_COMMUNITY_POSTS was not found in module [project]/src/lib/seed.ts [app-client] (ecmascript).
Did you mean to import SEED_UNITS?
All exports of the module are statically known (It doesn't have dynamic exports). So it's known statically that the requested export doesn't exist.

Import traces:
  Client Component Browser:
    ./src/lib/store.ts [Client Component Browser]
    ./src/app/page.tsx [Client Component Browser]
    ./src/app/page.tsx [Server Component]

  Client Component SSR:
    ./src/lib/store.ts [Client Component SSR]
    ./src/app/page.tsx [Client Component SSR]
    ./src/app/page.tsx [Server Component] @ http://localhost:3003/_next/static/chunks/node_modules_next_dist_0u_w_5s._.js:1945
[    4858ms] [ERROR] ./src/lib/store.ts:12:1
Export SEED_COMMUNITY_POSTS doesn't exist in target module
  10 | ...
  11 | ...
> 12 | ...SECTIONS, SEED_SCHEDULE_EVENTS, SEED_CHAT_MESSAGES, SEED_WORK_ENGAGEMENTS, SEED_WORKER_...
     |    ^^^^^^^^^^^^^^^^^^^^^^^^^^^^^^^^^^^^^^^^^^^^^^^^^^^^^^^^^^^^^^^^^^^^^^^^^^^^^^^^^^^^^^^^^^
  13 | ...
  14 | ...
  15 | ...

The export SEED_COMMUNITY_POSTS was not found in module [project]/src/lib/seed.ts [app-ssr] (ecmascript).
Did you mean to import SEED_UNITS?
All exports of the module are statically known (It doesn't have dynamic exports). So it's known statically that the requested export doesn't exist.

Import traces:
  Client Component Browser:
    ./src/lib/store.ts [Client Component Browser]
    ./src/app/page.tsx [Client Component Browser]
    ./src/app/page.tsx [Server Component]

  Client Component SSR:
    ./src/lib/store.ts [Client Component SSR]
    ./src/app/page.tsx [Client Component SSR]
    ./src/app/page.tsx [Server Component] @ http://localhost:3003/_next/static/chunks/node_modules_next_dist_0u_w_5s._.js:1945
[    4909ms] [ERROR] ./src/lib/store.ts:12:1
Export SEED_COMMUNITY_POSTS doesn't exist in target module
  10 | ...
  11 | ...
> 12 | ...SECTIONS, SEED_SCHEDULE_EVENTS, SEED_CHAT_MESSAGES, SEED_WORK_ENGAGEMENTS, SEED_WORKER_...
     |    ^^^^^^^^^^^^^^^^^^^^^^^^^^^^^^^^^^^^^^^^^^^^^^^^^^^^^^^^^^^^^^^^^^^^^^^^^^^^^^^^^^^^^^^^^^
  13 | ...
  14 | ...
  15 | ...

The export SEED_COMMUNITY_POSTS was not found in module [project]/src/lib/seed.ts [app-client] (ecmascript).
Did you mean to import SEED_UNITS?
All exports of the module are statically known (It doesn't have dynamic exports). So it's known statically that the requested export doesn't exist.

Import traces:
  Client Component Browser:
    ./src/lib/store.ts [Client Component Browser]
    ./src/app/page.tsx [Client Component Browser]
    ./src/app/page.tsx [Server Component]

  Client Component SSR:
    ./src/lib/store.ts [Client Component SSR]
    ./src/app/page.tsx [Client Component SSR]
    ./src/app/page.tsx [Server Component] @ http://localhost:3003/_next/static/chunks/node_modules_next_dist_0u_w_5s._.js:1945
[    4909ms] [ERROR] ./src/lib/store.ts:12:1
Export SEED_COMMUNITY_POSTS doesn't exist in target module
  10 | ...
  11 | ...
> 12 | ...SECTIONS, SEED_SCHEDULE_EVENTS, SEED_CHAT_MESSAGES, SEED_WORK_ENGAGEMENTS, SEED_WORKER_...
     |    ^^^^^^^^^^^^^^^^^^^^^^^^^^^^^^^^^^^^^^^^^^^^^^^^^^^^^^^^^^^^^^^^^^^^^^^^^^^^^^^^^^^^^^^^^^
  13 | ...
  14 | ...
  15 | ...

The export SEED_COMMUNITY_POSTS was not found in module [project]/src/lib/seed.ts [app-ssr] (ecmascript).
Did you mean to import SEED_UNITS?
All exports of the module are statically known (It doesn't have dynamic exports). So it's known statically that the requested export doesn't exist.

Import traces:
  Client Component Browser:
    ./src/lib/store.ts [Client Component Browser]
    ./src/app/page.tsx [Client Component Browser]
    ./src/app/page.tsx [Server Component]

  Client Component SSR:
    ./src/lib/store.ts [Client Component SSR]
    ./src/app/page.tsx [Client Component SSR]
    ./src/app/page.tsx [Server Component] @ http://localhost:3003/_next/static/chunks/node_modules_next_dist_0u_w_5s._.js:1945
[    4960ms] [ERROR] ./src/lib/store.ts:12:1
Export SEED_COMMUNITY_POSTS doesn't exist in target module
  10 | ...
  11 | ...
> 12 | ...SECTIONS, SEED_SCHEDULE_EVENTS, SEED_CHAT_MESSAGES, SEED_WORK_ENGAGEMENTS, SEED_WORKER_...
     |    ^^^^^^^^^^^^^^^^^^^^^^^^^^^^^^^^^^^^^^^^^^^^^^^^^^^^^^^^^^^^^^^^^^^^^^^^^^^^^^^^^^^^^^^^^^
  13 | ...
  14 | ...
  15 | ...

The export SEED_COMMUNITY_POSTS was not found in module [project]/src/lib/seed.ts [app-client] (ecmascript).
Did you mean to import SEED_UNITS?
All exports of the module are statically known (It doesn't have dynamic exports). So it's known statically that the requested export doesn't exist.

Import traces:
  Client Component Browser:
    ./src/lib/store.ts [Client Component Browser]
    ./src/app/page.tsx [Client Component Browser]
    ./src/app/page.tsx [Server Component]

  Client Component SSR:
    ./src/lib/store.ts [Client Component SSR]
    ./src/app/page.tsx [Client Component SSR]
    ./src/app/page.tsx [Server Component] @ http://localhost:3003/_next/static/chunks/node_modules_next_dist_0u_w_5s._.js:1945
[    4960ms] [ERROR] ./src/lib/store.ts:12:1
Export SEED_COMMUNITY_POSTS doesn't exist in target module
  10 | ...
  11 | ...
> 12 | ...SECTIONS, SEED_SCHEDULE_EVENTS, SEED_CHAT_MESSAGES, SEED_WORK_ENGAGEMENTS, SEED_WORKER_...
     |    ^^^^^^^^^^^^^^^^^^^^^^^^^^^^^^^^^^^^^^^^^^^^^^^^^^^^^^^^^^^^^^^^^^^^^^^^^^^^^^^^^^^^^^^^^^
  13 | ...
  14 | ...
  15 | ...

The export SEED_COMMUNITY_POSTS was not found in module [project]/src/lib/seed.ts [app-ssr] (ecmascript).
Did you mean to import SEED_UNITS?
All exports of the module are statically known (It doesn't have dynamic exports). So it's known statically that the requested export doesn't exist.

Import traces:
  Client Component Browser:
    ./src/lib/store.ts [Client Component Browser]
    ./src/app/page.tsx [Client Component Browser]
    ./src/app/page.tsx [Server Component]

  Client Component SSR:
    ./src/lib/store.ts [Client Component SSR]
    ./src/app/page.tsx [Client Component SSR]
    ./src/app/page.tsx [Server Component] @ http://localhost:3003/_next/static/chunks/node_modules_next_dist_0u_w_5s._.js:1945
[    5000ms] [ERROR] ./src/lib/store.ts:12:1
Export SEED_COMMUNITY_POSTS doesn't exist in target module
  10 | ...
  11 | ...
> 12 | ...SECTIONS, SEED_SCHEDULE_EVENTS, SEED_CHAT_MESSAGES, SEED_WORK_ENGAGEMENTS, SEED_WORKER_...
     |    ^^^^^^^^^^^^^^^^^^^^^^^^^^^^^^^^^^^^^^^^^^^^^^^^^^^^^^^^^^^^^^^^^^^^^^^^^^^^^^^^^^^^^^^^^^
  13 | ...
  14 | ...
  15 | ...

The export SEED_COMMUNITY_POSTS was not found in module [project]/src/lib/seed.ts [app-client] (ecmascript).
Did you mean to import SEED_UNITS?
All exports of the module are statically known (It doesn't have dynamic exports). So it's known statically that the requested export doesn't exist.

Import traces:
  Client Component Browser:
    ./src/lib/store.ts [Client Component Browser]
    ./src/app/page.tsx [Client Component Browser]
    ./src/app/page.tsx [Server Component]

  Client Component SSR:
    ./src/lib/store.ts [Client Component SSR]
    ./src/app/page.tsx [Client Component SSR]
    ./src/app/page.tsx [Server Component] @ http://localhost:3003/_next/static/chunks/node_modules_next_dist_0u_w_5s._.js:1945
[    5000ms] [ERROR] ./src/lib/store.ts:12:1
Export SEED_COMMUNITY_POSTS doesn't exist in target module
  10 | ...
  11 | ...
> 12 | ...SECTIONS, SEED_SCHEDULE_EVENTS, SEED_CHAT_MESSAGES, SEED_WORK_ENGAGEMENTS, SEED_WORKER_...
     |    ^^^^^^^^^^^^^^^^^^^^^^^^^^^^^^^^^^^^^^^^^^^^^^^^^^^^^^^^^^^^^^^^^^^^^^^^^^^^^^^^^^^^^^^^^^
  13 | ...
  14 | ...
  15 | ...

The export SEED_COMMUNITY_POSTS was not found in module [project]/src/lib/seed.ts [app-ssr] (ecmascript).
Did you mean to import SEED_UNITS?
All exports of the module are statically known (It doesn't have dynamic exports). So it's known statically that the requested export doesn't exist.

Import traces:
  Client Component Browser:
    ./src/lib/store.ts [Client Component Browser]
    ./src/app/page.tsx [Client Component Browser]
    ./src/app/page.tsx [Server Component]

  Client Component SSR:
    ./src/lib/store.ts [Client Component SSR]
    ./src/app/page.tsx [Client Component SSR]
    ./src/app/page.tsx [Server Component] @ http://localhost:3003/_next/static/chunks/node_modules_next_dist_0u_w_5s._.js:1945
[    5052ms] [ERROR] ./src/lib/store.ts:12:1
Export SEED_COMMUNITY_POSTS doesn't exist in target module
  10 | ...
  11 | ...
> 12 | ...SECTIONS, SEED_SCHEDULE_EVENTS, SEED_CHAT_MESSAGES, SEED_WORK_ENGAGEMENTS, SEED_WORKER_...
     |    ^^^^^^^^^^^^^^^^^^^^^^^^^^^^^^^^^^^^^^^^^^^^^^^^^^^^^^^^^^^^^^^^^^^^^^^^^^^^^^^^^^^^^^^^^^
  13 | ...
  14 | ...
  15 | ...

The export SEED_COMMUNITY_POSTS was not found in module [project]/src/lib/seed.ts [app-client] (ecmascript).
Did you mean to import SEED_UNITS?
All exports of the module are statically known (It doesn't have dynamic exports). So it's known statically that the requested export doesn't exist.

Import traces:
  Client Component Browser:
    ./src/lib/store.ts [Client Component Browser]
    ./src/app/page.tsx [Client Component Browser]
    ./src/app/page.tsx [Server Component]

  Client Component SSR:
    ./src/lib/store.ts [Client Component SSR]
    ./src/app/page.tsx [Client Component SSR]
    ./src/app/page.tsx [Server Component] @ http://localhost:3003/_next/static/chunks/node_modules_next_dist_0u_w_5s._.js:1945
[    5052ms] [ERROR] ./src/lib/store.ts:12:1
Export SEED_COMMUNITY_POSTS doesn't exist in target module
  10 | ...
  11 | ...
> 12 | ...SECTIONS, SEED_SCHEDULE_EVENTS, SEED_CHAT_MESSAGES, SEED_WORK_ENGAGEMENTS, SEED_WORKER_...
     |    ^^^^^^^^^^^^^^^^^^^^^^^^^^^^^^^^^^^^^^^^^^^^^^^^^^^^^^^^^^^^^^^^^^^^^^^^^^^^^^^^^^^^^^^^^^
  13 | ...
  14 | ...
  15 | ...

The export SEED_COMMUNITY_POSTS was not found in module [project]/src/lib/seed.ts [app-ssr] (ecmascript).
Did you mean to import SEED_UNITS?
All exports of the module are statically known (It doesn't have dynamic exports). So it's known statically that the requested export doesn't exist.

Import traces:
  Client Component Browser:
    ./src/lib/store.ts [Client Component Browser]
    ./src/app/page.tsx [Client Component Browser]
    ./src/app/page.tsx [Server Component]

  Client Component SSR:
    ./src/lib/store.ts [Client Component SSR]
    ./src/app/page.tsx [Client Component SSR]
    ./src/app/page.tsx [Server Component] @ http://localhost:3003/_next/static/chunks/node_modules_next_dist_0u_w_5s._.js:1945
[    5105ms] [ERROR] ./src/lib/store.ts:12:1
Export SEED_COMMUNITY_POSTS doesn't exist in target module
  10 | ...
  11 | ...
> 12 | ...SECTIONS, SEED_SCHEDULE_EVENTS, SEED_CHAT_MESSAGES, SEED_WORK_ENGAGEMENTS, SEED_WORKER_...
     |    ^^^^^^^^^^^^^^^^^^^^^^^^^^^^^^^^^^^^^^^^^^^^^^^^^^^^^^^^^^^^^^^^^^^^^^^^^^^^^^^^^^^^^^^^^^
  13 | ...
  14 | ...
  15 | ...

The export SEED_COMMUNITY_POSTS was not found in module [project]/src/lib/seed.ts [app-client] (ecmascript).
Did you mean to import SEED_UNITS?
All exports of the module are statically known (It doesn't have dynamic exports). So it's known statically that the requested export doesn't exist.

Import traces:
  Client Component Browser:
    ./src/lib/store.ts [Client Component Browser]
    ./src/app/page.tsx [Client Component Browser]
    ./src/app/page.tsx [Server Component]

  Client Component SSR:
    ./src/lib/store.ts [Client Component SSR]
    ./src/app/page.tsx [Client Component SSR]
    ./src/app/page.tsx [Server Component] @ http://localhost:3003/_next/static/chunks/node_modules_next_dist_0u_w_5s._.js:1945
[    5105ms] [ERROR] ./src/lib/store.ts:12:1
Export SEED_COMMUNITY_POSTS doesn't exist in target module
  10 | ...
  11 | ...
> 12 | ...SECTIONS, SEED_SCHEDULE_EVENTS, SEED_CHAT_MESSAGES, SEED_WORK_ENGAGEMENTS, SEED_WORKER_...
     |    ^^^^^^^^^^^^^^^^^^^^^^^^^^^^^^^^^^^^^^^^^^^^^^^^^^^^^^^^^^^^^^^^^^^^^^^^^^^^^^^^^^^^^^^^^^
  13 | ...
  14 | ...
  15 | ...

The export SEED_COMMUNITY_POSTS was not found in module [project]/src/lib/seed.ts [app-ssr] (ecmascript).
Did you mean to import SEED_UNITS?
All exports of the module are statically known (It doesn't have dynamic exports). So it's known statically that the requested export doesn't exist.

Import traces:
  Client Component Browser:
    ./src/lib/store.ts [Client Component Browser]
    ./src/app/page.tsx [Client Component Browser]
    ./src/app/page.tsx [Server Component]

  Client Component SSR:
    ./src/lib/store.ts [Client Component SSR]
    ./src/app/page.tsx [Client Component SSR]
    ./src/app/page.tsx [Server Component] @ http://localhost:3003/_next/static/chunks/node_modules_next_dist_0u_w_5s._.js:1945
[    5160ms] [ERROR] ./src/lib/store.ts:12:1
Export SEED_COMMUNITY_POSTS doesn't exist in target module
  10 | ...
  11 | ...
> 12 | ...SECTIONS, SEED_SCHEDULE_EVENTS, SEED_CHAT_MESSAGES, SEED_WORK_ENGAGEMENTS, SEED_WORKER_...
     |    ^^^^^^^^^^^^^^^^^^^^^^^^^^^^^^^^^^^^^^^^^^^^^^^^^^^^^^^^^^^^^^^^^^^^^^^^^^^^^^^^^^^^^^^^^^
  13 | ...
  14 | ...
  15 | ...

The export SEED_COMMUNITY_POSTS was not found in module [project]/src/lib/seed.ts [app-client] (ecmascript).
Did you mean to import SEED_UNITS?
All exports of the module are statically known (It doesn't have dynamic exports). So it's known statically that the requested export doesn't exist.

Import traces:
  Client Component Browser:
    ./src/lib/store.ts [Client Component Browser]
    ./src/app/page.tsx [Client Component Browser]
    ./src/app/page.tsx [Server Component]

  Client Component SSR:
    ./src/lib/store.ts [Client Component SSR]
    ./src/app/page.tsx [Client Component SSR]
    ./src/app/page.tsx [Server Component] @ http://localhost:3003/_next/static/chunks/node_modules_next_dist_0u_w_5s._.js:1945
[    5160ms] [ERROR] ./src/lib/store.ts:12:1
Export SEED_COMMUNITY_POSTS doesn't exist in target module
  10 | ...
  11 | ...
> 12 | ...SECTIONS, SEED_SCHEDULE_EVENTS, SEED_CHAT_MESSAGES, SEED_WORK_ENGAGEMENTS, SEED_WORKER_...
     |    ^^^^^^^^^^^^^^^^^^^^^^^^^^^^^^^^^^^^^^^^^^^^^^^^^^^^^^^^^^^^^^^^^^^^^^^^^^^^^^^^^^^^^^^^^^
  13 | ...
  14 | ...
  15 | ...

The export SEED_COMMUNITY_POSTS was not found in module [project]/src/lib/seed.ts [app-ssr] (ecmascript).
Did you mean to import SEED_UNITS?
All exports of the module are statically known (It doesn't have dynamic exports). So it's known statically that the requested export doesn't exist.

Import traces:
  Client Component Browser:
    ./src/lib/store.ts [Client Component Browser]
    ./src/app/page.tsx [Client Component Browser]
    ./src/app/page.tsx [Server Component]

  Client Component SSR:
    ./src/lib/store.ts [Client Component SSR]
    ./src/app/page.tsx [Client Component SSR]
    ./src/app/page.tsx [Server Component] @ http://localhost:3003/_next/static/chunks/node_modules_next_dist_0u_w_5s._.js:1945
[    5218ms] [ERROR] ./src/lib/store.ts:12:1
Export SEED_COMMUNITY_POSTS doesn't exist in target module
  10 | ...
  11 | ...
> 12 | ...SECTIONS, SEED_SCHEDULE_EVENTS, SEED_CHAT_MESSAGES, SEED_WORK_ENGAGEMENTS, SEED_WORKER_...
     |    ^^^^^^^^^^^^^^^^^^^^^^^^^^^^^^^^^^^^^^^^^^^^^^^^^^^^^^^^^^^^^^^^^^^^^^^^^^^^^^^^^^^^^^^^^^
  13 | ...
  14 | ...
  15 | ...

The export SEED_COMMUNITY_POSTS was not found in module [project]/src/lib/seed.ts [app-client] (ecmascript).
Did you mean to import SEED_UNITS?
All exports of the module are statically known (It doesn't have dynamic exports). So it's known statically that the requested export doesn't exist.

Import traces:
  Client Component Browser:
    ./src/lib/store.ts [Client Component Browser]
    ./src/app/page.tsx [Client Component Browser]
    ./src/app/page.tsx [Server Component]

  Client Component SSR:
    ./src/lib/store.ts [Client Component SSR]
    ./src/app/page.tsx [Client Component SSR]
    ./src/app/page.tsx [Server Component] @ http://localhost:3003/_next/static/chunks/node_modules_next_dist_0u_w_5s._.js:1945
[    5218ms] [ERROR] ./src/lib/store.ts:12:1
Export SEED_COMMUNITY_POSTS doesn't exist in target module
  10 | ...
  11 | ...
> 12 | ...SECTIONS, SEED_SCHEDULE_EVENTS, SEED_CHAT_MESSAGES, SEED_WORK_ENGAGEMENTS, SEED_WORKER_...
     |    ^^^^^^^^^^^^^^^^^^^^^^^^^^^^^^^^^^^^^^^^^^^^^^^^^^^^^^^^^^^^^^^^^^^^^^^^^^^^^^^^^^^^^^^^^^
  13 | ...
  14 | ...
  15 | ...

The export SEED_COMMUNITY_POSTS was not found in module [project]/src/lib/seed.ts [app-ssr] (ecmascript).
Did you mean to import SEED_UNITS?
All exports of the module are statically known (It doesn't have dynamic exports). So it's known statically that the requested export doesn't exist.

Import traces:
  Client Component Browser:
    ./src/lib/store.ts [Client Component Browser]
    ./src/app/page.tsx [Client Component Browser]
    ./src/app/page.tsx [Server Component]

  Client Component SSR:
    ./src/lib/store.ts [Client Component SSR]
    ./src/app/page.tsx [Client Component SSR]
    ./src/app/page.tsx [Server Component] @ http://localhost:3003/_next/static/chunks/node_modules_next_dist_0u_w_5s._.js:1945
[    5273ms] [ERROR] ./src/lib/store.ts:12:1
Export SEED_COMMUNITY_POSTS doesn't exist in target module
  10 | ...
  11 | ...
> 12 | ...SECTIONS, SEED_SCHEDULE_EVENTS, SEED_CHAT_MESSAGES, SEED_WORK_ENGAGEMENTS, SEED_WORKER_...
     |    ^^^^^^^^^^^^^^^^^^^^^^^^^^^^^^^^^^^^^^^^^^^^^^^^^^^^^^^^^^^^^^^^^^^^^^^^^^^^^^^^^^^^^^^^^^
  13 | ...
  14 | ...
  15 | ...

The export SEED_COMMUNITY_POSTS was not found in module [project]/src/lib/seed.ts [app-client] (ecmascript).
Did you mean to import SEED_UNITS?
All exports of the module are statically known (It doesn't have dynamic exports). So it's known statically that the requested export doesn't exist.

Import traces:
  Client Component Browser:
    ./src/lib/store.ts [Client Component Browser]
    ./src/app/page.tsx [Client Component Browser]
    ./src/app/page.tsx [Server Component]

  Client Component SSR:
    ./src/lib/store.ts [Client Component SSR]
    ./src/app/page.tsx [Client Component SSR]
    ./src/app/page.tsx [Server Component] @ http://localhost:3003/_next/static/chunks/node_modules_next_dist_0u_w_5s._.js:1945
[    5273ms] [ERROR] ./src/lib/store.ts:12:1
Export SEED_COMMUNITY_POSTS doesn't exist in target module
  10 | ...
  11 | ...
> 12 | ...SECTIONS, SEED_SCHEDULE_EVENTS, SEED_CHAT_MESSAGES, SEED_WORK_ENGAGEMENTS, SEED_WORKER_...
     |    ^^^^^^^^^^^^^^^^^^^^^^^^^^^^^^^^^^^^^^^^^^^^^^^^^^^^^^^^^^^^^^^^^^^^^^^^^^^^^^^^^^^^^^^^^^
  13 | ...
  14 | ...
  15 | ...

The export SEED_COMMUNITY_POSTS was not found in module [project]/src/lib/seed.ts [app-ssr] (ecmascript).
Did you mean to import SEED_UNITS?
All exports of the module are statically known (It doesn't have dynamic exports). So it's known statically that the requested export doesn't exist.

Import traces:
  Client Component Browser:
    ./src/lib/store.ts [Client Component Browser]
    ./src/app/page.tsx [Client Component Browser]
    ./src/app/page.tsx [Server Component]

  Client Component SSR:
    ./src/lib/store.ts [Client Component SSR]
    ./src/app/page.tsx [Client Component SSR]
    ./src/app/page.tsx [Server Component] @ http://localhost:3003/_next/static/chunks/node_modules_next_dist_0u_w_5s._.js:1945
[    5331ms] [ERROR] ./src/lib/store.ts:12:1
Export SEED_COMMUNITY_POSTS doesn't exist in target module
  10 | ...
  11 | ...
> 12 | ...SECTIONS, SEED_SCHEDULE_EVENTS, SEED_CHAT_MESSAGES, SEED_WORK_ENGAGEMENTS, SEED_WORKER_...
     |    ^^^^^^^^^^^^^^^^^^^^^^^^^^^^^^^^^^^^^^^^^^^^^^^^^^^^^^^^^^^^^^^^^^^^^^^^^^^^^^^^^^^^^^^^^^
  13 | ...
  14 | ...
  15 | ...

The export SEED_COMMUNITY_POSTS was not found in module [project]/src/lib/seed.ts [app-client] (ecmascript).
Did you mean to import SEED_UNITS?
All exports of the module are statically known (It doesn't have dynamic exports). So it's known statically that the requested export doesn't exist.

Import traces:
  Client Component Browser:
    ./src/lib/store.ts [Client Component Browser]
    ./src/app/page.tsx [Client Component Browser]
    ./src/app/page.tsx [Server Component]

  Client Component SSR:
    ./src/lib/store.ts [Client Component SSR]
    ./src/app/page.tsx [Client Component SSR]
    ./src/app/page.tsx [Server Component] @ http://localhost:3003/_next/static/chunks/node_modules_next_dist_0u_w_5s._.js:1945
[    5331ms] [ERROR] ./src/lib/store.ts:12:1
Export SEED_COMMUNITY_POSTS doesn't exist in target module
  10 | ...
  11 | ...
> 12 | ...SECTIONS, SEED_SCHEDULE_EVENTS, SEED_CHAT_MESSAGES, SEED_WORK_ENGAGEMENTS, SEED_WORKER_...
     |    ^^^^^^^^^^^^^^^^^^^^^^^^^^^^^^^^^^^^^^^^^^^^^^^^^^^^^^^^^^^^^^^^^^^^^^^^^^^^^^^^^^^^^^^^^^
  13 | ...
  14 | ...
  15 | ...

The export SEED_COMMUNITY_POSTS was not found in module [project]/src/lib/seed.ts [app-ssr] (ecmascript).
Did you mean to import SEED_UNITS?
All exports of the module are statically known (It doesn't have dynamic exports). So it's known statically that the requested export doesn't exist.

Import traces:
  Client Component Browser:
    ./src/lib/store.ts [Client Component Browser]
    ./src/app/page.tsx [Client Component Browser]
    ./src/app/page.tsx [Server Component]

  Client Component SSR:
    ./src/lib/store.ts [Client Component SSR]
    ./src/app/page.tsx [Client Component SSR]
    ./src/app/page.tsx [Server Component] @ http://localhost:3003/_next/static/chunks/node_modules_next_dist_0u_w_5s._.js:1945
[    5386ms] [ERROR] ./src/lib/store.ts:12:1
Export SEED_COMMUNITY_POSTS doesn't exist in target module
  10 | ...
  11 | ...
> 12 | ...SECTIONS, SEED_SCHEDULE_EVENTS, SEED_CHAT_MESSAGES, SEED_WORK_ENGAGEMENTS, SEED_WORKER_...
     |    ^^^^^^^^^^^^^^^^^^^^^^^^^^^^^^^^^^^^^^^^^^^^^^^^^^^^^^^^^^^^^^^^^^^^^^^^^^^^^^^^^^^^^^^^^^
  13 | ...
  14 | ...
  15 | ...

The export SEED_COMMUNITY_POSTS was not found in module [project]/src/lib/seed.ts [app-client] (ecmascript).
Did you mean to import SEED_UNITS?
All exports of the module are statically known (It doesn't have dynamic exports). So it's known statically that the requested export doesn't exist.

Import traces:
  Client Component Browser:
    ./src/lib/store.ts [Client Component Browser]
    ./src/app/page.tsx [Client Component Browser]
    ./src/app/page.tsx [Server Component]

  Client Component SSR:
    ./src/lib/store.ts [Client Component SSR]
    ./src/app/page.tsx [Client Component SSR]
    ./src/app/page.tsx [Server Component] @ http://localhost:3003/_next/static/chunks/node_modules_next_dist_0u_w_5s._.js:1945
[    5386ms] [ERROR] ./src/lib/store.ts:12:1
Export SEED_COMMUNITY_POSTS doesn't exist in target module
  10 | ...
  11 | ...
> 12 | ...SECTIONS, SEED_SCHEDULE_EVENTS, SEED_CHAT_MESSAGES, SEED_WORK_ENGAGEMENTS, SEED_WORKER_...
     |    ^^^^^^^^^^^^^^^^^^^^^^^^^^^^^^^^^^^^^^^^^^^^^^^^^^^^^^^^^^^^^^^^^^^^^^^^^^^^^^^^^^^^^^^^^^
  13 | ...
  14 | ...
  15 | ...

The export SEED_COMMUNITY_POSTS was not found in module [project]/src/lib/seed.ts [app-ssr] (ecmascript).
Did you mean to import SEED_UNITS?
All exports of the module are statically known (It doesn't have dynamic exports). So it's known statically that the requested export doesn't exist.

Import traces:
  Client Component Browser:
    ./src/lib/store.ts [Client Component Browser]
    ./src/app/page.tsx [Client Component Browser]
    ./src/app/page.tsx [Server Component]

  Client Component SSR:
    ./src/lib/store.ts [Client Component SSR]
    ./src/app/page.tsx [Client Component SSR]
    ./src/app/page.tsx [Server Component] @ http://localhost:3003/_next/static/chunks/node_modules_next_dist_0u_w_5s._.js:1945
[    5438ms] [ERROR] ./src/lib/store.ts:12:1
Export SEED_COMMUNITY_POSTS doesn't exist in target module
  10 | ...
  11 | ...
> 12 | ...SECTIONS, SEED_SCHEDULE_EVENTS, SEED_CHAT_MESSAGES, SEED_WORK_ENGAGEMENTS, SEED_WORKER_...
     |    ^^^^^^^^^^^^^^^^^^^^^^^^^^^^^^^^^^^^^^^^^^^^^^^^^^^^^^^^^^^^^^^^^^^^^^^^^^^^^^^^^^^^^^^^^^
  13 | ...
  14 | ...
  15 | ...

The export SEED_COMMUNITY_POSTS was not found in module [project]/src/lib/seed.ts [app-client] (ecmascript).
Did you mean to import SEED_UNITS?
All exports of the module are statically known (It doesn't have dynamic exports). So it's known statically that the requested export doesn't exist.

Import traces:
  Client Component Browser:
    ./src/lib/store.ts [Client Component Browser]
    ./src/app/page.tsx [Client Component Browser]
    ./src/app/page.tsx [Server Component]

  Client Component SSR:
    ./src/lib/store.ts [Client Component SSR]
    ./src/app/page.tsx [Client Component SSR]
    ./src/app/page.tsx [Server Component] @ http://localhost:3003/_next/static/chunks/node_modules_next_dist_0u_w_5s._.js:1945
[    5438ms] [ERROR] ./src/lib/store.ts:12:1
Export SEED_COMMUNITY_POSTS doesn't exist in target module
  10 | ...
  11 | ...
> 12 | ...SECTIONS, SEED_SCHEDULE_EVENTS, SEED_CHAT_MESSAGES, SEED_WORK_ENGAGEMENTS, SEED_WORKER_...
     |    ^^^^^^^^^^^^^^^^^^^^^^^^^^^^^^^^^^^^^^^^^^^^^^^^^^^^^^^^^^^^^^^^^^^^^^^^^^^^^^^^^^^^^^^^^^
  13 | ...
  14 | ...
  15 | ...

The export SEED_COMMUNITY_POSTS was not found in module [project]/src/lib/seed.ts [app-ssr] (ecmascript).
Did you mean to import SEED_UNITS?
All exports of the module are statically known (It doesn't have dynamic exports). So it's known statically that the requested export doesn't exist.

Import traces:
  Client Component Browser:
    ./src/lib/store.ts [Client Component Browser]
    ./src/app/page.tsx [Client Component Browser]
    ./src/app/page.tsx [Server Component]

  Client Component SSR:
    ./src/lib/store.ts [Client Component SSR]
    ./src/app/page.tsx [Client Component SSR]
    ./src/app/page.tsx [Server Component] @ http://localhost:3003/_next/static/chunks/node_modules_next_dist_0u_w_5s._.js:1945
[    5490ms] [ERROR] ./src/lib/store.ts:12:1
Export SEED_COMMUNITY_POSTS doesn't exist in target module
  10 | ...
  11 | ...
> 12 | ...SECTIONS, SEED_SCHEDULE_EVENTS, SEED_CHAT_MESSAGES, SEED_WORK_ENGAGEMENTS, SEED_WORKER_...
     |    ^^^^^^^^^^^^^^^^^^^^^^^^^^^^^^^^^^^^^^^^^^^^^^^^^^^^^^^^^^^^^^^^^^^^^^^^^^^^^^^^^^^^^^^^^^
  13 | ...
  14 | ...
  15 | ...

The export SEED_COMMUNITY_POSTS was not found in module [project]/src/lib/seed.ts [app-client] (ecmascript).
Did you mean to import SEED_UNITS?
All exports of the module are statically known (It doesn't have dynamic exports). So it's known statically that the requested export doesn't exist.

Import traces:
  Client Component Browser:
    ./src/lib/store.ts [Client Component Browser]
    ./src/app/page.tsx [Client Component Browser]
    ./src/app/page.tsx [Server Component]

  Client Component SSR:
    ./src/lib/store.ts [Client Component SSR]
    ./src/app/page.tsx [Client Component SSR]
    ./src/app/page.tsx [Server Component] @ http://localhost:3003/_next/static/chunks/node_modules_next_dist_0u_w_5s._.js:1945
[    5490ms] [ERROR] ./src/lib/store.ts:12:1
Export SEED_COMMUNITY_POSTS doesn't exist in target module
  10 | ...
  11 | ...
> 12 | ...SECTIONS, SEED_SCHEDULE_EVENTS, SEED_CHAT_MESSAGES, SEED_WORK_ENGAGEMENTS, SEED_WORKER_...
     |    ^^^^^^^^^^^^^^^^^^^^^^^^^^^^^^^^^^^^^^^^^^^^^^^^^^^^^^^^^^^^^^^^^^^^^^^^^^^^^^^^^^^^^^^^^^
  13 | ...
  14 | ...
  15 | ...

The export SEED_COMMUNITY_POSTS was not found in module [project]/src/lib/seed.ts [app-ssr] (ecmascript).
Did you mean to import SEED_UNITS?
All exports of the module are statically known (It doesn't have dynamic exports). So it's known statically that the requested export doesn't exist.

Import traces:
  Client Component Browser:
    ./src/lib/store.ts [Client Component Browser]
    ./src/app/page.tsx [Client Component Browser]
    ./src/app/page.tsx [Server Component]

  Client Component SSR:
    ./src/lib/store.ts [Client Component SSR]
    ./src/app/page.tsx [Client Component SSR]
    ./src/app/page.tsx [Server Component] @ http://localhost:3003/_next/static/chunks/node_modules_next_dist_0u_w_5s._.js:1945
[    5532ms] [ERROR] ./src/lib/store.ts:12:1
Export SEED_COMMUNITY_POSTS doesn't exist in target module
  10 | ...
  11 | ...
> 12 | ...SECTIONS, SEED_SCHEDULE_EVENTS, SEED_CHAT_MESSAGES, SEED_WORK_ENGAGEMENTS, SEED_WORKER_...
     |    ^^^^^^^^^^^^^^^^^^^^^^^^^^^^^^^^^^^^^^^^^^^^^^^^^^^^^^^^^^^^^^^^^^^^^^^^^^^^^^^^^^^^^^^^^^
  13 | ...
  14 | ...
  15 | ...

The export SEED_COMMUNITY_POSTS was not found in module [project]/src/lib/seed.ts [app-client] (ecmascript).
Did you mean to import SEED_UNITS?
All exports of the module are statically known (It doesn't have dynamic exports). So it's known statically that the requested export doesn't exist.

Import traces:
  Client Component Browser:
    ./src/lib/store.ts [Client Component Browser]
    ./src/app/page.tsx [Client Component Browser]
    ./src/app/page.tsx [Server Component]

  Client Component SSR:
    ./src/lib/store.ts [Client Component SSR]
    ./src/app/page.tsx [Client Component SSR]
    ./src/app/page.tsx [Server Component] @ http://localhost:3003/_next/static/chunks/node_modules_next_dist_0u_w_5s._.js:1945
[    5532ms] [ERROR] ./src/lib/store.ts:12:1
Export SEED_COMMUNITY_POSTS doesn't exist in target module
  10 | ...
  11 | ...
> 12 | ...SECTIONS, SEED_SCHEDULE_EVENTS, SEED_CHAT_MESSAGES, SEED_WORK_ENGAGEMENTS, SEED_WORKER_...
     |    ^^^^^^^^^^^^^^^^^^^^^^^^^^^^^^^^^^^^^^^^^^^^^^^^^^^^^^^^^^^^^^^^^^^^^^^^^^^^^^^^^^^^^^^^^^
  13 | ...
  14 | ...
  15 | ...

The export SEED_COMMUNITY_POSTS was not found in module [project]/src/lib/seed.ts [app-ssr] (ecmascript).
Did you mean to import SEED_UNITS?
All exports of the module are statically known (It doesn't have dynamic exports). So it's known statically that the requested export doesn't exist.

Import traces:
  Client Component Browser:
    ./src/lib/store.ts [Client Component Browser]
    ./src/app/page.tsx [Client Component Browser]
    ./src/app/page.tsx [Server Component]

  Client Component SSR:
    ./src/lib/store.ts [Client Component SSR]
    ./src/app/page.tsx [Client Component SSR]
    ./src/app/page.tsx [Server Component] @ http://localhost:3003/_next/static/chunks/node_modules_next_dist_0u_w_5s._.js:1945
[    5577ms] [ERROR] ./src/lib/store.ts:12:1
Export SEED_COMMUNITY_POSTS doesn't exist in target module
  10 | ...
  11 | ...
> 12 | ...SECTIONS, SEED_SCHEDULE_EVENTS, SEED_CHAT_MESSAGES, SEED_WORK_ENGAGEMENTS, SEED_WORKER_...
     |    ^^^^^^^^^^^^^^^^^^^^^^^^^^^^^^^^^^^^^^^^^^^^^^^^^^^^^^^^^^^^^^^^^^^^^^^^^^^^^^^^^^^^^^^^^^
  13 | ...
  14 | ...
  15 | ...

The export SEED_COMMUNITY_POSTS was not found in module [project]/src/lib/seed.ts [app-client] (ecmascript).
Did you mean to import SEED_UNITS?
All exports of the module are statically known (It doesn't have dynamic exports). So it's known statically that the requested export doesn't exist.

Import traces:
  Client Component Browser:
    ./src/lib/store.ts [Client Component Browser]
    ./src/app/page.tsx [Client Component Browser]
    ./src/app/page.tsx [Server Component]

  Client Component SSR:
    ./src/lib/store.ts [Client Component SSR]
    ./src/app/page.tsx [Client Component SSR]
    ./src/app/page.tsx [Server Component] @ http://localhost:3003/_next/static/chunks/node_modules_next_dist_0u_w_5s._.js:1945
[    5577ms] [ERROR] ./src/lib/store.ts:12:1
Export SEED_COMMUNITY_POSTS doesn't exist in target module
  10 | ...
  11 | ...
> 12 | ...SECTIONS, SEED_SCHEDULE_EVENTS, SEED_CHAT_MESSAGES, SEED_WORK_ENGAGEMENTS, SEED_WORKER_...
     |    ^^^^^^^^^^^^^^^^^^^^^^^^^^^^^^^^^^^^^^^^^^^^^^^^^^^^^^^^^^^^^^^^^^^^^^^^^^^^^^^^^^^^^^^^^^
  13 | ...
  14 | ...
  15 | ...

The export SEED_COMMUNITY_POSTS was not found in module [project]/src/lib/seed.ts [app-ssr] (ecmascript).
Did you mean to import SEED_UNITS?
All exports of the module are statically known (It doesn't have dynamic exports). So it's known statically that the requested export doesn't exist.

Import traces:
  Client Component Browser:
    ./src/lib/store.ts [Client Component Browser]
    ./src/app/page.tsx [Client Component Browser]
    ./src/app/page.tsx [Server Component]

  Client Component SSR:
    ./src/lib/store.ts [Client Component SSR]
    ./src/app/page.tsx [Client Component SSR]
    ./src/app/page.tsx [Server Component] @ http://localhost:3003/_next/static/chunks/node_modules_next_dist_0u_w_5s._.js:1945
[    5630ms] [ERROR] ./src/lib/store.ts:12:1
Export SEED_COMMUNITY_POSTS doesn't exist in target module
  10 | ...
  11 | ...
> 12 | ...SECTIONS, SEED_SCHEDULE_EVENTS, SEED_CHAT_MESSAGES, SEED_WORK_ENGAGEMENTS, SEED_WORKER_...
     |    ^^^^^^^^^^^^^^^^^^^^^^^^^^^^^^^^^^^^^^^^^^^^^^^^^^^^^^^^^^^^^^^^^^^^^^^^^^^^^^^^^^^^^^^^^^
  13 | ...
  14 | ...
  15 | ...

The export SEED_COMMUNITY_POSTS was not found in module [project]/src/lib/seed.ts [app-client] (ecmascript).
Did you mean to import SEED_UNITS?
All exports of the module are statically known (It doesn't have dynamic exports). So it's known statically that the requested export doesn't exist.

Import traces:
  Client Component Browser:
    ./src/lib/store.ts [Client Component Browser]
    ./src/app/page.tsx [Client Component Browser]
    ./src/app/page.tsx [Server Component]

  Client Component SSR:
    ./src/lib/store.ts [Client Component SSR]
    ./src/app/page.tsx [Client Component SSR]
    ./src/app/page.tsx [Server Component] @ http://localhost:3003/_next/static/chunks/node_modules_next_dist_0u_w_5s._.js:1945
[    5630ms] [ERROR] ./src/lib/store.ts:12:1
Export SEED_COMMUNITY_POSTS doesn't exist in target module
  10 | ...
  11 | ...
> 12 | ...SECTIONS, SEED_SCHEDULE_EVENTS, SEED_CHAT_MESSAGES, SEED_WORK_ENGAGEMENTS, SEED_WORKER_...
     |    ^^^^^^^^^^^^^^^^^^^^^^^^^^^^^^^^^^^^^^^^^^^^^^^^^^^^^^^^^^^^^^^^^^^^^^^^^^^^^^^^^^^^^^^^^^
  13 | ...
  14 | ...
  15 | ...

The export SEED_COMMUNITY_POSTS was not found in module [project]/src/lib/seed.ts [app-ssr] (ecmascript).
Did you mean to import SEED_UNITS?
All exports of the module are statically known (It doesn't have dynamic exports). So it's known statically that the requested export doesn't exist.

Import traces:
  Client Component Browser:
    ./src/lib/store.ts [Client Component Browser]
    ./src/app/page.tsx [Client Component Browser]
    ./src/app/page.tsx [Server Component]

  Client Component SSR:
    ./src/lib/store.ts [Client Component SSR]
    ./src/app/page.tsx [Client Component SSR]
    ./src/app/page.tsx [Server Component] @ http://localhost:3003/_next/static/chunks/node_modules_next_dist_0u_w_5s._.js:1945
[    5681ms] [ERROR] ./src/lib/store.ts:12:1
Export SEED_COMMUNITY_POSTS doesn't exist in target module
  10 | ...
  11 | ...
> 12 | ...SECTIONS, SEED_SCHEDULE_EVENTS, SEED_CHAT_MESSAGES, SEED_WORK_ENGAGEMENTS, SEED_WORKER_...
     |    ^^^^^^^^^^^^^^^^^^^^^^^^^^^^^^^^^^^^^^^^^^^^^^^^^^^^^^^^^^^^^^^^^^^^^^^^^^^^^^^^^^^^^^^^^^
  13 | ...
  14 | ...
  15 | ...

The export SEED_COMMUNITY_POSTS was not found in module [project]/src/lib/seed.ts [app-client] (ecmascript).
Did you mean to import SEED_UNITS?
All exports of the module are statically known (It doesn't have dynamic exports). So it's known statically that the requested export doesn't exist.

Import traces:
  Client Component Browser:
    ./src/lib/store.ts [Client Component Browser]
    ./src/app/page.tsx [Client Component Browser]
    ./src/app/page.tsx [Server Component]

  Client Component SSR:
    ./src/lib/store.ts [Client Component SSR]
    ./src/app/page.tsx [Client Component SSR]
    ./src/app/page.tsx [Server Component] @ http://localhost:3003/_next/static/chunks/node_modules_next_dist_0u_w_5s._.js:1945
[    5681ms] [ERROR] ./src/lib/store.ts:12:1
Export SEED_COMMUNITY_POSTS doesn't exist in target module
  10 | ...
  11 | ...
> 12 | ...SECTIONS, SEED_SCHEDULE_EVENTS, SEED_CHAT_MESSAGES, SEED_WORK_ENGAGEMENTS, SEED_WORKER_...
     |    ^^^^^^^^^^^^^^^^^^^^^^^^^^^^^^^^^^^^^^^^^^^^^^^^^^^^^^^^^^^^^^^^^^^^^^^^^^^^^^^^^^^^^^^^^^
  13 | ...
  14 | ...
  15 | ...

The export SEED_COMMUNITY_POSTS was not found in module [project]/src/lib/seed.ts [app-ssr] (ecmascript).
Did you mean to import SEED_UNITS?
All exports of the module are statically known (It doesn't have dynamic exports). So it's known statically that the requested export doesn't exist.

Import traces:
  Client Component Browser:
    ./src/lib/store.ts [Client Component Browser]
    ./src/app/page.tsx [Client Component Browser]
    ./src/app/page.tsx [Server Component]

  Client Component SSR:
    ./src/lib/store.ts [Client Component SSR]
    ./src/app/page.tsx [Client Component SSR]
    ./src/app/page.tsx [Server Component] @ http://localhost:3003/_next/static/chunks/node_modules_next_dist_0u_w_5s._.js:1945
[    5732ms] [ERROR] ./src/lib/store.ts:12:1
Export SEED_COMMUNITY_POSTS doesn't exist in target module
  10 | ...
  11 | ...
> 12 | ...SECTIONS, SEED_SCHEDULE_EVENTS, SEED_CHAT_MESSAGES, SEED_WORK_ENGAGEMENTS, SEED_WORKER_...
     |    ^^^^^^^^^^^^^^^^^^^^^^^^^^^^^^^^^^^^^^^^^^^^^^^^^^^^^^^^^^^^^^^^^^^^^^^^^^^^^^^^^^^^^^^^^^
  13 | ...
  14 | ...
  15 | ...

The export SEED_COMMUNITY_POSTS was not found in module [project]/src/lib/seed.ts [app-client] (ecmascript).
Did you mean to import SEED_UNITS?
All exports of the module are statically known (It doesn't have dynamic exports). So it's known statically that the requested export doesn't exist.

Import traces:
  Client Component Browser:
    ./src/lib/store.ts [Client Component Browser]
    ./src/app/page.tsx [Client Component Browser]
    ./src/app/page.tsx [Server Component]

  Client Component SSR:
    ./src/lib/store.ts [Client Component SSR]
    ./src/app/page.tsx [Client Component SSR]
    ./src/app/page.tsx [Server Component] @ http://localhost:3003/_next/static/chunks/node_modules_next_dist_0u_w_5s._.js:1945
[    5733ms] [ERROR] ./src/lib/store.ts:12:1
Export SEED_COMMUNITY_POSTS doesn't exist in target module
  10 | ...
  11 | ...
> 12 | ...SECTIONS, SEED_SCHEDULE_EVENTS, SEED_CHAT_MESSAGES, SEED_WORK_ENGAGEMENTS, SEED_WORKER_...
     |    ^^^^^^^^^^^^^^^^^^^^^^^^^^^^^^^^^^^^^^^^^^^^^^^^^^^^^^^^^^^^^^^^^^^^^^^^^^^^^^^^^^^^^^^^^^
  13 | ...
  14 | ...
  15 | ...

The export SEED_COMMUNITY_POSTS was not found in module [project]/src/lib/seed.ts [app-ssr] (ecmascript).
Did you mean to import SEED_UNITS?
All exports of the module are statically known (It doesn't have dynamic exports). So it's known statically that the requested export doesn't exist.

Import traces:
  Client Component Browser:
    ./src/lib/store.ts [Client Component Browser]
    ./src/app/page.tsx [Client Component Browser]
    ./src/app/page.tsx [Server Component]

  Client Component SSR:
    ./src/lib/store.ts [Client Component SSR]
    ./src/app/page.tsx [Client Component SSR]
    ./src/app/page.tsx [Server Component] @ http://localhost:3003/_next/static/chunks/node_modules_next_dist_0u_w_5s._.js:1945
[    5789ms] [ERROR] ./src/lib/store.ts:12:1
Export SEED_COMMUNITY_POSTS doesn't exist in target module
  10 | ...
  11 | ...
> 12 | ...SECTIONS, SEED_SCHEDULE_EVENTS, SEED_CHAT_MESSAGES, SEED_WORK_ENGAGEMENTS, SEED_WORKER_...
     |    ^^^^^^^^^^^^^^^^^^^^^^^^^^^^^^^^^^^^^^^^^^^^^^^^^^^^^^^^^^^^^^^^^^^^^^^^^^^^^^^^^^^^^^^^^^
  13 | ...
  14 | ...
  15 | ...

The export SEED_COMMUNITY_POSTS was not found in module [project]/src/lib/seed.ts [app-client] (ecmascript).
Did you mean to import SEED_UNITS?
All exports of the module are statically known (It doesn't have dynamic exports). So it's known statically that the requested export doesn't exist.

Import traces:
  Client Component Browser:
    ./src/lib/store.ts [Client Component Browser]
    ./src/app/page.tsx [Client Component Browser]
    ./src/app/page.tsx [Server Component]

  Client Component SSR:
    ./src/lib/store.ts [Client Component SSR]
    ./src/app/page.tsx [Client Component SSR]
    ./src/app/page.tsx [Server Component] @ http://localhost:3003/_next/static/chunks/node_modules_next_dist_0u_w_5s._.js:1945
[    5790ms] [ERROR] ./src/lib/store.ts:12:1
Export SEED_COMMUNITY_POSTS doesn't exist in target module
  10 | ...
  11 | ...
> 12 | ...SECTIONS, SEED_SCHEDULE_EVENTS, SEED_CHAT_MESSAGES, SEED_WORK_ENGAGEMENTS, SEED_WORKER_...
     |    ^^^^^^^^^^^^^^^^^^^^^^^^^^^^^^^^^^^^^^^^^^^^^^^^^^^^^^^^^^^^^^^^^^^^^^^^^^^^^^^^^^^^^^^^^^
  13 | ...
  14 | ...
  15 | ...

The export SEED_COMMUNITY_POSTS was not found in module [project]/src/lib/seed.ts [app-ssr] (ecmascript).
Did you mean to import SEED_UNITS?
All exports of the module are statically known (It doesn't have dynamic exports). So it's known statically that the requested export doesn't exist.

Import traces:
  Client Component Browser:
    ./src/lib/store.ts [Client Component Browser]
    ./src/app/page.tsx [Client Component Browser]
    ./src/app/page.tsx [Server Component]

  Client Component SSR:
    ./src/lib/store.ts [Client Component SSR]
    ./src/app/page.tsx [Client Component SSR]
    ./src/app/page.tsx [Server Component] @ http://localhost:3003/_next/static/chunks/node_modules_next_dist_0u_w_5s._.js:1945
[    5840ms] [ERROR] ./src/lib/store.ts:12:1
Export SEED_COMMUNITY_POSTS doesn't exist in target module
  10 | ...
  11 | ...
> 12 | ...SECTIONS, SEED_SCHEDULE_EVENTS, SEED_CHAT_MESSAGES, SEED_WORK_ENGAGEMENTS, SEED_WORKER_...
     |    ^^^^^^^^^^^^^^^^^^^^^^^^^^^^^^^^^^^^^^^^^^^^^^^^^^^^^^^^^^^^^^^^^^^^^^^^^^^^^^^^^^^^^^^^^^
  13 | ...
  14 | ...
  15 | ...

The export SEED_COMMUNITY_POSTS was not found in module [project]/src/lib/seed.ts [app-client] (ecmascript).
Did you mean to import SEED_UNITS?
All exports of the module are statically known (It doesn't have dynamic exports). So it's known statically that the requested export doesn't exist.

Import traces:
  Client Component Browser:
    ./src/lib/store.ts [Client Component Browser]
    ./src/app/page.tsx [Client Component Browser]
    ./src/app/page.tsx [Server Component]

  Client Component SSR:
    ./src/lib/store.ts [Client Component SSR]
    ./src/app/page.tsx [Client Component SSR]
    ./src/app/page.tsx [Server Component] @ http://localhost:3003/_next/static/chunks/node_modules_next_dist_0u_w_5s._.js:1945
[    5840ms] [ERROR] ./src/lib/store.ts:12:1
Export SEED_COMMUNITY_POSTS doesn't exist in target module
  10 | ...
  11 | ...
> 12 | ...SECTIONS, SEED_SCHEDULE_EVENTS, SEED_CHAT_MESSAGES, SEED_WORK_ENGAGEMENTS, SEED_WORKER_...
     |    ^^^^^^^^^^^^^^^^^^^^^^^^^^^^^^^^^^^^^^^^^^^^^^^^^^^^^^^^^^^^^^^^^^^^^^^^^^^^^^^^^^^^^^^^^^
  13 | ...
  14 | ...
  15 | ...

The export SEED_COMMUNITY_POSTS was not found in module [project]/src/lib/seed.ts [app-ssr] (ecmascript).
Did you mean to import SEED_UNITS?
All exports of the module are statically known (It doesn't have dynamic exports). So it's known statically that the requested export doesn't exist.

Import traces:
  Client Component Browser:
    ./src/lib/store.ts [Client Component Browser]
    ./src/app/page.tsx [Client Component Browser]
    ./src/app/page.tsx [Server Component]

  Client Component SSR:
    ./src/lib/store.ts [Client Component SSR]
    ./src/app/page.tsx [Client Component SSR]
    ./src/app/page.tsx [Server Component] @ http://localhost:3003/_next/static/chunks/node_modules_next_dist_0u_w_5s._.js:1945
[    5892ms] [ERROR] ./src/lib/store.ts:12:1
Export SEED_COMMUNITY_POSTS doesn't exist in target module
  10 | ...
  11 | ...
> 12 | ...SECTIONS, SEED_SCHEDULE_EVENTS, SEED_CHAT_MESSAGES, SEED_WORK_ENGAGEMENTS, SEED_WORKER_...
     |    ^^^^^^^^^^^^^^^^^^^^^^^^^^^^^^^^^^^^^^^^^^^^^^^^^^^^^^^^^^^^^^^^^^^^^^^^^^^^^^^^^^^^^^^^^^
  13 | ...
  14 | ...
  15 | ...

The export SEED_COMMUNITY_POSTS was not found in module [project]/src/lib/seed.ts [app-client] (ecmascript).
Did you mean to import SEED_UNITS?
All exports of the module are statically known (It doesn't have dynamic exports). So it's known statically that the requested export doesn't exist.

Import traces:
  Client Component Browser:
    ./src/lib/store.ts [Client Component Browser]
    ./src/app/page.tsx [Client Component Browser]
    ./src/app/page.tsx [Server Component]

  Client Component SSR:
    ./src/lib/store.ts [Client Component SSR]
    ./src/app/page.tsx [Client Component SSR]
    ./src/app/page.tsx [Server Component] @ http://localhost:3003/_next/static/chunks/node_modules_next_dist_0u_w_5s._.js:1945
[    5892ms] [ERROR] ./src/lib/store.ts:12:1
Export SEED_COMMUNITY_POSTS doesn't exist in target module
  10 | ...
  11 | ...
> 12 | ...SECTIONS, SEED_SCHEDULE_EVENTS, SEED_CHAT_MESSAGES, SEED_WORK_ENGAGEMENTS, SEED_WORKER_...
     |    ^^^^^^^^^^^^^^^^^^^^^^^^^^^^^^^^^^^^^^^^^^^^^^^^^^^^^^^^^^^^^^^^^^^^^^^^^^^^^^^^^^^^^^^^^^
  13 | ...
  14 | ...
  15 | ...

The export SEED_COMMUNITY_POSTS was not found in module [project]/src/lib/seed.ts [app-ssr] (ecmascript).
Did you mean to import SEED_UNITS?
All exports of the module are statically known (It doesn't have dynamic exports). So it's known statically that the requested export doesn't exist.

Import traces:
  Client Component Browser:
    ./src/lib/store.ts [Client Component Browser]
    ./src/app/page.tsx [Client Component Browser]
    ./src/app/page.tsx [Server Component]

  Client Component SSR:
    ./src/lib/store.ts [Client Component SSR]
    ./src/app/page.tsx [Client Component SSR]
    ./src/app/page.tsx [Server Component] @ http://localhost:3003/_next/static/chunks/node_modules_next_dist_0u_w_5s._.js:1945
[    5948ms] [ERROR] ./src/lib/store.ts:12:1
Export SEED_COMMUNITY_POSTS doesn't exist in target module
  10 | ...
  11 | ...
> 12 | ...SECTIONS, SEED_SCHEDULE_EVENTS, SEED_CHAT_MESSAGES, SEED_WORK_ENGAGEMENTS, SEED_WORKER_...
     |    ^^^^^^^^^^^^^^^^^^^^^^^^^^^^^^^^^^^^^^^^^^^^^^^^^^^^^^^^^^^^^^^^^^^^^^^^^^^^^^^^^^^^^^^^^^
  13 | ...
  14 | ...
  15 | ...

The export SEED_COMMUNITY_POSTS was not found in module [project]/src/lib/seed.ts [app-client] (ecmascript).
Did you mean to import SEED_UNITS?
All exports of the module are statically known (It doesn't have dynamic exports). So it's known statically that the requested export doesn't exist.

Import traces:
  Client Component Browser:
    ./src/lib/store.ts [Client Component Browser]
    ./src/app/page.tsx [Client Component Browser]
    ./src/app/page.tsx [Server Component]

  Client Component SSR:
    ./src/lib/store.ts [Client Component SSR]
    ./src/app/page.tsx [Client Component SSR]
    ./src/app/page.tsx [Server Component] @ http://localhost:3003/_next/static/chunks/node_modules_next_dist_0u_w_5s._.js:1945
[    5948ms] [ERROR] ./src/lib/store.ts:12:1
Export SEED_COMMUNITY_POSTS doesn't exist in target module
  10 | ...
  11 | ...
> 12 | ...SECTIONS, SEED_SCHEDULE_EVENTS, SEED_CHAT_MESSAGES, SEED_WORK_ENGAGEMENTS, SEED_WORKER_...
     |    ^^^^^^^^^^^^^^^^^^^^^^^^^^^^^^^^^^^^^^^^^^^^^^^^^^^^^^^^^^^^^^^^^^^^^^^^^^^^^^^^^^^^^^^^^^
  13 | ...
  14 | ...
  15 | ...

The export SEED_COMMUNITY_POSTS was not found in module [project]/src/lib/seed.ts [app-ssr] (ecmascript).
Did you mean to import SEED_UNITS?
All exports of the module are statically known (It doesn't have dynamic exports). So it's known statically that the requested export doesn't exist.

Import traces:
  Client Component Browser:
    ./src/lib/store.ts [Client Component Browser]
    ./src/app/page.tsx [Client Component Browser]
    ./src/app/page.tsx [Server Component]

  Client Component SSR:
    ./src/lib/store.ts [Client Component SSR]
    ./src/app/page.tsx [Client Component SSR]
    ./src/app/page.tsx [Server Component] @ http://localhost:3003/_next/static/chunks/node_modules_next_dist_0u_w_5s._.js:1945
[    6000ms] [ERROR] ./src/lib/store.ts:12:1
Export SEED_COMMUNITY_POSTS doesn't exist in target module
  10 | ...
  11 | ...
> 12 | ...SECTIONS, SEED_SCHEDULE_EVENTS, SEED_CHAT_MESSAGES, SEED_WORK_ENGAGEMENTS, SEED_WORKER_...
     |    ^^^^^^^^^^^^^^^^^^^^^^^^^^^^^^^^^^^^^^^^^^^^^^^^^^^^^^^^^^^^^^^^^^^^^^^^^^^^^^^^^^^^^^^^^^
  13 | ...
  14 | ...
  15 | ...

The export SEED_COMMUNITY_POSTS was not found in module [project]/src/lib/seed.ts [app-client] (ecmascript).
Did you mean to import SEED_UNITS?
All exports of the module are statically known (It doesn't have dynamic exports). So it's known statically that the requested export doesn't exist.

Import traces:
  Client Component Browser:
    ./src/lib/store.ts [Client Component Browser]
    ./src/app/page.tsx [Client Component Browser]
    ./src/app/page.tsx [Server Component]

  Client Component SSR:
    ./src/lib/store.ts [Client Component SSR]
    ./src/app/page.tsx [Client Component SSR]
    ./src/app/page.tsx [Server Component] @ http://localhost:3003/_next/static/chunks/node_modules_next_dist_0u_w_5s._.js:1945
[    6000ms] [ERROR] ./src/lib/store.ts:12:1
Export SEED_COMMUNITY_POSTS doesn't exist in target module
  10 | ...
  11 | ...
> 12 | ...SECTIONS, SEED_SCHEDULE_EVENTS, SEED_CHAT_MESSAGES, SEED_WORK_ENGAGEMENTS, SEED_WORKER_...
     |    ^^^^^^^^^^^^^^^^^^^^^^^^^^^^^^^^^^^^^^^^^^^^^^^^^^^^^^^^^^^^^^^^^^^^^^^^^^^^^^^^^^^^^^^^^^
  13 | ...
  14 | ...
  15 | ...

The export SEED_COMMUNITY_POSTS was not found in module [project]/src/lib/seed.ts [app-ssr] (ecmascript).
Did you mean to import SEED_UNITS?
All exports of the module are statically known (It doesn't have dynamic exports). So it's known statically that the requested export doesn't exist.

Import traces:
  Client Component Browser:
    ./src/lib/store.ts [Client Component Browser]
    ./src/app/page.tsx [Client Component Browser]
    ./src/app/page.tsx [Server Component]

  Client Component SSR:
    ./src/lib/store.ts [Client Component SSR]
    ./src/app/page.tsx [Client Component SSR]
    ./src/app/page.tsx [Server Component] @ http://localhost:3003/_next/static/chunks/node_modules_next_dist_0u_w_5s._.js:1945
[    6050ms] [ERROR] ./src/lib/store.ts:12:1
Export SEED_COMMUNITY_POSTS doesn't exist in target module
  10 | ...
  11 | ...
> 12 | ...SECTIONS, SEED_SCHEDULE_EVENTS, SEED_CHAT_MESSAGES, SEED_WORK_ENGAGEMENTS, SEED_WORKER_...
     |    ^^^^^^^^^^^^^^^^^^^^^^^^^^^^^^^^^^^^^^^^^^^^^^^^^^^^^^^^^^^^^^^^^^^^^^^^^^^^^^^^^^^^^^^^^^
  13 | ...
  14 | ...
  15 | ...

The export SEED_COMMUNITY_POSTS was not found in module [project]/src/lib/seed.ts [app-client] (ecmascript).
Did you mean to import SEED_UNITS?
All exports of the module are statically known (It doesn't have dynamic exports). So it's known statically that the requested export doesn't exist.

Import traces:
  Client Component Browser:
    ./src/lib/store.ts [Client Component Browser]
    ./src/app/page.tsx [Client Component Browser]
    ./src/app/page.tsx [Server Component]

  Client Component SSR:
    ./src/lib/store.ts [Client Component SSR]
    ./src/app/page.tsx [Client Component SSR]
    ./src/app/page.tsx [Server Component] @ http://localhost:3003/_next/static/chunks/node_modules_next_dist_0u_w_5s._.js:1945
[    6050ms] [ERROR] ./src/lib/store.ts:12:1
Export SEED_COMMUNITY_POSTS doesn't exist in target module
  10 | ...
  11 | ...
> 12 | ...SECTIONS, SEED_SCHEDULE_EVENTS, SEED_CHAT_MESSAGES, SEED_WORK_ENGAGEMENTS, SEED_WORKER_...
     |    ^^^^^^^^^^^^^^^^^^^^^^^^^^^^^^^^^^^^^^^^^^^^^^^^^^^^^^^^^^^^^^^^^^^^^^^^^^^^^^^^^^^^^^^^^^
  13 | ...
  14 | ...
  15 | ...

The export SEED_COMMUNITY_POSTS was not found in module [project]/src/lib/seed.ts [app-ssr] (ecmascript).
Did you mean to import SEED_UNITS?
All exports of the module are statically known (It doesn't have dynamic exports). So it's known statically that the requested export doesn't exist.

Import traces:
  Client Component Browser:
    ./src/lib/store.ts [Client Component Browser]
    ./src/app/page.tsx [Client Component Browser]
    ./src/app/page.tsx [Server Component]

  Client Component SSR:
    ./src/lib/store.ts [Client Component SSR]
    ./src/app/page.tsx [Client Component SSR]
    ./src/app/page.tsx [Server Component] @ http://localhost:3003/_next/static/chunks/node_modules_next_dist_0u_w_5s._.js:1945
[    6110ms] [ERROR] ./src/lib/store.ts:12:1
Export SEED_COMMUNITY_POSTS doesn't exist in target module
  10 | ...
  11 | ...
> 12 | ...SECTIONS, SEED_SCHEDULE_EVENTS, SEED_CHAT_MESSAGES, SEED_WORK_ENGAGEMENTS, SEED_WORKER_...
     |    ^^^^^^^^^^^^^^^^^^^^^^^^^^^^^^^^^^^^^^^^^^^^^^^^^^^^^^^^^^^^^^^^^^^^^^^^^^^^^^^^^^^^^^^^^^
  13 | ...
  14 | ...
  15 | ...

The export SEED_COMMUNITY_POSTS was not found in module [project]/src/lib/seed.ts [app-client] (ecmascript).
Did you mean to import SEED_UNITS?
All exports of the module are statically known (It doesn't have dynamic exports). So it's known statically that the requested export doesn't exist.

Import traces:
  Client Component Browser:
    ./src/lib/store.ts [Client Component Browser]
    ./src/app/page.tsx [Client Component Browser]
    ./src/app/page.tsx [Server Component]

  Client Component SSR:
    ./src/lib/store.ts [Client Component SSR]
    ./src/app/page.tsx [Client Component SSR]
    ./src/app/page.tsx [Server Component] @ http://localhost:3003/_next/static/chunks/node_modules_next_dist_0u_w_5s._.js:1945
[    6110ms] [ERROR] ./src/lib/store.ts:12:1
Export SEED_COMMUNITY_POSTS doesn't exist in target module
  10 | ...
  11 | ...
> 12 | ...SECTIONS, SEED_SCHEDULE_EVENTS, SEED_CHAT_MESSAGES, SEED_WORK_ENGAGEMENTS, SEED_WORKER_...
     |    ^^^^^^^^^^^^^^^^^^^^^^^^^^^^^^^^^^^^^^^^^^^^^^^^^^^^^^^^^^^^^^^^^^^^^^^^^^^^^^^^^^^^^^^^^^
  13 | ...
  14 | ...
  15 | ...

The export SEED_COMMUNITY_POSTS was not found in module [project]/src/lib/seed.ts [app-ssr] (ecmascript).
Did you mean to import SEED_UNITS?
All exports of the module are statically known (It doesn't have dynamic exports). So it's known statically that the requested export doesn't exist.

Import traces:
  Client Component Browser:
    ./src/lib/store.ts [Client Component Browser]
    ./src/app/page.tsx [Client Component Browser]
    ./src/app/page.tsx [Server Component]

  Client Component SSR:
    ./src/lib/store.ts [Client Component SSR]
    ./src/app/page.tsx [Client Component SSR]
    ./src/app/page.tsx [Server Component] @ http://localhost:3003/_next/static/chunks/node_modules_next_dist_0u_w_5s._.js:1945
[    6163ms] [ERROR] ./src/lib/store.ts:12:1
Export SEED_COMMUNITY_POSTS doesn't exist in target module
  10 | ...
  11 | ...
> 12 | ...SECTIONS, SEED_SCHEDULE_EVENTS, SEED_CHAT_MESSAGES, SEED_WORK_ENGAGEMENTS, SEED_WORKER_...
     |    ^^^^^^^^^^^^^^^^^^^^^^^^^^^^^^^^^^^^^^^^^^^^^^^^^^^^^^^^^^^^^^^^^^^^^^^^^^^^^^^^^^^^^^^^^^
  13 | ...
  14 | ...
  15 | ...

The export SEED_COMMUNITY_POSTS was not found in module [project]/src/lib/seed.ts [app-client] (ecmascript).
Did you mean to import SEED_UNITS?
All exports of the module are statically known (It doesn't have dynamic exports). So it's known statically that the requested export doesn't exist.

Import traces:
  Client Component Browser:
    ./src/lib/store.ts [Client Component Browser]
    ./src/app/page.tsx [Client Component Browser]
    ./src/app/page.tsx [Server Component]

  Client Component SSR:
    ./src/lib/store.ts [Client Component SSR]
    ./src/app/page.tsx [Client Component SSR]
    ./src/app/page.tsx [Server Component] @ http://localhost:3003/_next/static/chunks/node_modules_next_dist_0u_w_5s._.js:1945
[    6163ms] [ERROR] ./src/lib/store.ts:12:1
Export SEED_COMMUNITY_POSTS doesn't exist in target module
  10 | ...
  11 | ...
> 12 | ...SECTIONS, SEED_SCHEDULE_EVENTS, SEED_CHAT_MESSAGES, SEED_WORK_ENGAGEMENTS, SEED_WORKER_...
     |    ^^^^^^^^^^^^^^^^^^^^^^^^^^^^^^^^^^^^^^^^^^^^^^^^^^^^^^^^^^^^^^^^^^^^^^^^^^^^^^^^^^^^^^^^^^
  13 | ...
  14 | ...
  15 | ...

The export SEED_COMMUNITY_POSTS was not found in module [project]/src/lib/seed.ts [app-ssr] (ecmascript).
Did you mean to import SEED_UNITS?
All exports of the module are statically known (It doesn't have dynamic exports). So it's known statically that the requested export doesn't exist.

Import traces:
  Client Component Browser:
    ./src/lib/store.ts [Client Component Browser]
    ./src/app/page.tsx [Client Component Browser]
    ./src/app/page.tsx [Server Component]

  Client Component SSR:
    ./src/lib/store.ts [Client Component SSR]
    ./src/app/page.tsx [Client Component SSR]
    ./src/app/page.tsx [Server Component] @ http://localhost:3003/_next/static/chunks/node_modules_next_dist_0u_w_5s._.js:1945
[    6217ms] [ERROR] ./src/lib/store.ts:12:1
Export SEED_COMMUNITY_POSTS doesn't exist in target module
  10 | ...
  11 | ...
> 12 | ...SECTIONS, SEED_SCHEDULE_EVENTS, SEED_CHAT_MESSAGES, SEED_WORK_ENGAGEMENTS, SEED_WORKER_...
     |    ^^^^^^^^^^^^^^^^^^^^^^^^^^^^^^^^^^^^^^^^^^^^^^^^^^^^^^^^^^^^^^^^^^^^^^^^^^^^^^^^^^^^^^^^^^
  13 | ...
  14 | ...
  15 | ...

The export SEED_COMMUNITY_POSTS was not found in module [project]/src/lib/seed.ts [app-client] (ecmascript).
Did you mean to import SEED_UNITS?
All exports of the module are statically known (It doesn't have dynamic exports). So it's known statically that the requested export doesn't exist.

Import traces:
  Client Component Browser:
    ./src/lib/store.ts [Client Component Browser]
    ./src/app/page.tsx [Client Component Browser]
    ./src/app/page.tsx [Server Component]

  Client Component SSR:
    ./src/lib/store.ts [Client Component SSR]
    ./src/app/page.tsx [Client Component SSR]
    ./src/app/page.tsx [Server Component] @ http://localhost:3003/_next/static/chunks/node_modules_next_dist_0u_w_5s._.js:1945
[    6217ms] [ERROR] ./src/lib/store.ts:12:1
Export SEED_COMMUNITY_POSTS doesn't exist in target module
  10 | ...
  11 | ...
> 12 | ...SECTIONS, SEED_SCHEDULE_EVENTS, SEED_CHAT_MESSAGES, SEED_WORK_ENGAGEMENTS, SEED_WORKER_...
     |    ^^^^^^^^^^^^^^^^^^^^^^^^^^^^^^^^^^^^^^^^^^^^^^^^^^^^^^^^^^^^^^^^^^^^^^^^^^^^^^^^^^^^^^^^^^
  13 | ...
  14 | ...
  15 | ...

The export SEED_COMMUNITY_POSTS was not found in module [project]/src/lib/seed.ts [app-ssr] (ecmascript).
Did you mean to import SEED_UNITS?
All exports of the module are statically known (It doesn't have dynamic exports). So it's known statically that the requested export doesn't exist.

Import traces:
  Client Component Browser:
    ./src/lib/store.ts [Client Component Browser]
    ./src/app/page.tsx [Client Component Browser]
    ./src/app/page.tsx [Server Component]

  Client Component SSR:
    ./src/lib/store.ts [Client Component SSR]
    ./src/app/page.tsx [Client Component SSR]
    ./src/app/page.tsx [Server Component] @ http://localhost:3003/_next/static/chunks/node_modules_next_dist_0u_w_5s._.js:1945
[    6271ms] [ERROR] ./src/lib/store.ts:12:1
Export SEED_COMMUNITY_POSTS doesn't exist in target module
  10 | ...
  11 | ...
> 12 | ...SECTIONS, SEED_SCHEDULE_EVENTS, SEED_CHAT_MESSAGES, SEED_WORK_ENGAGEMENTS, SEED_WORKER_...
     |    ^^^^^^^^^^^^^^^^^^^^^^^^^^^^^^^^^^^^^^^^^^^^^^^^^^^^^^^^^^^^^^^^^^^^^^^^^^^^^^^^^^^^^^^^^^
  13 | ...
  14 | ...
  15 | ...

The export SEED_COMMUNITY_POSTS was not found in module [project]/src/lib/seed.ts [app-client] (ecmascript).
Did you mean to import SEED_UNITS?
All exports of the module are statically known (It doesn't have dynamic exports). So it's known statically that the requested export doesn't exist.

Import traces:
  Client Component Browser:
    ./src/lib/store.ts [Client Component Browser]
    ./src/app/page.tsx [Client Component Browser]
    ./src/app/page.tsx [Server Component]

  Client Component SSR:
    ./src/lib/store.ts [Client Component SSR]
    ./src/app/page.tsx [Client Component SSR]
    ./src/app/page.tsx [Server Component] @ http://localhost:3003/_next/static/chunks/node_modules_next_dist_0u_w_5s._.js:1945
[    6271ms] [ERROR] ./src/lib/store.ts:12:1
Export SEED_COMMUNITY_POSTS doesn't exist in target module
  10 | ...
  11 | ...
> 12 | ...SECTIONS, SEED_SCHEDULE_EVENTS, SEED_CHAT_MESSAGES, SEED_WORK_ENGAGEMENTS, SEED_WORKER_...
     |    ^^^^^^^^^^^^^^^^^^^^^^^^^^^^^^^^^^^^^^^^^^^^^^^^^^^^^^^^^^^^^^^^^^^^^^^^^^^^^^^^^^^^^^^^^^
  13 | ...
  14 | ...
  15 | ...

The export SEED_COMMUNITY_POSTS was not found in module [project]/src/lib/seed.ts [app-ssr] (ecmascript).
Did you mean to import SEED_UNITS?
All exports of the module are statically known (It doesn't have dynamic exports). So it's known statically that the requested export doesn't exist.

Import traces:
  Client Component Browser:
    ./src/lib/store.ts [Client Component Browser]
    ./src/app/page.tsx [Client Component Browser]
    ./src/app/page.tsx [Server Component]

  Client Component SSR:
    ./src/lib/store.ts [Client Component SSR]
    ./src/app/page.tsx [Client Component SSR]
    ./src/app/page.tsx [Server Component] @ http://localhost:3003/_next/static/chunks/node_modules_next_dist_0u_w_5s._.js:1945
[    6329ms] [ERROR] ./src/lib/store.ts:12:1
Export SEED_COMMUNITY_POSTS doesn't exist in target module
  10 | ...
  11 | ...
> 12 | ...SECTIONS, SEED_SCHEDULE_EVENTS, SEED_CHAT_MESSAGES, SEED_WORK_ENGAGEMENTS, SEED_WORKER_...
     |    ^^^^^^^^^^^^^^^^^^^^^^^^^^^^^^^^^^^^^^^^^^^^^^^^^^^^^^^^^^^^^^^^^^^^^^^^^^^^^^^^^^^^^^^^^^
  13 | ...
  14 | ...
  15 | ...

The export SEED_COMMUNITY_POSTS was not found in module [project]/src/lib/seed.ts [app-client] (ecmascript).
Did you mean to import SEED_UNITS?
All exports of the module are statically known (It doesn't have dynamic exports). So it's known statically that the requested export doesn't exist.

Import traces:
  Client Component Browser:
    ./src/lib/store.ts [Client Component Browser]
    ./src/app/page.tsx [Client Component Browser]
    ./src/app/page.tsx [Server Component]

  Client Component SSR:
    ./src/lib/store.ts [Client Component SSR]
    ./src/app/page.tsx [Client Component SSR]
    ./src/app/page.tsx [Server Component] @ http://localhost:3003/_next/static/chunks/node_modules_next_dist_0u_w_5s._.js:1945
[    6329ms] [ERROR] ./src/lib/store.ts:12:1
Export SEED_COMMUNITY_POSTS doesn't exist in target module
  10 | ...
  11 | ...
> 12 | ...SECTIONS, SEED_SCHEDULE_EVENTS, SEED_CHAT_MESSAGES, SEED_WORK_ENGAGEMENTS, SEED_WORKER_...
     |    ^^^^^^^^^^^^^^^^^^^^^^^^^^^^^^^^^^^^^^^^^^^^^^^^^^^^^^^^^^^^^^^^^^^^^^^^^^^^^^^^^^^^^^^^^^
  13 | ...
  14 | ...
  15 | ...

The export SEED_COMMUNITY_POSTS was not found in module [project]/src/lib/seed.ts [app-ssr] (ecmascript).
Did you mean to import SEED_UNITS?
All exports of the module are statically known (It doesn't have dynamic exports). So it's known statically that the requested export doesn't exist.

Import traces:
  Client Component Browser:
    ./src/lib/store.ts [Client Component Browser]
    ./src/app/page.tsx [Client Component Browser]
    ./src/app/page.tsx [Server Component]

  Client Component SSR:
    ./src/lib/store.ts [Client Component SSR]
    ./src/app/page.tsx [Client Component SSR]
    ./src/app/page.tsx [Server Component] @ http://localhost:3003/_next/static/chunks/node_modules_next_dist_0u_w_5s._.js:1945
[    6387ms] [ERROR] ./src/lib/store.ts:12:1
Export SEED_COMMUNITY_POSTS doesn't exist in target module
  10 | ...
  11 | ...
> 12 | ...SECTIONS, SEED_SCHEDULE_EVENTS, SEED_CHAT_MESSAGES, SEED_WORK_ENGAGEMENTS, SEED_WORKER_...
     |    ^^^^^^^^^^^^^^^^^^^^^^^^^^^^^^^^^^^^^^^^^^^^^^^^^^^^^^^^^^^^^^^^^^^^^^^^^^^^^^^^^^^^^^^^^^
  13 | ...
  14 | ...
  15 | ...

The export SEED_COMMUNITY_POSTS was not found in module [project]/src/lib/seed.ts [app-client] (ecmascript).
Did you mean to import SEED_UNITS?
All exports of the module are statically known (It doesn't have dynamic exports). So it's known statically that the requested export doesn't exist.

Import traces:
  Client Component Browser:
    ./src/lib/store.ts [Client Component Browser]
    ./src/app/page.tsx [Client Component Browser]
    ./src/app/page.tsx [Server Component]

  Client Component SSR:
    ./src/lib/store.ts [Client Component SSR]
    ./src/app/page.tsx [Client Component SSR]
    ./src/app/page.tsx [Server Component] @ http://localhost:3003/_next/static/chunks/node_modules_next_dist_0u_w_5s._.js:1945
[    6387ms] [ERROR] ./src/lib/store.ts:12:1
Export SEED_COMMUNITY_POSTS doesn't exist in target module
  10 | ...
  11 | ...
> 12 | ...SECTIONS, SEED_SCHEDULE_EVENTS, SEED_CHAT_MESSAGES, SEED_WORK_ENGAGEMENTS, SEED_WORKER_...
     |    ^^^^^^^^^^^^^^^^^^^^^^^^^^^^^^^^^^^^^^^^^^^^^^^^^^^^^^^^^^^^^^^^^^^^^^^^^^^^^^^^^^^^^^^^^^
  13 | ...
  14 | ...
  15 | ...

The export SEED_COMMUNITY_POSTS was not found in module [project]/src/lib/seed.ts [app-ssr] (ecmascript).
Did you mean to import SEED_UNITS?
All exports of the module are statically known (It doesn't have dynamic exports). So it's known statically that the requested export doesn't exist.

Import traces:
  Client Component Browser:
    ./src/lib/store.ts [Client Component Browser]
    ./src/app/page.tsx [Client Component Browser]
    ./src/app/page.tsx [Server Component]

  Client Component SSR:
    ./src/lib/store.ts [Client Component SSR]
    ./src/app/page.tsx [Client Component SSR]
    ./src/app/page.tsx [Server Component] @ http://localhost:3003/_next/static/chunks/node_modules_next_dist_0u_w_5s._.js:1945
[    6443ms] [ERROR] ./src/lib/store.ts:12:1
Export SEED_COMMUNITY_POSTS doesn't exist in target module
  10 | ...
  11 | ...
> 12 | ...SECTIONS, SEED_SCHEDULE_EVENTS, SEED_CHAT_MESSAGES, SEED_WORK_ENGAGEMENTS, SEED_WORKER_...
     |    ^^^^^^^^^^^^^^^^^^^^^^^^^^^^^^^^^^^^^^^^^^^^^^^^^^^^^^^^^^^^^^^^^^^^^^^^^^^^^^^^^^^^^^^^^^
  13 | ...
  14 | ...
  15 | ...

The export SEED_COMMUNITY_POSTS was not found in module [project]/src/lib/seed.ts [app-client] (ecmascript).
Did you mean to import SEED_UNITS?
All exports of the module are statically known (It doesn't have dynamic exports). So it's known statically that the requested export doesn't exist.

Import traces:
  Client Component Browser:
    ./src/lib/store.ts [Client Component Browser]
    ./src/app/page.tsx [Client Component Browser]
    ./src/app/page.tsx [Server Component]

  Client Component SSR:
    ./src/lib/store.ts [Client Component SSR]
    ./src/app/page.tsx [Client Component SSR]
    ./src/app/page.tsx [Server Component] @ http://localhost:3003/_next/static/chunks/node_modules_next_dist_0u_w_5s._.js:1945
[    6443ms] [ERROR] ./src/lib/store.ts:12:1
Export SEED_COMMUNITY_POSTS doesn't exist in target module
  10 | ...
  11 | ...
> 12 | ...SECTIONS, SEED_SCHEDULE_EVENTS, SEED_CHAT_MESSAGES, SEED_WORK_ENGAGEMENTS, SEED_WORKER_...
     |    ^^^^^^^^^^^^^^^^^^^^^^^^^^^^^^^^^^^^^^^^^^^^^^^^^^^^^^^^^^^^^^^^^^^^^^^^^^^^^^^^^^^^^^^^^^
  13 | ...
  14 | ...
  15 | ...

The export SEED_COMMUNITY_POSTS was not found in module [project]/src/lib/seed.ts [app-ssr] (ecmascript).
Did you mean to import SEED_UNITS?
All exports of the module are statically known (It doesn't have dynamic exports). So it's known statically that the requested export doesn't exist.

Import traces:
  Client Component Browser:
    ./src/lib/store.ts [Client Component Browser]
    ./src/app/page.tsx [Client Component Browser]
    ./src/app/page.tsx [Server Component]

  Client Component SSR:
    ./src/lib/store.ts [Client Component SSR]
    ./src/app/page.tsx [Client Component SSR]
    ./src/app/page.tsx [Server Component] @ http://localhost:3003/_next/static/chunks/node_modules_next_dist_0u_w_5s._.js:1945
[    6500ms] [ERROR] ./src/lib/store.ts:12:1
Export SEED_COMMUNITY_POSTS doesn't exist in target module
  10 | ...
  11 | ...
> 12 | ...SECTIONS, SEED_SCHEDULE_EVENTS, SEED_CHAT_MESSAGES, SEED_WORK_ENGAGEMENTS, SEED_WORKER_...
     |    ^^^^^^^^^^^^^^^^^^^^^^^^^^^^^^^^^^^^^^^^^^^^^^^^^^^^^^^^^^^^^^^^^^^^^^^^^^^^^^^^^^^^^^^^^^
  13 | ...
  14 | ...
  15 | ...

The export SEED_COMMUNITY_POSTS was not found in module [project]/src/lib/seed.ts [app-client] (ecmascript).
Did you mean to import SEED_UNITS?
All exports of the module are statically known (It doesn't have dynamic exports). So it's known statically that the requested export doesn't exist.

Import traces:
  Client Component Browser:
    ./src/lib/store.ts [Client Component Browser]
    ./src/app/page.tsx [Client Component Browser]
    ./src/app/page.tsx [Server Component]

  Client Component SSR:
    ./src/lib/store.ts [Client Component SSR]
    ./src/app/page.tsx [Client Component SSR]
    ./src/app/page.tsx [Server Component] @ http://localhost:3003/_next/static/chunks/node_modules_next_dist_0u_w_5s._.js:1945
[    6500ms] [ERROR] ./src/lib/store.ts:12:1
Export SEED_COMMUNITY_POSTS doesn't exist in target module
  10 | ...
  11 | ...
> 12 | ...SECTIONS, SEED_SCHEDULE_EVENTS, SEED_CHAT_MESSAGES, SEED_WORK_ENGAGEMENTS, SEED_WORKER_...
     |    ^^^^^^^^^^^^^^^^^^^^^^^^^^^^^^^^^^^^^^^^^^^^^^^^^^^^^^^^^^^^^^^^^^^^^^^^^^^^^^^^^^^^^^^^^^
  13 | ...
  14 | ...
  15 | ...

The export SEED_COMMUNITY_POSTS was not found in module [project]/src/lib/seed.ts [app-ssr] (ecmascript).
Did you mean to import SEED_UNITS?
All exports of the module are statically known (It doesn't have dynamic exports). So it's known statically that the requested export doesn't exist.

Import traces:
  Client Component Browser:
    ./src/lib/store.ts [Client Component Browser]
    ./src/app/page.tsx [Client Component Browser]
    ./src/app/page.tsx [Server Component]

  Client Component SSR:
    ./src/lib/store.ts [Client Component SSR]
    ./src/app/page.tsx [Client Component SSR]
    ./src/app/page.tsx [Server Component] @ http://localhost:3003/_next/static/chunks/node_modules_next_dist_0u_w_5s._.js:1945
[    6556ms] [ERROR] ./src/lib/store.ts:12:1
Export SEED_COMMUNITY_POSTS doesn't exist in target module
  10 | ...
  11 | ...
> 12 | ...SECTIONS, SEED_SCHEDULE_EVENTS, SEED_CHAT_MESSAGES, SEED_WORK_ENGAGEMENTS, SEED_WORKER_...
     |    ^^^^^^^^^^^^^^^^^^^^^^^^^^^^^^^^^^^^^^^^^^^^^^^^^^^^^^^^^^^^^^^^^^^^^^^^^^^^^^^^^^^^^^^^^^
  13 | ...
  14 | ...
  15 | ...

The export SEED_COMMUNITY_POSTS was not found in module [project]/src/lib/seed.ts [app-client] (ecmascript).
Did you mean to import SEED_UNITS?
All exports of the module are statically known (It doesn't have dynamic exports). So it's known statically that the requested export doesn't exist.

Import traces:
  Client Component Browser:
    ./src/lib/store.ts [Client Component Browser]
    ./src/app/page.tsx [Client Component Browser]
    ./src/app/page.tsx [Server Component]

  Client Component SSR:
    ./src/lib/store.ts [Client Component SSR]
    ./src/app/page.tsx [Client Component SSR]
    ./src/app/page.tsx [Server Component] @ http://localhost:3003/_next/static/chunks/node_modules_next_dist_0u_w_5s._.js:1945
[    6556ms] [ERROR] ./src/lib/store.ts:12:1
Export SEED_COMMUNITY_POSTS doesn't exist in target module
  10 | ...
  11 | ...
> 12 | ...SECTIONS, SEED_SCHEDULE_EVENTS, SEED_CHAT_MESSAGES, SEED_WORK_ENGAGEMENTS, SEED_WORKER_...
     |    ^^^^^^^^^^^^^^^^^^^^^^^^^^^^^^^^^^^^^^^^^^^^^^^^^^^^^^^^^^^^^^^^^^^^^^^^^^^^^^^^^^^^^^^^^^
  13 | ...
  14 | ...
  15 | ...

The export SEED_COMMUNITY_POSTS was not found in module [project]/src/lib/seed.ts [app-ssr] (ecmascript).
Did you mean to import SEED_UNITS?
All exports of the module are statically known (It doesn't have dynamic exports). So it's known statically that the requested export doesn't exist.

Import traces:
  Client Component Browser:
    ./src/lib/store.ts [Client Component Browser]
    ./src/app/page.tsx [Client Component Browser]
    ./src/app/page.tsx [Server Component]

  Client Component SSR:
    ./src/lib/store.ts [Client Component SSR]
    ./src/app/page.tsx [Client Component SSR]
    ./src/app/page.tsx [Server Component] @ http://localhost:3003/_next/static/chunks/node_modules_next_dist_0u_w_5s._.js:1945
[    6611ms] [ERROR] ./src/lib/store.ts:12:1
Export SEED_COMMUNITY_POSTS doesn't exist in target module
  10 | ...
  11 | ...
> 12 | ...SECTIONS, SEED_SCHEDULE_EVENTS, SEED_CHAT_MESSAGES, SEED_WORK_ENGAGEMENTS, SEED_WORKER_...
     |    ^^^^^^^^^^^^^^^^^^^^^^^^^^^^^^^^^^^^^^^^^^^^^^^^^^^^^^^^^^^^^^^^^^^^^^^^^^^^^^^^^^^^^^^^^^
  13 | ...
  14 | ...
  15 | ...

The export SEED_COMMUNITY_POSTS was not found in module [project]/src/lib/seed.ts [app-client] (ecmascript).
Did you mean to import SEED_UNITS?
All exports of the module are statically known (It doesn't have dynamic exports). So it's known statically that the requested export doesn't exist.

Import traces:
  Client Component Browser:
    ./src/lib/store.ts [Client Component Browser]
    ./src/app/page.tsx [Client Component Browser]
    ./src/app/page.tsx [Server Component]

  Client Component SSR:
    ./src/lib/store.ts [Client Component SSR]
    ./src/app/page.tsx [Client Component SSR]
    ./src/app/page.tsx [Server Component] @ http://localhost:3003/_next/static/chunks/node_modules_next_dist_0u_w_5s._.js:1945
[    6611ms] [ERROR] ./src/lib/store.ts:12:1
Export SEED_COMMUNITY_POSTS doesn't exist in target module
  10 | ...
  11 | ...
> 12 | ...SECTIONS, SEED_SCHEDULE_EVENTS, SEED_CHAT_MESSAGES, SEED_WORK_ENGAGEMENTS, SEED_WORKER_...
     |    ^^^^^^^^^^^^^^^^^^^^^^^^^^^^^^^^^^^^^^^^^^^^^^^^^^^^^^^^^^^^^^^^^^^^^^^^^^^^^^^^^^^^^^^^^^
  13 | ...
  14 | ...
  15 | ...

The export SEED_COMMUNITY_POSTS was not found in module [project]/src/lib/seed.ts [app-ssr] (ecmascript).
Did you mean to import SEED_UNITS?
All exports of the module are statically known (It doesn't have dynamic exports). So it's known statically that the requested export doesn't exist.

Import traces:
  Client Component Browser:
    ./src/lib/store.ts [Client Component Browser]
    ./src/app/page.tsx [Client Component Browser]
    ./src/app/page.tsx [Server Component]

  Client Component SSR:
    ./src/lib/store.ts [Client Component SSR]
    ./src/app/page.tsx [Client Component SSR]
    ./src/app/page.tsx [Server Component] @ http://localhost:3003/_next/static/chunks/node_modules_next_dist_0u_w_5s._.js:1945
[    6666ms] [ERROR] ./src/lib/store.ts:12:1
Export SEED_COMMUNITY_POSTS doesn't exist in target module
  10 | ...
  11 | ...
> 12 | ...SECTIONS, SEED_SCHEDULE_EVENTS, SEED_CHAT_MESSAGES, SEED_WORK_ENGAGEMENTS, SEED_WORKER_...
     |    ^^^^^^^^^^^^^^^^^^^^^^^^^^^^^^^^^^^^^^^^^^^^^^^^^^^^^^^^^^^^^^^^^^^^^^^^^^^^^^^^^^^^^^^^^^
  13 | ...
  14 | ...
  15 | ...

The export SEED_COMMUNITY_POSTS was not found in module [project]/src/lib/seed.ts [app-client] (ecmascript).
Did you mean to import SEED_UNITS?
All exports of the module are statically known (It doesn't have dynamic exports). So it's known statically that the requested export doesn't exist.

Import traces:
  Client Component Browser:
    ./src/lib/store.ts [Client Component Browser]
    ./src/app/page.tsx [Client Component Browser]
    ./src/app/page.tsx [Server Component]

  Client Component SSR:
    ./src/lib/store.ts [Client Component SSR]
    ./src/app/page.tsx [Client Component SSR]
    ./src/app/page.tsx [Server Component] @ http://localhost:3003/_next/static/chunks/node_modules_next_dist_0u_w_5s._.js:1945
[    6666ms] [ERROR] ./src/lib/store.ts:12:1
Export SEED_COMMUNITY_POSTS doesn't exist in target module
  10 | ...
  11 | ...
> 12 | ...SECTIONS, SEED_SCHEDULE_EVENTS, SEED_CHAT_MESSAGES, SEED_WORK_ENGAGEMENTS, SEED_WORKER_...
     |    ^^^^^^^^^^^^^^^^^^^^^^^^^^^^^^^^^^^^^^^^^^^^^^^^^^^^^^^^^^^^^^^^^^^^^^^^^^^^^^^^^^^^^^^^^^
  13 | ...
  14 | ...
  15 | ...

The export SEED_COMMUNITY_POSTS was not found in module [project]/src/lib/seed.ts [app-ssr] (ecmascript).
Did you mean to import SEED_UNITS?
All exports of the module are statically known (It doesn't have dynamic exports). So it's known statically that the requested export doesn't exist.

Import traces:
  Client Component Browser:
    ./src/lib/store.ts [Client Component Browser]
    ./src/app/page.tsx [Client Component Browser]
    ./src/app/page.tsx [Server Component]

  Client Component SSR:
    ./src/lib/store.ts [Client Component SSR]
    ./src/app/page.tsx [Client Component SSR]
    ./src/app/page.tsx [Server Component] @ http://localhost:3003/_next/static/chunks/node_modules_next_dist_0u_w_5s._.js:1945
[    6719ms] [ERROR] ./src/lib/store.ts:12:1
Export SEED_COMMUNITY_POSTS doesn't exist in target module
  10 | ...
  11 | ...
> 12 | ...SECTIONS, SEED_SCHEDULE_EVENTS, SEED_CHAT_MESSAGES, SEED_WORK_ENGAGEMENTS, SEED_WORKER_...
     |    ^^^^^^^^^^^^^^^^^^^^^^^^^^^^^^^^^^^^^^^^^^^^^^^^^^^^^^^^^^^^^^^^^^^^^^^^^^^^^^^^^^^^^^^^^^
  13 | ...
  14 | ...
  15 | ...

The export SEED_COMMUNITY_POSTS was not found in module [project]/src/lib/seed.ts [app-client] (ecmascript).
Did you mean to import SEED_UNITS?
All exports of the module are statically known (It doesn't have dynamic exports). So it's known statically that the requested export doesn't exist.

Import traces:
  Client Component Browser:
    ./src/lib/store.ts [Client Component Browser]
    ./src/app/page.tsx [Client Component Browser]
    ./src/app/page.tsx [Server Component]

  Client Component SSR:
    ./src/lib/store.ts [Client Component SSR]
    ./src/app/page.tsx [Client Component SSR]
    ./src/app/page.tsx [Server Component] @ http://localhost:3003/_next/static/chunks/node_modules_next_dist_0u_w_5s._.js:1945
[    6719ms] [ERROR] ./src/lib/store.ts:12:1
Export SEED_COMMUNITY_POSTS doesn't exist in target module
  10 | ...
  11 | ...
> 12 | ...SECTIONS, SEED_SCHEDULE_EVENTS, SEED_CHAT_MESSAGES, SEED_WORK_ENGAGEMENTS, SEED_WORKER_...
     |    ^^^^^^^^^^^^^^^^^^^^^^^^^^^^^^^^^^^^^^^^^^^^^^^^^^^^^^^^^^^^^^^^^^^^^^^^^^^^^^^^^^^^^^^^^^
  13 | ...
  14 | ...
  15 | ...

The export SEED_COMMUNITY_POSTS was not found in module [project]/src/lib/seed.ts [app-ssr] (ecmascript).
Did you mean to import SEED_UNITS?
All exports of the module are statically known (It doesn't have dynamic exports). So it's known statically that the requested export doesn't exist.

Import traces:
  Client Component Browser:
    ./src/lib/store.ts [Client Component Browser]
    ./src/app/page.tsx [Client Component Browser]
    ./src/app/page.tsx [Server Component]

  Client Component SSR:
    ./src/lib/store.ts [Client Component SSR]
    ./src/app/page.tsx [Client Component SSR]
    ./src/app/page.tsx [Server Component] @ http://localhost:3003/_next/static/chunks/node_modules_next_dist_0u_w_5s._.js:1945
[    6774ms] [ERROR] ./src/lib/store.ts:12:1
Export SEED_COMMUNITY_POSTS doesn't exist in target module
  10 | ...
  11 | ...
> 12 | ...SECTIONS, SEED_SCHEDULE_EVENTS, SEED_CHAT_MESSAGES, SEED_WORK_ENGAGEMENTS, SEED_WORKER_...
     |    ^^^^^^^^^^^^^^^^^^^^^^^^^^^^^^^^^^^^^^^^^^^^^^^^^^^^^^^^^^^^^^^^^^^^^^^^^^^^^^^^^^^^^^^^^^
  13 | ...
  14 | ...
  15 | ...

The export SEED_COMMUNITY_POSTS was not found in module [project]/src/lib/seed.ts [app-client] (ecmascript).
Did you mean to import SEED_UNITS?
All exports of the module are statically known (It doesn't have dynamic exports). So it's known statically that the requested export doesn't exist.

Import traces:
  Client Component Browser:
    ./src/lib/store.ts [Client Component Browser]
    ./src/app/page.tsx [Client Component Browser]
    ./src/app/page.tsx [Server Component]

  Client Component SSR:
    ./src/lib/store.ts [Client Component SSR]
    ./src/app/page.tsx [Client Component SSR]
    ./src/app/page.tsx [Server Component] @ http://localhost:3003/_next/static/chunks/node_modules_next_dist_0u_w_5s._.js:1945
[    6774ms] [ERROR] ./src/lib/store.ts:12:1
Export SEED_COMMUNITY_POSTS doesn't exist in target module
  10 | ...
  11 | ...
> 12 | ...SECTIONS, SEED_SCHEDULE_EVENTS, SEED_CHAT_MESSAGES, SEED_WORK_ENGAGEMENTS, SEED_WORKER_...
     |    ^^^^^^^^^^^^^^^^^^^^^^^^^^^^^^^^^^^^^^^^^^^^^^^^^^^^^^^^^^^^^^^^^^^^^^^^^^^^^^^^^^^^^^^^^^
  13 | ...
  14 | ...
  15 | ...

The export SEED_COMMUNITY_POSTS was not found in module [project]/src/lib/seed.ts [app-ssr] (ecmascript).
Did you mean to import SEED_UNITS?
All exports of the module are statically known (It doesn't have dynamic exports). So it's known statically that the requested export doesn't exist.

Import traces:
  Client Component Browser:
    ./src/lib/store.ts [Client Component Browser]
    ./src/app/page.tsx [Client Component Browser]
    ./src/app/page.tsx [Server Component]

  Client Component SSR:
    ./src/lib/store.ts [Client Component SSR]
    ./src/app/page.tsx [Client Component SSR]
    ./src/app/page.tsx [Server Component] @ http://localhost:3003/_next/static/chunks/node_modules_next_dist_0u_w_5s._.js:1945
[    6833ms] [ERROR] ./src/lib/store.ts:12:1
Export SEED_COMMUNITY_POSTS doesn't exist in target module
  10 | ...
  11 | ...
> 12 | ...SECTIONS, SEED_SCHEDULE_EVENTS, SEED_CHAT_MESSAGES, SEED_WORK_ENGAGEMENTS, SEED_WORKER_...
     |    ^^^^^^^^^^^^^^^^^^^^^^^^^^^^^^^^^^^^^^^^^^^^^^^^^^^^^^^^^^^^^^^^^^^^^^^^^^^^^^^^^^^^^^^^^^
  13 | ...
  14 | ...
  15 | ...

The export SEED_COMMUNITY_POSTS was not found in module [project]/src/lib/seed.ts [app-client] (ecmascript).
Did you mean to import SEED_UNITS?
All exports of the module are statically known (It doesn't have dynamic exports). So it's known statically that the requested export doesn't exist.

Import traces:
  Client Component Browser:
    ./src/lib/store.ts [Client Component Browser]
    ./src/app/page.tsx [Client Component Browser]
    ./src/app/page.tsx [Server Component]

  Client Component SSR:
    ./src/lib/store.ts [Client Component SSR]
    ./src/app/page.tsx [Client Component SSR]
    ./src/app/page.tsx [Server Component] @ http://localhost:3003/_next/static/chunks/node_modules_next_dist_0u_w_5s._.js:1945
[    6833ms] [ERROR] ./src/lib/store.ts:12:1
Export SEED_COMMUNITY_POSTS doesn't exist in target module
  10 | ...
  11 | ...
> 12 | ...SECTIONS, SEED_SCHEDULE_EVENTS, SEED_CHAT_MESSAGES, SEED_WORK_ENGAGEMENTS, SEED_WORKER_...
     |    ^^^^^^^^^^^^^^^^^^^^^^^^^^^^^^^^^^^^^^^^^^^^^^^^^^^^^^^^^^^^^^^^^^^^^^^^^^^^^^^^^^^^^^^^^^
  13 | ...
  14 | ...
  15 | ...

The export SEED_COMMUNITY_POSTS was not found in module [project]/src/lib/seed.ts [app-ssr] (ecmascript).
Did you mean to import SEED_UNITS?
All exports of the module are statically known (It doesn't have dynamic exports). So it's known statically that the requested export doesn't exist.

Import traces:
  Client Component Browser:
    ./src/lib/store.ts [Client Component Browser]
    ./src/app/page.tsx [Client Component Browser]
    ./src/app/page.tsx [Server Component]

  Client Component SSR:
    ./src/lib/store.ts [Client Component SSR]
    ./src/app/page.tsx [Client Component SSR]
    ./src/app/page.tsx [Server Component] @ http://localhost:3003/_next/static/chunks/node_modules_next_dist_0u_w_5s._.js:1945
[    6888ms] [ERROR] ./src/lib/store.ts:12:1
Export SEED_COMMUNITY_POSTS doesn't exist in target module
  10 | ...
  11 | ...
> 12 | ...SECTIONS, SEED_SCHEDULE_EVENTS, SEED_CHAT_MESSAGES, SEED_WORK_ENGAGEMENTS, SEED_WORKER_...
     |    ^^^^^^^^^^^^^^^^^^^^^^^^^^^^^^^^^^^^^^^^^^^^^^^^^^^^^^^^^^^^^^^^^^^^^^^^^^^^^^^^^^^^^^^^^^
  13 | ...
  14 | ...
  15 | ...

The export SEED_COMMUNITY_POSTS was not found in module [project]/src/lib/seed.ts [app-client] (ecmascript).
Did you mean to import SEED_UNITS?
All exports of the module are statically known (It doesn't have dynamic exports). So it's known statically that the requested export doesn't exist.

Import traces:
  Client Component Browser:
    ./src/lib/store.ts [Client Component Browser]
    ./src/app/page.tsx [Client Component Browser]
    ./src/app/page.tsx [Server Component]

  Client Component SSR:
    ./src/lib/store.ts [Client Component SSR]
    ./src/app/page.tsx [Client Component SSR]
    ./src/app/page.tsx [Server Component] @ http://localhost:3003/_next/static/chunks/node_modules_next_dist_0u_w_5s._.js:1945
[    6888ms] [ERROR] ./src/lib/store.ts:12:1
Export SEED_COMMUNITY_POSTS doesn't exist in target module
  10 | ...
  11 | ...
> 12 | ...SECTIONS, SEED_SCHEDULE_EVENTS, SEED_CHAT_MESSAGES, SEED_WORK_ENGAGEMENTS, SEED_WORKER_...
     |    ^^^^^^^^^^^^^^^^^^^^^^^^^^^^^^^^^^^^^^^^^^^^^^^^^^^^^^^^^^^^^^^^^^^^^^^^^^^^^^^^^^^^^^^^^^
  13 | ...
  14 | ...
  15 | ...

The export SEED_COMMUNITY_POSTS was not found in module [project]/src/lib/seed.ts [app-ssr] (ecmascript).
Did you mean to import SEED_UNITS?
All exports of the module are statically known (It doesn't have dynamic exports). So it's known statically that the requested export doesn't exist.

Import traces:
  Client Component Browser:
    ./src/lib/store.ts [Client Component Browser]
    ./src/app/page.tsx [Client Component Browser]
    ./src/app/page.tsx [Server Component]

  Client Component SSR:
    ./src/lib/store.ts [Client Component SSR]
    ./src/app/page.tsx [Client Component SSR]
    ./src/app/page.tsx [Server Component] @ http://localhost:3003/_next/static/chunks/node_modules_next_dist_0u_w_5s._.js:1945
[    6944ms] [ERROR] ./src/lib/store.ts:12:1
Export SEED_COMMUNITY_POSTS doesn't exist in target module
  10 | ...
  11 | ...
> 12 | ...SECTIONS, SEED_SCHEDULE_EVENTS, SEED_CHAT_MESSAGES, SEED_WORK_ENGAGEMENTS, SEED_WORKER_...
     |    ^^^^^^^^^^^^^^^^^^^^^^^^^^^^^^^^^^^^^^^^^^^^^^^^^^^^^^^^^^^^^^^^^^^^^^^^^^^^^^^^^^^^^^^^^^
  13 | ...
  14 | ...
  15 | ...

The export SEED_COMMUNITY_POSTS was not found in module [project]/src/lib/seed.ts [app-client] (ecmascript).
Did you mean to import SEED_UNITS?
All exports of the module are statically known (It doesn't have dynamic exports). So it's known statically that the requested export doesn't exist.

Import traces:
  Client Component Browser:
    ./src/lib/store.ts [Client Component Browser]
    ./src/app/page.tsx [Client Component Browser]
    ./src/app/page.tsx [Server Component]

  Client Component SSR:
    ./src/lib/store.ts [Client Component SSR]
    ./src/app/page.tsx [Client Component SSR]
    ./src/app/page.tsx [Server Component] @ http://localhost:3003/_next/static/chunks/node_modules_next_dist_0u_w_5s._.js:1945
[    6944ms] [ERROR] ./src/lib/store.ts:12:1
Export SEED_COMMUNITY_POSTS doesn't exist in target module
  10 | ...
  11 | ...
> 12 | ...SECTIONS, SEED_SCHEDULE_EVENTS, SEED_CHAT_MESSAGES, SEED_WORK_ENGAGEMENTS, SEED_WORKER_...
     |    ^^^^^^^^^^^^^^^^^^^^^^^^^^^^^^^^^^^^^^^^^^^^^^^^^^^^^^^^^^^^^^^^^^^^^^^^^^^^^^^^^^^^^^^^^^
  13 | ...
  14 | ...
  15 | ...

The export SEED_COMMUNITY_POSTS was not found in module [project]/src/lib/seed.ts [app-ssr] (ecmascript).
Did you mean to import SEED_UNITS?
All exports of the module are statically known (It doesn't have dynamic exports). So it's known statically that the requested export doesn't exist.

Import traces:
  Client Component Browser:
    ./src/lib/store.ts [Client Component Browser]
    ./src/app/page.tsx [Client Component Browser]
    ./src/app/page.tsx [Server Component]

  Client Component SSR:
    ./src/lib/store.ts [Client Component SSR]
    ./src/app/page.tsx [Client Component SSR]
    ./src/app/page.tsx [Server Component] @ http://localhost:3003/_next/static/chunks/node_modules_next_dist_0u_w_5s._.js:1945
[    7002ms] [ERROR] ./src/lib/store.ts:12:1
Export SEED_COMMUNITY_POSTS doesn't exist in target module
  10 | ...
  11 | ...
> 12 | ...SECTIONS, SEED_SCHEDULE_EVENTS, SEED_CHAT_MESSAGES, SEED_WORK_ENGAGEMENTS, SEED_WORKER_...
     |    ^^^^^^^^^^^^^^^^^^^^^^^^^^^^^^^^^^^^^^^^^^^^^^^^^^^^^^^^^^^^^^^^^^^^^^^^^^^^^^^^^^^^^^^^^^
  13 | ...
  14 | ...
  15 | ...

The export SEED_COMMUNITY_POSTS was not found in module [project]/src/lib/seed.ts [app-client] (ecmascript).
Did you mean to import SEED_UNITS?
All exports of the module are statically known (It doesn't have dynamic exports). So it's known statically that the requested export doesn't exist.

Import traces:
  Client Component Browser:
    ./src/lib/store.ts [Client Component Browser]
    ./src/app/page.tsx [Client Component Browser]
    ./src/app/page.tsx [Server Component]

  Client Component SSR:
    ./src/lib/store.ts [Client Component SSR]
    ./src/app/page.tsx [Client Component SSR]
    ./src/app/page.tsx [Server Component] @ http://localhost:3003/_next/static/chunks/node_modules_next_dist_0u_w_5s._.js:1945
[    7002ms] [ERROR] ./src/lib/store.ts:12:1
Export SEED_COMMUNITY_POSTS doesn't exist in target module
  10 | ...
  11 | ...
> 12 | ...SECTIONS, SEED_SCHEDULE_EVENTS, SEED_CHAT_MESSAGES, SEED_WORK_ENGAGEMENTS, SEED_WORKER_...
     |    ^^^^^^^^^^^^^^^^^^^^^^^^^^^^^^^^^^^^^^^^^^^^^^^^^^^^^^^^^^^^^^^^^^^^^^^^^^^^^^^^^^^^^^^^^^
  13 | ...
  14 | ...
  15 | ...

The export SEED_COMMUNITY_POSTS was not found in module [project]/src/lib/seed.ts [app-ssr] (ecmascript).
Did you mean to import SEED_UNITS?
All exports of the module are statically known (It doesn't have dynamic exports). So it's known statically that the requested export doesn't exist.

Import traces:
  Client Component Browser:
    ./src/lib/store.ts [Client Component Browser]
    ./src/app/page.tsx [Client Component Browser]
    ./src/app/page.tsx [Server Component]

  Client Component SSR:
    ./src/lib/store.ts [Client Component SSR]
    ./src/app/page.tsx [Client Component SSR]
    ./src/app/page.tsx [Server Component] @ http://localhost:3003/_next/static/chunks/node_modules_next_dist_0u_w_5s._.js:1945
[    7056ms] [ERROR] ./src/lib/store.ts:12:1
Export SEED_COMMUNITY_POSTS doesn't exist in target module
  10 | ...
  11 | ...
> 12 | ...SECTIONS, SEED_SCHEDULE_EVENTS, SEED_CHAT_MESSAGES, SEED_WORK_ENGAGEMENTS, SEED_WORKER_...
     |    ^^^^^^^^^^^^^^^^^^^^^^^^^^^^^^^^^^^^^^^^^^^^^^^^^^^^^^^^^^^^^^^^^^^^^^^^^^^^^^^^^^^^^^^^^^
  13 | ...
  14 | ...
  15 | ...

The export SEED_COMMUNITY_POSTS was not found in module [project]/src/lib/seed.ts [app-client] (ecmascript).
Did you mean to import SEED_UNITS?
All exports of the module are statically known (It doesn't have dynamic exports). So it's known statically that the requested export doesn't exist.

Import traces:
  Client Component Browser:
    ./src/lib/store.ts [Client Component Browser]
    ./src/app/page.tsx [Client Component Browser]
    ./src/app/page.tsx [Server Component]

  Client Component SSR:
    ./src/lib/store.ts [Client Component SSR]
    ./src/app/page.tsx [Client Component SSR]
    ./src/app/page.tsx [Server Component] @ http://localhost:3003/_next/static/chunks/node_modules_next_dist_0u_w_5s._.js:1945
[    7056ms] [ERROR] ./src/lib/store.ts:12:1
Export SEED_COMMUNITY_POSTS doesn't exist in target module
  10 | ...
  11 | ...
> 12 | ...SECTIONS, SEED_SCHEDULE_EVENTS, SEED_CHAT_MESSAGES, SEED_WORK_ENGAGEMENTS, SEED_WORKER_...
     |    ^^^^^^^^^^^^^^^^^^^^^^^^^^^^^^^^^^^^^^^^^^^^^^^^^^^^^^^^^^^^^^^^^^^^^^^^^^^^^^^^^^^^^^^^^^
  13 | ...
  14 | ...
  15 | ...

The export SEED_COMMUNITY_POSTS was not found in module [project]/src/lib/seed.ts [app-ssr] (ecmascript).
Did you mean to import SEED_UNITS?
All exports of the module are statically known (It doesn't have dynamic exports). So it's known statically that the requested export doesn't exist.

Import traces:
  Client Component Browser:
    ./src/lib/store.ts [Client Component Browser]
    ./src/app/page.tsx [Client Component Browser]
    ./src/app/page.tsx [Server Component]

  Client Component SSR:
    ./src/lib/store.ts [Client Component SSR]
    ./src/app/page.tsx [Client Component SSR]
    ./src/app/page.tsx [Server Component] @ http://localhost:3003/_next/static/chunks/node_modules_next_dist_0u_w_5s._.js:1945
[    7109ms] [ERROR] ./src/lib/store.ts:12:1
Export SEED_COMMUNITY_POSTS doesn't exist in target module
  10 | ...
  11 | ...
> 12 | ...SECTIONS, SEED_SCHEDULE_EVENTS, SEED_CHAT_MESSAGES, SEED_WORK_ENGAGEMENTS, SEED_WORKER_...
     |    ^^^^^^^^^^^^^^^^^^^^^^^^^^^^^^^^^^^^^^^^^^^^^^^^^^^^^^^^^^^^^^^^^^^^^^^^^^^^^^^^^^^^^^^^^^
  13 | ...
  14 | ...
  15 | ...

The export SEED_COMMUNITY_POSTS was not found in module [project]/src/lib/seed.ts [app-client] (ecmascript).
Did you mean to import SEED_UNITS?
All exports of the module are statically known (It doesn't have dynamic exports). So it's known statically that the requested export doesn't exist.

Import traces:
  Client Component Browser:
    ./src/lib/store.ts [Client Component Browser]
    ./src/app/page.tsx [Client Component Browser]
    ./src/app/page.tsx [Server Component]

  Client Component SSR:
    ./src/lib/store.ts [Client Component SSR]
    ./src/app/page.tsx [Client Component SSR]
    ./src/app/page.tsx [Server Component] @ http://localhost:3003/_next/static/chunks/node_modules_next_dist_0u_w_5s._.js:1945
[    7109ms] [ERROR] ./src/lib/store.ts:12:1
Export SEED_COMMUNITY_POSTS doesn't exist in target module
  10 | ...
  11 | ...
> 12 | ...SECTIONS, SEED_SCHEDULE_EVENTS, SEED_CHAT_MESSAGES, SEED_WORK_ENGAGEMENTS, SEED_WORKER_...
     |    ^^^^^^^^^^^^^^^^^^^^^^^^^^^^^^^^^^^^^^^^^^^^^^^^^^^^^^^^^^^^^^^^^^^^^^^^^^^^^^^^^^^^^^^^^^
  13 | ...
  14 | ...
  15 | ...

The export SEED_COMMUNITY_POSTS was not found in module [project]/src/lib/seed.ts [app-ssr] (ecmascript).
Did you mean to import SEED_UNITS?
All exports of the module are statically known (It doesn't have dynamic exports). So it's known statically that the requested export doesn't exist.

Import traces:
  Client Component Browser:
    ./src/lib/store.ts [Client Component Browser]
    ./src/app/page.tsx [Client Component Browser]
    ./src/app/page.tsx [Server Component]

  Client Component SSR:
    ./src/lib/store.ts [Client Component SSR]
    ./src/app/page.tsx [Client Component SSR]
    ./src/app/page.tsx [Server Component] @ http://localhost:3003/_next/static/chunks/node_modules_next_dist_0u_w_5s._.js:1945
[    7168ms] [ERROR] ./src/lib/store.ts:12:1
Export SEED_COMMUNITY_POSTS doesn't exist in target module
  10 | ...
  11 | ...
> 12 | ...SECTIONS, SEED_SCHEDULE_EVENTS, SEED_CHAT_MESSAGES, SEED_WORK_ENGAGEMENTS, SEED_WORKER_...
     |    ^^^^^^^^^^^^^^^^^^^^^^^^^^^^^^^^^^^^^^^^^^^^^^^^^^^^^^^^^^^^^^^^^^^^^^^^^^^^^^^^^^^^^^^^^^
  13 | ...
  14 | ...
  15 | ...

The export SEED_COMMUNITY_POSTS was not found in module [project]/src/lib/seed.ts [app-client] (ecmascript).
Did you mean to import SEED_UNITS?
All exports of the module are statically known (It doesn't have dynamic exports). So it's known statically that the requested export doesn't exist.

Import traces:
  Client Component Browser:
    ./src/lib/store.ts [Client Component Browser]
    ./src/app/page.tsx [Client Component Browser]
    ./src/app/page.tsx [Server Component]

  Client Component SSR:
    ./src/lib/store.ts [Client Component SSR]
    ./src/app/page.tsx [Client Component SSR]
    ./src/app/page.tsx [Server Component] @ http://localhost:3003/_next/static/chunks/node_modules_next_dist_0u_w_5s._.js:1945
[    7168ms] [ERROR] ./src/lib/store.ts:12:1
Export SEED_COMMUNITY_POSTS doesn't exist in target module
  10 | ...
  11 | ...
> 12 | ...SECTIONS, SEED_SCHEDULE_EVENTS, SEED_CHAT_MESSAGES, SEED_WORK_ENGAGEMENTS, SEED_WORKER_...
     |    ^^^^^^^^^^^^^^^^^^^^^^^^^^^^^^^^^^^^^^^^^^^^^^^^^^^^^^^^^^^^^^^^^^^^^^^^^^^^^^^^^^^^^^^^^^
  13 | ...
  14 | ...
  15 | ...

The export SEED_COMMUNITY_POSTS was not found in module [project]/src/lib/seed.ts [app-ssr] (ecmascript).
Did you mean to import SEED_UNITS?
All exports of the module are statically known (It doesn't have dynamic exports). So it's known statically that the requested export doesn't exist.

Import traces:
  Client Component Browser:
    ./src/lib/store.ts [Client Component Browser]
    ./src/app/page.tsx [Client Component Browser]
    ./src/app/page.tsx [Server Component]

  Client Component SSR:
    ./src/lib/store.ts [Client Component SSR]
    ./src/app/page.tsx [Client Component SSR]
    ./src/app/page.tsx [Server Component] @ http://localhost:3003/_next/static/chunks/node_modules_next_dist_0u_w_5s._.js:1945
[    7221ms] [ERROR] ./src/lib/store.ts:12:1
Export SEED_COMMUNITY_POSTS doesn't exist in target module
  10 | ...
  11 | ...
> 12 | ...SECTIONS, SEED_SCHEDULE_EVENTS, SEED_CHAT_MESSAGES, SEED_WORK_ENGAGEMENTS, SEED_WORKER_...
     |    ^^^^^^^^^^^^^^^^^^^^^^^^^^^^^^^^^^^^^^^^^^^^^^^^^^^^^^^^^^^^^^^^^^^^^^^^^^^^^^^^^^^^^^^^^^
  13 | ...
  14 | ...
  15 | ...

The export SEED_COMMUNITY_POSTS was not found in module [project]/src/lib/seed.ts [app-client] (ecmascript).
Did you mean to import SEED_UNITS?
All exports of the module are statically known (It doesn't have dynamic exports). So it's known statically that the requested export doesn't exist.

Import traces:
  Client Component Browser:
    ./src/lib/store.ts [Client Component Browser]
    ./src/app/page.tsx [Client Component Browser]
    ./src/app/page.tsx [Server Component]

  Client Component SSR:
    ./src/lib/store.ts [Client Component SSR]
    ./src/app/page.tsx [Client Component SSR]
    ./src/app/page.tsx [Server Component] @ http://localhost:3003/_next/static/chunks/node_modules_next_dist_0u_w_5s._.js:1945
[    7221ms] [ERROR] ./src/lib/store.ts:12:1
Export SEED_COMMUNITY_POSTS doesn't exist in target module
  10 | ...
  11 | ...
> 12 | ...SECTIONS, SEED_SCHEDULE_EVENTS, SEED_CHAT_MESSAGES, SEED_WORK_ENGAGEMENTS, SEED_WORKER_...
     |    ^^^^^^^^^^^^^^^^^^^^^^^^^^^^^^^^^^^^^^^^^^^^^^^^^^^^^^^^^^^^^^^^^^^^^^^^^^^^^^^^^^^^^^^^^^
  13 | ...
  14 | ...
  15 | ...

The export SEED_COMMUNITY_POSTS was not found in module [project]/src/lib/seed.ts [app-ssr] (ecmascript).
Did you mean to import SEED_UNITS?
All exports of the module are statically known (It doesn't have dynamic exports). So it's known statically that the requested export doesn't exist.

Import traces:
  Client Component Browser:
    ./src/lib/store.ts [Client Component Browser]
    ./src/app/page.tsx [Client Component Browser]
    ./src/app/page.tsx [Server Component]

  Client Component SSR:
    ./src/lib/store.ts [Client Component SSR]
    ./src/app/page.tsx [Client Component SSR]
    ./src/app/page.tsx [Server Component] @ http://localhost:3003/_next/static/chunks/node_modules_next_dist_0u_w_5s._.js:1945
[    7279ms] [ERROR] ./src/lib/store.ts:12:1
Export SEED_COMMUNITY_POSTS doesn't exist in target module
  10 | ...
  11 | ...
> 12 | ...SECTIONS, SEED_SCHEDULE_EVENTS, SEED_CHAT_MESSAGES, SEED_WORK_ENGAGEMENTS, SEED_WORKER_...
     |    ^^^^^^^^^^^^^^^^^^^^^^^^^^^^^^^^^^^^^^^^^^^^^^^^^^^^^^^^^^^^^^^^^^^^^^^^^^^^^^^^^^^^^^^^^^
  13 | ...
  14 | ...
  15 | ...

The export SEED_COMMUNITY_POSTS was not found in module [project]/src/lib/seed.ts [app-client] (ecmascript).
Did you mean to import SEED_UNITS?
All exports of the module are statically known (It doesn't have dynamic exports). So it's known statically that the requested export doesn't exist.

Import traces:
  Client Component Browser:
    ./src/lib/store.ts [Client Component Browser]
    ./src/app/page.tsx [Client Component Browser]
    ./src/app/page.tsx [Server Component]

  Client Component SSR:
    ./src/lib/store.ts [Client Component SSR]
    ./src/app/page.tsx [Client Component SSR]
    ./src/app/page.tsx [Server Component] @ http://localhost:3003/_next/static/chunks/node_modules_next_dist_0u_w_5s._.js:1945
[    7279ms] [ERROR] ./src/lib/store.ts:12:1
Export SEED_COMMUNITY_POSTS doesn't exist in target module
  10 | ...
  11 | ...
> 12 | ...SECTIONS, SEED_SCHEDULE_EVENTS, SEED_CHAT_MESSAGES, SEED_WORK_ENGAGEMENTS, SEED_WORKER_...
     |    ^^^^^^^^^^^^^^^^^^^^^^^^^^^^^^^^^^^^^^^^^^^^^^^^^^^^^^^^^^^^^^^^^^^^^^^^^^^^^^^^^^^^^^^^^^
  13 | ...
  14 | ...
  15 | ...

The export SEED_COMMUNITY_POSTS was not found in module [project]/src/lib/seed.ts [app-ssr] (ecmascript).
Did you mean to import SEED_UNITS?
All exports of the module are statically known (It doesn't have dynamic exports). So it's known statically that the requested export doesn't exist.

Import traces:
  Client Component Browser:
    ./src/lib/store.ts [Client Component Browser]
    ./src/app/page.tsx [Client Component Browser]
    ./src/app/page.tsx [Server Component]

  Client Component SSR:
    ./src/lib/store.ts [Client Component SSR]
    ./src/app/page.tsx [Client Component SSR]
    ./src/app/page.tsx [Server Component] @ http://localhost:3003/_next/static/chunks/node_modules_next_dist_0u_w_5s._.js:1945
[    7336ms] [ERROR] ./src/lib/store.ts:12:1
Export SEED_COMMUNITY_POSTS doesn't exist in target module
  10 | ...
  11 | ...
> 12 | ...SECTIONS, SEED_SCHEDULE_EVENTS, SEED_CHAT_MESSAGES, SEED_WORK_ENGAGEMENTS, SEED_WORKER_...
     |    ^^^^^^^^^^^^^^^^^^^^^^^^^^^^^^^^^^^^^^^^^^^^^^^^^^^^^^^^^^^^^^^^^^^^^^^^^^^^^^^^^^^^^^^^^^
  13 | ...
  14 | ...
  15 | ...

The export SEED_COMMUNITY_POSTS was not found in module [project]/src/lib/seed.ts [app-client] (ecmascript).
Did you mean to import SEED_UNITS?
All exports of the module are statically known (It doesn't have dynamic exports). So it's known statically that the requested export doesn't exist.

Import traces:
  Client Component Browser:
    ./src/lib/store.ts [Client Component Browser]
    ./src/app/page.tsx [Client Component Browser]
    ./src/app/page.tsx [Server Component]

  Client Component SSR:
    ./src/lib/store.ts [Client Component SSR]
    ./src/app/page.tsx [Client Component SSR]
    ./src/app/page.tsx [Server Component] @ http://localhost:3003/_next/static/chunks/node_modules_next_dist_0u_w_5s._.js:1945
[    7336ms] [ERROR] ./src/lib/store.ts:12:1
Export SEED_COMMUNITY_POSTS doesn't exist in target module
  10 | ...
  11 | ...
> 12 | ...SECTIONS, SEED_SCHEDULE_EVENTS, SEED_CHAT_MESSAGES, SEED_WORK_ENGAGEMENTS, SEED_WORKER_...
     |    ^^^^^^^^^^^^^^^^^^^^^^^^^^^^^^^^^^^^^^^^^^^^^^^^^^^^^^^^^^^^^^^^^^^^^^^^^^^^^^^^^^^^^^^^^^
  13 | ...
  14 | ...
  15 | ...

The export SEED_COMMUNITY_POSTS was not found in module [project]/src/lib/seed.ts [app-ssr] (ecmascript).
Did you mean to import SEED_UNITS?
All exports of the module are statically known (It doesn't have dynamic exports). So it's known statically that the requested export doesn't exist.

Import traces:
  Client Component Browser:
    ./src/lib/store.ts [Client Component Browser]
    ./src/app/page.tsx [Client Component Browser]
    ./src/app/page.tsx [Server Component]

  Client Component SSR:
    ./src/lib/store.ts [Client Component SSR]
    ./src/app/page.tsx [Client Component SSR]
    ./src/app/page.tsx [Server Component] @ http://localhost:3003/_next/static/chunks/node_modules_next_dist_0u_w_5s._.js:1945
[    7393ms] [ERROR] ./src/lib/store.ts:12:1
Export SEED_COMMUNITY_POSTS doesn't exist in target module
  10 | ...
  11 | ...
> 12 | ...SECTIONS, SEED_SCHEDULE_EVENTS, SEED_CHAT_MESSAGES, SEED_WORK_ENGAGEMENTS, SEED_WORKER_...
     |    ^^^^^^^^^^^^^^^^^^^^^^^^^^^^^^^^^^^^^^^^^^^^^^^^^^^^^^^^^^^^^^^^^^^^^^^^^^^^^^^^^^^^^^^^^^
  13 | ...
  14 | ...
  15 | ...

The export SEED_COMMUNITY_POSTS was not found in module [project]/src/lib/seed.ts [app-client] (ecmascript).
Did you mean to import SEED_UNITS?
All exports of the module are statically known (It doesn't have dynamic exports). So it's known statically that the requested export doesn't exist.

Import traces:
  Client Component Browser:
    ./src/lib/store.ts [Client Component Browser]
    ./src/app/page.tsx [Client Component Browser]
    ./src/app/page.tsx [Server Component]

  Client Component SSR:
    ./src/lib/store.ts [Client Component SSR]
    ./src/app/page.tsx [Client Component SSR]
    ./src/app/page.tsx [Server Component] @ http://localhost:3003/_next/static/chunks/node_modules_next_dist_0u_w_5s._.js:1945
[    7393ms] [ERROR] ./src/lib/store.ts:12:1
Export SEED_COMMUNITY_POSTS doesn't exist in target module
  10 | ...
  11 | ...
> 12 | ...SECTIONS, SEED_SCHEDULE_EVENTS, SEED_CHAT_MESSAGES, SEED_WORK_ENGAGEMENTS, SEED_WORKER_...
     |    ^^^^^^^^^^^^^^^^^^^^^^^^^^^^^^^^^^^^^^^^^^^^^^^^^^^^^^^^^^^^^^^^^^^^^^^^^^^^^^^^^^^^^^^^^^
  13 | ...
  14 | ...
  15 | ...

The export SEED_COMMUNITY_POSTS was not found in module [project]/src/lib/seed.ts [app-ssr] (ecmascript).
Did you mean to import SEED_UNITS?
All exports of the module are statically known (It doesn't have dynamic exports). So it's known statically that the requested export doesn't exist.

Import traces:
  Client Component Browser:
    ./src/lib/store.ts [Client Component Browser]
    ./src/app/page.tsx [Client Component Browser]
    ./src/app/page.tsx [Server Component]

  Client Component SSR:
    ./src/lib/store.ts [Client Component SSR]
    ./src/app/page.tsx [Client Component SSR]
    ./src/app/page.tsx [Server Component] @ http://localhost:3003/_next/static/chunks/node_modules_next_dist_0u_w_5s._.js:1945
[    7451ms] [ERROR] ./src/lib/store.ts:12:1
Export SEED_COMMUNITY_POSTS doesn't exist in target module
  10 | ...
  11 | ...
> 12 | ...SECTIONS, SEED_SCHEDULE_EVENTS, SEED_CHAT_MESSAGES, SEED_WORK_ENGAGEMENTS, SEED_WORKER_...
     |    ^^^^^^^^^^^^^^^^^^^^^^^^^^^^^^^^^^^^^^^^^^^^^^^^^^^^^^^^^^^^^^^^^^^^^^^^^^^^^^^^^^^^^^^^^^
  13 | ...
  14 | ...
  15 | ...

The export SEED_COMMUNITY_POSTS was not found in module [project]/src/lib/seed.ts [app-client] (ecmascript).
Did you mean to import SEED_UNITS?
All exports of the module are statically known (It doesn't have dynamic exports). So it's known statically that the requested export doesn't exist.

Import traces:
  Client Component Browser:
    ./src/lib/store.ts [Client Component Browser]
    ./src/app/page.tsx [Client Component Browser]
    ./src/app/page.tsx [Server Component]

  Client Component SSR:
    ./src/lib/store.ts [Client Component SSR]
    ./src/app/page.tsx [Client Component SSR]
    ./src/app/page.tsx [Server Component] @ http://localhost:3003/_next/static/chunks/node_modules_next_dist_0u_w_5s._.js:1945
[    7451ms] [ERROR] ./src/lib/store.ts:12:1
Export SEED_COMMUNITY_POSTS doesn't exist in target module
  10 | ...
  11 | ...
> 12 | ...SECTIONS, SEED_SCHEDULE_EVENTS, SEED_CHAT_MESSAGES, SEED_WORK_ENGAGEMENTS, SEED_WORKER_...
     |    ^^^^^^^^^^^^^^^^^^^^^^^^^^^^^^^^^^^^^^^^^^^^^^^^^^^^^^^^^^^^^^^^^^^^^^^^^^^^^^^^^^^^^^^^^^
  13 | ...
  14 | ...
  15 | ...

The export SEED_COMMUNITY_POSTS was not found in module [project]/src/lib/seed.ts [app-ssr] (ecmascript).
Did you mean to import SEED_UNITS?
All exports of the module are statically known (It doesn't have dynamic exports). So it's known statically that the requested export doesn't exist.

Import traces:
  Client Component Browser:
    ./src/lib/store.ts [Client Component Browser]
    ./src/app/page.tsx [Client Component Browser]
    ./src/app/page.tsx [Server Component]

  Client Component SSR:
    ./src/lib/store.ts [Client Component SSR]
    ./src/app/page.tsx [Client Component SSR]
    ./src/app/page.tsx [Server Component] @ http://localhost:3003/_next/static/chunks/node_modules_next_dist_0u_w_5s._.js:1945
[    7507ms] [ERROR] ./src/lib/store.ts:12:1
Export SEED_COMMUNITY_POSTS doesn't exist in target module
  10 | ...
  11 | ...
> 12 | ...SECTIONS, SEED_SCHEDULE_EVENTS, SEED_CHAT_MESSAGES, SEED_WORK_ENGAGEMENTS, SEED_WORKER_...
     |    ^^^^^^^^^^^^^^^^^^^^^^^^^^^^^^^^^^^^^^^^^^^^^^^^^^^^^^^^^^^^^^^^^^^^^^^^^^^^^^^^^^^^^^^^^^
  13 | ...
  14 | ...
  15 | ...

The export SEED_COMMUNITY_POSTS was not found in module [project]/src/lib/seed.ts [app-client] (ecmascript).
Did you mean to import SEED_UNITS?
All exports of the module are statically known (It doesn't have dynamic exports). So it's known statically that the requested export doesn't exist.

Import traces:
  Client Component Browser:
    ./src/lib/store.ts [Client Component Browser]
    ./src/app/page.tsx [Client Component Browser]
    ./src/app/page.tsx [Server Component]

  Client Component SSR:
    ./src/lib/store.ts [Client Component SSR]
    ./src/app/page.tsx [Client Component SSR]
    ./src/app/page.tsx [Server Component] @ http://localhost:3003/_next/static/chunks/node_modules_next_dist_0u_w_5s._.js:1945
[    7507ms] [ERROR] ./src/lib/store.ts:12:1
Export SEED_COMMUNITY_POSTS doesn't exist in target module
  10 | ...
  11 | ...
> 12 | ...SECTIONS, SEED_SCHEDULE_EVENTS, SEED_CHAT_MESSAGES, SEED_WORK_ENGAGEMENTS, SEED_WORKER_...
     |    ^^^^^^^^^^^^^^^^^^^^^^^^^^^^^^^^^^^^^^^^^^^^^^^^^^^^^^^^^^^^^^^^^^^^^^^^^^^^^^^^^^^^^^^^^^
  13 | ...
  14 | ...
  15 | ...

The export SEED_COMMUNITY_POSTS was not found in module [project]/src/lib/seed.ts [app-ssr] (ecmascript).
Did you mean to import SEED_UNITS?
All exports of the module are statically known (It doesn't have dynamic exports). So it's known statically that the requested export doesn't exist.

Import traces:
  Client Component Browser:
    ./src/lib/store.ts [Client Component Browser]
    ./src/app/page.tsx [Client Component Browser]
    ./src/app/page.tsx [Server Component]

  Client Component SSR:
    ./src/lib/store.ts [Client Component SSR]
    ./src/app/page.tsx [Client Component SSR]
    ./src/app/page.tsx [Server Component] @ http://localhost:3003/_next/static/chunks/node_modules_next_dist_0u_w_5s._.js:1945
[    7565ms] [ERROR] ./src/lib/store.ts:12:1
Export SEED_COMMUNITY_POSTS doesn't exist in target module
  10 | ...
  11 | ...
> 12 | ...SECTIONS, SEED_SCHEDULE_EVENTS, SEED_CHAT_MESSAGES, SEED_WORK_ENGAGEMENTS, SEED_WORKER_...
     |    ^^^^^^^^^^^^^^^^^^^^^^^^^^^^^^^^^^^^^^^^^^^^^^^^^^^^^^^^^^^^^^^^^^^^^^^^^^^^^^^^^^^^^^^^^^
  13 | ...
  14 | ...
  15 | ...

The export SEED_COMMUNITY_POSTS was not found in module [project]/src/lib/seed.ts [app-client] (ecmascript).
Did you mean to import SEED_UNITS?
All exports of the module are statically known (It doesn't have dynamic exports). So it's known statically that the requested export doesn't exist.

Import traces:
  Client Component Browser:
    ./src/lib/store.ts [Client Component Browser]
    ./src/app/page.tsx [Client Component Browser]
    ./src/app/page.tsx [Server Component]

  Client Component SSR:
    ./src/lib/store.ts [Client Component SSR]
    ./src/app/page.tsx [Client Component SSR]
    ./src/app/page.tsx [Server Component] @ http://localhost:3003/_next/static/chunks/node_modules_next_dist_0u_w_5s._.js:1945
[    7565ms] [ERROR] ./src/lib/store.ts:12:1
Export SEED_COMMUNITY_POSTS doesn't exist in target module
  10 | ...
  11 | ...
> 12 | ...SECTIONS, SEED_SCHEDULE_EVENTS, SEED_CHAT_MESSAGES, SEED_WORK_ENGAGEMENTS, SEED_WORKER_...
     |    ^^^^^^^^^^^^^^^^^^^^^^^^^^^^^^^^^^^^^^^^^^^^^^^^^^^^^^^^^^^^^^^^^^^^^^^^^^^^^^^^^^^^^^^^^^
  13 | ...
  14 | ...
  15 | ...

The export SEED_COMMUNITY_POSTS was not found in module [project]/src/lib/seed.ts [app-ssr] (ecmascript).
Did you mean to import SEED_UNITS?
All exports of the module are statically known (It doesn't have dynamic exports). So it's known statically that the requested export doesn't exist.

Import traces:
  Client Component Browser:
    ./src/lib/store.ts [Client Component Browser]
    ./src/app/page.tsx [Client Component Browser]
    ./src/app/page.tsx [Server Component]

  Client Component SSR:
    ./src/lib/store.ts [Client Component SSR]
    ./src/app/page.tsx [Client Component SSR]
    ./src/app/page.tsx [Server Component] @ http://localhost:3003/_next/static/chunks/node_modules_next_dist_0u_w_5s._.js:1945
[    7619ms] [ERROR] ./src/lib/store.ts:12:1
Export SEED_COMMUNITY_POSTS doesn't exist in target module
  10 | ...
  11 | ...
> 12 | ...SECTIONS, SEED_SCHEDULE_EVENTS, SEED_CHAT_MESSAGES, SEED_WORK_ENGAGEMENTS, SEED_WORKER_...
     |    ^^^^^^^^^^^^^^^^^^^^^^^^^^^^^^^^^^^^^^^^^^^^^^^^^^^^^^^^^^^^^^^^^^^^^^^^^^^^^^^^^^^^^^^^^^
  13 | ...
  14 | ...
  15 | ...

The export SEED_COMMUNITY_POSTS was not found in module [project]/src/lib/seed.ts [app-client] (ecmascript).
Did you mean to import SEED_UNITS?
All exports of the module are statically known (It doesn't have dynamic exports). So it's known statically that the requested export doesn't exist.

Import traces:
  Client Component Browser:
    ./src/lib/store.ts [Client Component Browser]
    ./src/app/page.tsx [Client Component Browser]
    ./src/app/page.tsx [Server Component]

  Client Component SSR:
    ./src/lib/store.ts [Client Component SSR]
    ./src/app/page.tsx [Client Component SSR]
    ./src/app/page.tsx [Server Component] @ http://localhost:3003/_next/static/chunks/node_modules_next_dist_0u_w_5s._.js:1945
[    7620ms] [ERROR] ./src/lib/store.ts:12:1
Export SEED_COMMUNITY_POSTS doesn't exist in target module
  10 | ...
  11 | ...
> 12 | ...SECTIONS, SEED_SCHEDULE_EVENTS, SEED_CHAT_MESSAGES, SEED_WORK_ENGAGEMENTS, SEED_WORKER_...
     |    ^^^^^^^^^^^^^^^^^^^^^^^^^^^^^^^^^^^^^^^^^^^^^^^^^^^^^^^^^^^^^^^^^^^^^^^^^^^^^^^^^^^^^^^^^^
  13 | ...
  14 | ...
  15 | ...

The export SEED_COMMUNITY_POSTS was not found in module [project]/src/lib/seed.ts [app-ssr] (ecmascript).
Did you mean to import SEED_UNITS?
All exports of the module are statically known (It doesn't have dynamic exports). So it's known statically that the requested export doesn't exist.

Import traces:
  Client Component Browser:
    ./src/lib/store.ts [Client Component Browser]
    ./src/app/page.tsx [Client Component Browser]
    ./src/app/page.tsx [Server Component]

  Client Component SSR:
    ./src/lib/store.ts [Client Component SSR]
    ./src/app/page.tsx [Client Component SSR]
    ./src/app/page.tsx [Server Component] @ http://localhost:3003/_next/static/chunks/node_modules_next_dist_0u_w_5s._.js:1945
[    7675ms] [ERROR] ./src/lib/store.ts:12:1
Export SEED_COMMUNITY_POSTS doesn't exist in target module
  10 | ...
  11 | ...
> 12 | ...SECTIONS, SEED_SCHEDULE_EVENTS, SEED_CHAT_MESSAGES, SEED_WORK_ENGAGEMENTS, SEED_WORKER_...
     |    ^^^^^^^^^^^^^^^^^^^^^^^^^^^^^^^^^^^^^^^^^^^^^^^^^^^^^^^^^^^^^^^^^^^^^^^^^^^^^^^^^^^^^^^^^^
  13 | ...
  14 | ...
  15 | ...

The export SEED_COMMUNITY_POSTS was not found in module [project]/src/lib/seed.ts [app-client] (ecmascript).
Did you mean to import SEED_UNITS?
All exports of the module are statically known (It doesn't have dynamic exports). So it's known statically that the requested export doesn't exist.

Import traces:
  Client Component Browser:
    ./src/lib/store.ts [Client Component Browser]
    ./src/app/page.tsx [Client Component Browser]
    ./src/app/page.tsx [Server Component]

  Client Component SSR:
    ./src/lib/store.ts [Client Component SSR]
    ./src/app/page.tsx [Client Component SSR]
    ./src/app/page.tsx [Server Component] @ http://localhost:3003/_next/static/chunks/node_modules_next_dist_0u_w_5s._.js:1945
[    7675ms] [ERROR] ./src/lib/store.ts:12:1
Export SEED_COMMUNITY_POSTS doesn't exist in target module
  10 | ...
  11 | ...
> 12 | ...SECTIONS, SEED_SCHEDULE_EVENTS, SEED_CHAT_MESSAGES, SEED_WORK_ENGAGEMENTS, SEED_WORKER_...
     |    ^^^^^^^^^^^^^^^^^^^^^^^^^^^^^^^^^^^^^^^^^^^^^^^^^^^^^^^^^^^^^^^^^^^^^^^^^^^^^^^^^^^^^^^^^^
  13 | ...
  14 | ...
  15 | ...

The export SEED_COMMUNITY_POSTS was not found in module [project]/src/lib/seed.ts [app-ssr] (ecmascript).
Did you mean to import SEED_UNITS?
All exports of the module are statically known (It doesn't have dynamic exports). So it's known statically that the requested export doesn't exist.

Import traces:
  Client Component Browser:
    ./src/lib/store.ts [Client Component Browser]
    ./src/app/page.tsx [Client Component Browser]
    ./src/app/page.tsx [Server Component]

  Client Component SSR:
    ./src/lib/store.ts [Client Component SSR]
    ./src/app/page.tsx [Client Component SSR]
    ./src/app/page.tsx [Server Component] @ http://localhost:3003/_next/static/chunks/node_modules_next_dist_0u_w_5s._.js:1945
[    7731ms] [ERROR] ./src/lib/store.ts:12:1
Export SEED_COMMUNITY_POSTS doesn't exist in target module
  10 | ...
  11 | ...
> 12 | ...SECTIONS, SEED_SCHEDULE_EVENTS, SEED_CHAT_MESSAGES, SEED_WORK_ENGAGEMENTS, SEED_WORKER_...
     |    ^^^^^^^^^^^^^^^^^^^^^^^^^^^^^^^^^^^^^^^^^^^^^^^^^^^^^^^^^^^^^^^^^^^^^^^^^^^^^^^^^^^^^^^^^^
  13 | ...
  14 | ...
  15 | ...

The export SEED_COMMUNITY_POSTS was not found in module [project]/src/lib/seed.ts [app-client] (ecmascript).
Did you mean to import SEED_UNITS?
All exports of the module are statically known (It doesn't have dynamic exports). So it's known statically that the requested export doesn't exist.

Import traces:
  Client Component Browser:
    ./src/lib/store.ts [Client Component Browser]
    ./src/app/page.tsx [Client Component Browser]
    ./src/app/page.tsx [Server Component]

  Client Component SSR:
    ./src/lib/store.ts [Client Component SSR]
    ./src/app/page.tsx [Client Component SSR]
    ./src/app/page.tsx [Server Component] @ http://localhost:3003/_next/static/chunks/node_modules_next_dist_0u_w_5s._.js:1945
[    7731ms] [ERROR] ./src/lib/store.ts:12:1
Export SEED_COMMUNITY_POSTS doesn't exist in target module
  10 | ...
  11 | ...
> 12 | ...SECTIONS, SEED_SCHEDULE_EVENTS, SEED_CHAT_MESSAGES, SEED_WORK_ENGAGEMENTS, SEED_WORKER_...
     |    ^^^^^^^^^^^^^^^^^^^^^^^^^^^^^^^^^^^^^^^^^^^^^^^^^^^^^^^^^^^^^^^^^^^^^^^^^^^^^^^^^^^^^^^^^^
  13 | ...
  14 | ...
  15 | ...

The export SEED_COMMUNITY_POSTS was not found in module [project]/src/lib/seed.ts [app-ssr] (ecmascript).
Did you mean to import SEED_UNITS?
All exports of the module are statically known (It doesn't have dynamic exports). So it's known statically that the requested export doesn't exist.

Import traces:
  Client Component Browser:
    ./src/lib/store.ts [Client Component Browser]
    ./src/app/page.tsx [Client Component Browser]
    ./src/app/page.tsx [Server Component]

  Client Component SSR:
    ./src/lib/store.ts [Client Component SSR]
    ./src/app/page.tsx [Client Component SSR]
    ./src/app/page.tsx [Server Component] @ http://localhost:3003/_next/static/chunks/node_modules_next_dist_0u_w_5s._.js:1945
[    7786ms] [ERROR] ./src/lib/store.ts:12:1
Export SEED_COMMUNITY_POSTS doesn't exist in target module
  10 | ...
  11 | ...
> 12 | ...SECTIONS, SEED_SCHEDULE_EVENTS, SEED_CHAT_MESSAGES, SEED_WORK_ENGAGEMENTS, SEED_WORKER_...
     |    ^^^^^^^^^^^^^^^^^^^^^^^^^^^^^^^^^^^^^^^^^^^^^^^^^^^^^^^^^^^^^^^^^^^^^^^^^^^^^^^^^^^^^^^^^^
  13 | ...
  14 | ...
  15 | ...

The export SEED_COMMUNITY_POSTS was not found in module [project]/src/lib/seed.ts [app-client] (ecmascript).
Did you mean to import SEED_UNITS?
All exports of the module are statically known (It doesn't have dynamic exports). So it's known statically that the requested export doesn't exist.

Import traces:
  Client Component Browser:
    ./src/lib/store.ts [Client Component Browser]
    ./src/app/page.tsx [Client Component Browser]
    ./src/app/page.tsx [Server Component]

  Client Component SSR:
    ./src/lib/store.ts [Client Component SSR]
    ./src/app/page.tsx [Client Component SSR]
    ./src/app/page.tsx [Server Component] @ http://localhost:3003/_next/static/chunks/node_modules_next_dist_0u_w_5s._.js:1945
[    7786ms] [ERROR] ./src/lib/store.ts:12:1
Export SEED_COMMUNITY_POSTS doesn't exist in target module
  10 | ...
  11 | ...
> 12 | ...SECTIONS, SEED_SCHEDULE_EVENTS, SEED_CHAT_MESSAGES, SEED_WORK_ENGAGEMENTS, SEED_WORKER_...
     |    ^^^^^^^^^^^^^^^^^^^^^^^^^^^^^^^^^^^^^^^^^^^^^^^^^^^^^^^^^^^^^^^^^^^^^^^^^^^^^^^^^^^^^^^^^^
  13 | ...
  14 | ...
  15 | ...

The export SEED_COMMUNITY_POSTS was not found in module [project]/src/lib/seed.ts [app-ssr] (ecmascript).
Did you mean to import SEED_UNITS?
All exports of the module are statically known (It doesn't have dynamic exports). So it's known statically that the requested export doesn't exist.

Import traces:
  Client Component Browser:
    ./src/lib/store.ts [Client Component Browser]
    ./src/app/page.tsx [Client Component Browser]
    ./src/app/page.tsx [Server Component]

  Client Component SSR:
    ./src/lib/store.ts [Client Component SSR]
    ./src/app/page.tsx [Client Component SSR]
    ./src/app/page.tsx [Server Component] @ http://localhost:3003/_next/static/chunks/node_modules_next_dist_0u_w_5s._.js:1945
[    7842ms] [ERROR] ./src/lib/store.ts:12:1
Export SEED_COMMUNITY_POSTS doesn't exist in target module
  10 | ...
  11 | ...
> 12 | ...SECTIONS, SEED_SCHEDULE_EVENTS, SEED_CHAT_MESSAGES, SEED_WORK_ENGAGEMENTS, SEED_WORKER_...
     |    ^^^^^^^^^^^^^^^^^^^^^^^^^^^^^^^^^^^^^^^^^^^^^^^^^^^^^^^^^^^^^^^^^^^^^^^^^^^^^^^^^^^^^^^^^^
  13 | ...
  14 | ...
  15 | ...

The export SEED_COMMUNITY_POSTS was not found in module [project]/src/lib/seed.ts [app-client] (ecmascript).
Did you mean to import SEED_UNITS?
All exports of the module are statically known (It doesn't have dynamic exports). So it's known statically that the requested export doesn't exist.

Import traces:
  Client Component Browser:
    ./src/lib/store.ts [Client Component Browser]
    ./src/app/page.tsx [Client Component Browser]
    ./src/app/page.tsx [Server Component]

  Client Component SSR:
    ./src/lib/store.ts [Client Component SSR]
    ./src/app/page.tsx [Client Component SSR]
    ./src/app/page.tsx [Server Component] @ http://localhost:3003/_next/static/chunks/node_modules_next_dist_0u_w_5s._.js:1945
[    7842ms] [ERROR] ./src/lib/store.ts:12:1
Export SEED_COMMUNITY_POSTS doesn't exist in target module
  10 | ...
  11 | ...
> 12 | ...SECTIONS, SEED_SCHEDULE_EVENTS, SEED_CHAT_MESSAGES, SEED_WORK_ENGAGEMENTS, SEED_WORKER_...
     |    ^^^^^^^^^^^^^^^^^^^^^^^^^^^^^^^^^^^^^^^^^^^^^^^^^^^^^^^^^^^^^^^^^^^^^^^^^^^^^^^^^^^^^^^^^^
  13 | ...
  14 | ...
  15 | ...

The export SEED_COMMUNITY_POSTS was not found in module [project]/src/lib/seed.ts [app-ssr] (ecmascript).
Did you mean to import SEED_UNITS?
All exports of the module are statically known (It doesn't have dynamic exports). So it's known statically that the requested export doesn't exist.

Import traces:
  Client Component Browser:
    ./src/lib/store.ts [Client Component Browser]
    ./src/app/page.tsx [Client Component Browser]
    ./src/app/page.tsx [Server Component]

  Client Component SSR:
    ./src/lib/store.ts [Client Component SSR]
    ./src/app/page.tsx [Client Component SSR]
    ./src/app/page.tsx [Server Component] @ http://localhost:3003/_next/static/chunks/node_modules_next_dist_0u_w_5s._.js:1945
[    7897ms] [ERROR] ./src/lib/store.ts:12:1
Export SEED_COMMUNITY_POSTS doesn't exist in target module
  10 | ...
  11 | ...
> 12 | ...SECTIONS, SEED_SCHEDULE_EVENTS, SEED_CHAT_MESSAGES, SEED_WORK_ENGAGEMENTS, SEED_WORKER_...
     |    ^^^^^^^^^^^^^^^^^^^^^^^^^^^^^^^^^^^^^^^^^^^^^^^^^^^^^^^^^^^^^^^^^^^^^^^^^^^^^^^^^^^^^^^^^^
  13 | ...
  14 | ...
  15 | ...

The export SEED_COMMUNITY_POSTS was not found in module [project]/src/lib/seed.ts [app-client] (ecmascript).
Did you mean to import SEED_UNITS?
All exports of the module are statically known (It doesn't have dynamic exports). So it's known statically that the requested export doesn't exist.

Import traces:
  Client Component Browser:
    ./src/lib/store.ts [Client Component Browser]
    ./src/app/page.tsx [Client Component Browser]
    ./src/app/page.tsx [Server Component]

  Client Component SSR:
    ./src/lib/store.ts [Client Component SSR]
    ./src/app/page.tsx [Client Component SSR]
    ./src/app/page.tsx [Server Component] @ http://localhost:3003/_next/static/chunks/node_modules_next_dist_0u_w_5s._.js:1945
[    7897ms] [ERROR] ./src/lib/store.ts:12:1
Export SEED_COMMUNITY_POSTS doesn't exist in target module
  10 | ...
  11 | ...
> 12 | ...SECTIONS, SEED_SCHEDULE_EVENTS, SEED_CHAT_MESSAGES, SEED_WORK_ENGAGEMENTS, SEED_WORKER_...
     |    ^^^^^^^^^^^^^^^^^^^^^^^^^^^^^^^^^^^^^^^^^^^^^^^^^^^^^^^^^^^^^^^^^^^^^^^^^^^^^^^^^^^^^^^^^^
  13 | ...
  14 | ...
  15 | ...

The export SEED_COMMUNITY_POSTS was not found in module [project]/src/lib/seed.ts [app-ssr] (ecmascript).
Did you mean to import SEED_UNITS?
All exports of the module are statically known (It doesn't have dynamic exports). So it's known statically that the requested export doesn't exist.

Import traces:
  Client Component Browser:
    ./src/lib/store.ts [Client Component Browser]
    ./src/app/page.tsx [Client Component Browser]
    ./src/app/page.tsx [Server Component]

  Client Component SSR:
    ./src/lib/store.ts [Client Component SSR]
    ./src/app/page.tsx [Client Component SSR]
    ./src/app/page.tsx [Server Component] @ http://localhost:3003/_next/static/chunks/node_modules_next_dist_0u_w_5s._.js:1945
[    7949ms] [ERROR] ./src/lib/store.ts:12:1
Export SEED_COMMUNITY_POSTS doesn't exist in target module
  10 | ...
  11 | ...
> 12 | ...SECTIONS, SEED_SCHEDULE_EVENTS, SEED_CHAT_MESSAGES, SEED_WORK_ENGAGEMENTS, SEED_WORKER_...
     |    ^^^^^^^^^^^^^^^^^^^^^^^^^^^^^^^^^^^^^^^^^^^^^^^^^^^^^^^^^^^^^^^^^^^^^^^^^^^^^^^^^^^^^^^^^^
  13 | ...
  14 | ...
  15 | ...

The export SEED_COMMUNITY_POSTS was not found in module [project]/src/lib/seed.ts [app-client] (ecmascript).
Did you mean to import SEED_UNITS?
All exports of the module are statically known (It doesn't have dynamic exports). So it's known statically that the requested export doesn't exist.

Import traces:
  Client Component Browser:
    ./src/lib/store.ts [Client Component Browser]
    ./src/app/page.tsx [Client Component Browser]
    ./src/app/page.tsx [Server Component]

  Client Component SSR:
    ./src/lib/store.ts [Client Component SSR]
    ./src/app/page.tsx [Client Component SSR]
    ./src/app/page.tsx [Server Component] @ http://localhost:3003/_next/static/chunks/node_modules_next_dist_0u_w_5s._.js:1945
[    7949ms] [ERROR] ./src/lib/store.ts:12:1
Export SEED_COMMUNITY_POSTS doesn't exist in target module
  10 | ...
  11 | ...
> 12 | ...SECTIONS, SEED_SCHEDULE_EVENTS, SEED_CHAT_MESSAGES, SEED_WORK_ENGAGEMENTS, SEED_WORKER_...
     |    ^^^^^^^^^^^^^^^^^^^^^^^^^^^^^^^^^^^^^^^^^^^^^^^^^^^^^^^^^^^^^^^^^^^^^^^^^^^^^^^^^^^^^^^^^^
  13 | ...
  14 | ...
  15 | ...

The export SEED_COMMUNITY_POSTS was not found in module [project]/src/lib/seed.ts [app-ssr] (ecmascript).
Did you mean to import SEED_UNITS?
All exports of the module are statically known (It doesn't have dynamic exports). So it's known statically that the requested export doesn't exist.

Import traces:
  Client Component Browser:
    ./src/lib/store.ts [Client Component Browser]
    ./src/app/page.tsx [Client Component Browser]
    ./src/app/page.tsx [Server Component]

  Client Component SSR:
    ./src/lib/store.ts [Client Component SSR]
    ./src/app/page.tsx [Client Component SSR]
    ./src/app/page.tsx [Server Component] @ http://localhost:3003/_next/static/chunks/node_modules_next_dist_0u_w_5s._.js:1945
[    8001ms] [ERROR] ./src/lib/store.ts:12:1
Export SEED_COMMUNITY_POSTS doesn't exist in target module
  10 | ...
  11 | ...
> 12 | ...SECTIONS, SEED_SCHEDULE_EVENTS, SEED_CHAT_MESSAGES, SEED_WORK_ENGAGEMENTS, SEED_WORKER_...
     |    ^^^^^^^^^^^^^^^^^^^^^^^^^^^^^^^^^^^^^^^^^^^^^^^^^^^^^^^^^^^^^^^^^^^^^^^^^^^^^^^^^^^^^^^^^^
  13 | ...
  14 | ...
  15 | ...

The export SEED_COMMUNITY_POSTS was not found in module [project]/src/lib/seed.ts [app-client] (ecmascript).
Did you mean to import SEED_UNITS?
All exports of the module are statically known (It doesn't have dynamic exports). So it's known statically that the requested export doesn't exist.

Import traces:
  Client Component Browser:
    ./src/lib/store.ts [Client Component Browser]
    ./src/app/page.tsx [Client Component Browser]
    ./src/app/page.tsx [Server Component]

  Client Component SSR:
    ./src/lib/store.ts [Client Component SSR]
    ./src/app/page.tsx [Client Component SSR]
    ./src/app/page.tsx [Server Component] @ http://localhost:3003/_next/static/chunks/node_modules_next_dist_0u_w_5s._.js:1945
[    8001ms] [ERROR] ./src/lib/store.ts:12:1
Export SEED_COMMUNITY_POSTS doesn't exist in target module
  10 | ...
  11 | ...
> 12 | ...SECTIONS, SEED_SCHEDULE_EVENTS, SEED_CHAT_MESSAGES, SEED_WORK_ENGAGEMENTS, SEED_WORKER_...
     |    ^^^^^^^^^^^^^^^^^^^^^^^^^^^^^^^^^^^^^^^^^^^^^^^^^^^^^^^^^^^^^^^^^^^^^^^^^^^^^^^^^^^^^^^^^^
  13 | ...
  14 | ...
  15 | ...

The export SEED_COMMUNITY_POSTS was not found in module [project]/src/lib/seed.ts [app-ssr] (ecmascript).
Did you mean to import SEED_UNITS?
All exports of the module are statically known (It doesn't have dynamic exports). So it's known statically that the requested export doesn't exist.

Import traces:
  Client Component Browser:
    ./src/lib/store.ts [Client Component Browser]
    ./src/app/page.tsx [Client Component Browser]
    ./src/app/page.tsx [Server Component]

  Client Component SSR:
    ./src/lib/store.ts [Client Component SSR]
    ./src/app/page.tsx [Client Component SSR]
    ./src/app/page.tsx [Server Component] @ http://localhost:3003/_next/static/chunks/node_modules_next_dist_0u_w_5s._.js:1945
[    8052ms] [ERROR] ./src/lib/store.ts:12:1
Export SEED_COMMUNITY_POSTS doesn't exist in target module
  10 | ...
  11 | ...
> 12 | ...SECTIONS, SEED_SCHEDULE_EVENTS, SEED_CHAT_MESSAGES, SEED_WORK_ENGAGEMENTS, SEED_WORKER_...
     |    ^^^^^^^^^^^^^^^^^^^^^^^^^^^^^^^^^^^^^^^^^^^^^^^^^^^^^^^^^^^^^^^^^^^^^^^^^^^^^^^^^^^^^^^^^^
  13 | ...
  14 | ...
  15 | ...

The export SEED_COMMUNITY_POSTS was not found in module [project]/src/lib/seed.ts [app-client] (ecmascript).
Did you mean to import SEED_UNITS?
All exports of the module are statically known (It doesn't have dynamic exports). So it's known statically that the requested export doesn't exist.

Import traces:
  Client Component Browser:
    ./src/lib/store.ts [Client Component Browser]
    ./src/app/page.tsx [Client Component Browser]
    ./src/app/page.tsx [Server Component]

  Client Component SSR:
    ./src/lib/store.ts [Client Component SSR]
    ./src/app/page.tsx [Client Component SSR]
    ./src/app/page.tsx [Server Component] @ http://localhost:3003/_next/static/chunks/node_modules_next_dist_0u_w_5s._.js:1945
[    8052ms] [ERROR] ./src/lib/store.ts:12:1
Export SEED_COMMUNITY_POSTS doesn't exist in target module
  10 | ...
  11 | ...
> 12 | ...SECTIONS, SEED_SCHEDULE_EVENTS, SEED_CHAT_MESSAGES, SEED_WORK_ENGAGEMENTS, SEED_WORKER_...
     |    ^^^^^^^^^^^^^^^^^^^^^^^^^^^^^^^^^^^^^^^^^^^^^^^^^^^^^^^^^^^^^^^^^^^^^^^^^^^^^^^^^^^^^^^^^^
  13 | ...
  14 | ...
  15 | ...

The export SEED_COMMUNITY_POSTS was not found in module [project]/src/lib/seed.ts [app-ssr] (ecmascript).
Did you mean to import SEED_UNITS?
All exports of the module are statically known (It doesn't have dynamic exports). So it's known statically that the requested export doesn't exist.

Import traces:
  Client Component Browser:
    ./src/lib/store.ts [Client Component Browser]
    ./src/app/page.tsx [Client Component Browser]
    ./src/app/page.tsx [Server Component]

  Client Component SSR:
    ./src/lib/store.ts [Client Component SSR]
    ./src/app/page.tsx [Client Component SSR]
    ./src/app/page.tsx [Server Component] @ http://localhost:3003/_next/static/chunks/node_modules_next_dist_0u_w_5s._.js:1945
[    8105ms] [ERROR] ./src/lib/store.ts:12:1
Export SEED_COMMUNITY_POSTS doesn't exist in target module
  10 | ...
  11 | ...
> 12 | ...SECTIONS, SEED_SCHEDULE_EVENTS, SEED_CHAT_MESSAGES, SEED_WORK_ENGAGEMENTS, SEED_WORKER_...
     |    ^^^^^^^^^^^^^^^^^^^^^^^^^^^^^^^^^^^^^^^^^^^^^^^^^^^^^^^^^^^^^^^^^^^^^^^^^^^^^^^^^^^^^^^^^^
  13 | ...
  14 | ...
  15 | ...

The export SEED_COMMUNITY_POSTS was not found in module [project]/src/lib/seed.ts [app-client] (ecmascript).
Did you mean to import SEED_UNITS?
All exports of the module are statically known (It doesn't have dynamic exports). So it's known statically that the requested export doesn't exist.

Import traces:
  Client Component Browser:
    ./src/lib/store.ts [Client Component Browser]
    ./src/app/page.tsx [Client Component Browser]
    ./src/app/page.tsx [Server Component]

  Client Component SSR:
    ./src/lib/store.ts [Client Component SSR]
    ./src/app/page.tsx [Client Component SSR]
    ./src/app/page.tsx [Server Component] @ http://localhost:3003/_next/static/chunks/node_modules_next_dist_0u_w_5s._.js:1945
[    8105ms] [ERROR] ./src/lib/store.ts:12:1
Export SEED_COMMUNITY_POSTS doesn't exist in target module
  10 | ...
  11 | ...
> 12 | ...SECTIONS, SEED_SCHEDULE_EVENTS, SEED_CHAT_MESSAGES, SEED_WORK_ENGAGEMENTS, SEED_WORKER_...
     |    ^^^^^^^^^^^^^^^^^^^^^^^^^^^^^^^^^^^^^^^^^^^^^^^^^^^^^^^^^^^^^^^^^^^^^^^^^^^^^^^^^^^^^^^^^^
  13 | ...
  14 | ...
  15 | ...

The export SEED_COMMUNITY_POSTS was not found in module [project]/src/lib/seed.ts [app-ssr] (ecmascript).
Did you mean to import SEED_UNITS?
All exports of the module are statically known (It doesn't have dynamic exports). So it's known statically that the requested export doesn't exist.

Import traces:
  Client Component Browser:
    ./src/lib/store.ts [Client Component Browser]
    ./src/app/page.tsx [Client Component Browser]
    ./src/app/page.tsx [Server Component]

  Client Component SSR:
    ./src/lib/store.ts [Client Component SSR]
    ./src/app/page.tsx [Client Component SSR]
    ./src/app/page.tsx [Server Component] @ http://localhost:3003/_next/static/chunks/node_modules_next_dist_0u_w_5s._.js:1945
[    8158ms] [ERROR] ./src/lib/store.ts:12:1
Export SEED_COMMUNITY_POSTS doesn't exist in target module
  10 | ...
  11 | ...
> 12 | ...SECTIONS, SEED_SCHEDULE_EVENTS, SEED_CHAT_MESSAGES, SEED_WORK_ENGAGEMENTS, SEED_WORKER_...
     |    ^^^^^^^^^^^^^^^^^^^^^^^^^^^^^^^^^^^^^^^^^^^^^^^^^^^^^^^^^^^^^^^^^^^^^^^^^^^^^^^^^^^^^^^^^^
  13 | ...
  14 | ...
  15 | ...

The export SEED_COMMUNITY_POSTS was not found in module [project]/src/lib/seed.ts [app-client] (ecmascript).
Did you mean to import SEED_UNITS?
All exports of the module are statically known (It doesn't have dynamic exports). So it's known statically that the requested export doesn't exist.

Import traces:
  Client Component Browser:
    ./src/lib/store.ts [Client Component Browser]
    ./src/app/page.tsx [Client Component Browser]
    ./src/app/page.tsx [Server Component]

  Client Component SSR:
    ./src/lib/store.ts [Client Component SSR]
    ./src/app/page.tsx [Client Component SSR]
    ./src/app/page.tsx [Server Component] @ http://localhost:3003/_next/static/chunks/node_modules_next_dist_0u_w_5s._.js:1945
[    8158ms] [ERROR] ./src/lib/store.ts:12:1
Export SEED_COMMUNITY_POSTS doesn't exist in target module
  10 | ...
  11 | ...
> 12 | ...SECTIONS, SEED_SCHEDULE_EVENTS, SEED_CHAT_MESSAGES, SEED_WORK_ENGAGEMENTS, SEED_WORKER_...
     |    ^^^^^^^^^^^^^^^^^^^^^^^^^^^^^^^^^^^^^^^^^^^^^^^^^^^^^^^^^^^^^^^^^^^^^^^^^^^^^^^^^^^^^^^^^^
  13 | ...
  14 | ...
  15 | ...

The export SEED_COMMUNITY_POSTS was not found in module [project]/src/lib/seed.ts [app-ssr] (ecmascript).
Did you mean to import SEED_UNITS?
All exports of the module are statically known (It doesn't have dynamic exports). So it's known statically that the requested export doesn't exist.

Import traces:
  Client Component Browser:
    ./src/lib/store.ts [Client Component Browser]
    ./src/app/page.tsx [Client Component Browser]
    ./src/app/page.tsx [Server Component]

  Client Component SSR:
    ./src/lib/store.ts [Client Component SSR]
    ./src/app/page.tsx [Client Component SSR]
    ./src/app/page.tsx [Server Component] @ http://localhost:3003/_next/static/chunks/node_modules_next_dist_0u_w_5s._.js:1945
[    8212ms] [ERROR] ./src/lib/store.ts:12:1
Export SEED_COMMUNITY_POSTS doesn't exist in target module
  10 | ...
  11 | ...
> 12 | ...SECTIONS, SEED_SCHEDULE_EVENTS, SEED_CHAT_MESSAGES, SEED_WORK_ENGAGEMENTS, SEED_WORKER_...
     |    ^^^^^^^^^^^^^^^^^^^^^^^^^^^^^^^^^^^^^^^^^^^^^^^^^^^^^^^^^^^^^^^^^^^^^^^^^^^^^^^^^^^^^^^^^^
  13 | ...
  14 | ...
  15 | ...

The export SEED_COMMUNITY_POSTS was not found in module [project]/src/lib/seed.ts [app-client] (ecmascript).
Did you mean to import SEED_UNITS?
All exports of the module are statically known (It doesn't have dynamic exports). So it's known statically that the requested export doesn't exist.

Import traces:
  Client Component Browser:
    ./src/lib/store.ts [Client Component Browser]
    ./src/app/page.tsx [Client Component Browser]
    ./src/app/page.tsx [Server Component]

  Client Component SSR:
    ./src/lib/store.ts [Client Component SSR]
    ./src/app/page.tsx [Client Component SSR]
    ./src/app/page.tsx [Server Component] @ http://localhost:3003/_next/static/chunks/node_modules_next_dist_0u_w_5s._.js:1945
[    8212ms] [ERROR] ./src/lib/store.ts:12:1
Export SEED_COMMUNITY_POSTS doesn't exist in target module
  10 | ...
  11 | ...
> 12 | ...SECTIONS, SEED_SCHEDULE_EVENTS, SEED_CHAT_MESSAGES, SEED_WORK_ENGAGEMENTS, SEED_WORKER_...
     |    ^^^^^^^^^^^^^^^^^^^^^^^^^^^^^^^^^^^^^^^^^^^^^^^^^^^^^^^^^^^^^^^^^^^^^^^^^^^^^^^^^^^^^^^^^^
  13 | ...
  14 | ...
  15 | ...

The export SEED_COMMUNITY_POSTS was not found in module [project]/src/lib/seed.ts [app-ssr] (ecmascript).
Did you mean to import SEED_UNITS?
All exports of the module are statically known (It doesn't have dynamic exports). So it's known statically that the requested export doesn't exist.

Import traces:
  Client Component Browser:
    ./src/lib/store.ts [Client Component Browser]
    ./src/app/page.tsx [Client Component Browser]
    ./src/app/page.tsx [Server Component]

  Client Component SSR:
    ./src/lib/store.ts [Client Component SSR]
    ./src/app/page.tsx [Client Component SSR]
    ./src/app/page.tsx [Server Component] @ http://localhost:3003/_next/static/chunks/node_modules_next_dist_0u_w_5s._.js:1945
[    8266ms] [ERROR] ./src/lib/store.ts:12:1
Export SEED_COMMUNITY_POSTS doesn't exist in target module
  10 | ...
  11 | ...
> 12 | ...SECTIONS, SEED_SCHEDULE_EVENTS, SEED_CHAT_MESSAGES, SEED_WORK_ENGAGEMENTS, SEED_WORKER_...
     |    ^^^^^^^^^^^^^^^^^^^^^^^^^^^^^^^^^^^^^^^^^^^^^^^^^^^^^^^^^^^^^^^^^^^^^^^^^^^^^^^^^^^^^^^^^^
  13 | ...
  14 | ...
  15 | ...

The export SEED_COMMUNITY_POSTS was not found in module [project]/src/lib/seed.ts [app-client] (ecmascript).
Did you mean to import SEED_UNITS?
All exports of the module are statically known (It doesn't have dynamic exports). So it's known statically that the requested export doesn't exist.

Import traces:
  Client Component Browser:
    ./src/lib/store.ts [Client Component Browser]
    ./src/app/page.tsx [Client Component Browser]
    ./src/app/page.tsx [Server Component]

  Client Component SSR:
    ./src/lib/store.ts [Client Component SSR]
    ./src/app/page.tsx [Client Component SSR]
    ./src/app/page.tsx [Server Component] @ http://localhost:3003/_next/static/chunks/node_modules_next_dist_0u_w_5s._.js:1945
[    8266ms] [ERROR] ./src/lib/store.ts:12:1
Export SEED_COMMUNITY_POSTS doesn't exist in target module
  10 | ...
  11 | ...
> 12 | ...SECTIONS, SEED_SCHEDULE_EVENTS, SEED_CHAT_MESSAGES, SEED_WORK_ENGAGEMENTS, SEED_WORKER_...
     |    ^^^^^^^^^^^^^^^^^^^^^^^^^^^^^^^^^^^^^^^^^^^^^^^^^^^^^^^^^^^^^^^^^^^^^^^^^^^^^^^^^^^^^^^^^^
  13 | ...
  14 | ...
  15 | ...

The export SEED_COMMUNITY_POSTS was not found in module [project]/src/lib/seed.ts [app-ssr] (ecmascript).
Did you mean to import SEED_UNITS?
All exports of the module are statically known (It doesn't have dynamic exports). So it's known statically that the requested export doesn't exist.

Import traces:
  Client Component Browser:
    ./src/lib/store.ts [Client Component Browser]
    ./src/app/page.tsx [Client Component Browser]
    ./src/app/page.tsx [Server Component]

  Client Component SSR:
    ./src/lib/store.ts [Client Component SSR]
    ./src/app/page.tsx [Client Component SSR]
    ./src/app/page.tsx [Server Component] @ http://localhost:3003/_next/static/chunks/node_modules_next_dist_0u_w_5s._.js:1945
[    8320ms] [ERROR] ./src/lib/store.ts:12:1
Export SEED_COMMUNITY_POSTS doesn't exist in target module
  10 | ...
  11 | ...
> 12 | ...SECTIONS, SEED_SCHEDULE_EVENTS, SEED_CHAT_MESSAGES, SEED_WORK_ENGAGEMENTS, SEED_WORKER_...
     |    ^^^^^^^^^^^^^^^^^^^^^^^^^^^^^^^^^^^^^^^^^^^^^^^^^^^^^^^^^^^^^^^^^^^^^^^^^^^^^^^^^^^^^^^^^^
  13 | ...
  14 | ...
  15 | ...

The export SEED_COMMUNITY_POSTS was not found in module [project]/src/lib/seed.ts [app-client] (ecmascript).
Did you mean to import SEED_UNITS?
All exports of the module are statically known (It doesn't have dynamic exports). So it's known statically that the requested export doesn't exist.

Import traces:
  Client Component Browser:
    ./src/lib/store.ts [Client Component Browser]
    ./src/app/page.tsx [Client Component Browser]
    ./src/app/page.tsx [Server Component]

  Client Component SSR:
    ./src/lib/store.ts [Client Component SSR]
    ./src/app/page.tsx [Client Component SSR]
    ./src/app/page.tsx [Server Component] @ http://localhost:3003/_next/static/chunks/node_modules_next_dist_0u_w_5s._.js:1945
[    8320ms] [ERROR] ./src/lib/store.ts:12:1
Export SEED_COMMUNITY_POSTS doesn't exist in target module
  10 | ...
  11 | ...
> 12 | ...SECTIONS, SEED_SCHEDULE_EVENTS, SEED_CHAT_MESSAGES, SEED_WORK_ENGAGEMENTS, SEED_WORKER_...
     |    ^^^^^^^^^^^^^^^^^^^^^^^^^^^^^^^^^^^^^^^^^^^^^^^^^^^^^^^^^^^^^^^^^^^^^^^^^^^^^^^^^^^^^^^^^^
  13 | ...
  14 | ...
  15 | ...

The export SEED_COMMUNITY_POSTS was not found in module [project]/src/lib/seed.ts [app-ssr] (ecmascript).
Did you mean to import SEED_UNITS?
All exports of the module are statically known (It doesn't have dynamic exports). So it's known statically that the requested export doesn't exist.

Import traces:
  Client Component Browser:
    ./src/lib/store.ts [Client Component Browser]
    ./src/app/page.tsx [Client Component Browser]
    ./src/app/page.tsx [Server Component]

  Client Component SSR:
    ./src/lib/store.ts [Client Component SSR]
    ./src/app/page.tsx [Client Component SSR]
    ./src/app/page.tsx [Server Component] @ http://localhost:3003/_next/static/chunks/node_modules_next_dist_0u_w_5s._.js:1945
[    8373ms] [ERROR] ./src/lib/store.ts:12:1
Export SEED_COMMUNITY_POSTS doesn't exist in target module
  10 | ...
  11 | ...
> 12 | ...SECTIONS, SEED_SCHEDULE_EVENTS, SEED_CHAT_MESSAGES, SEED_WORK_ENGAGEMENTS, SEED_WORKER_...
     |    ^^^^^^^^^^^^^^^^^^^^^^^^^^^^^^^^^^^^^^^^^^^^^^^^^^^^^^^^^^^^^^^^^^^^^^^^^^^^^^^^^^^^^^^^^^
  13 | ...
  14 | ...
  15 | ...

The export SEED_COMMUNITY_POSTS was not found in module [project]/src/lib/seed.ts [app-client] (ecmascript).
Did you mean to import SEED_UNITS?
All exports of the module are statically known (It doesn't have dynamic exports). So it's known statically that the requested export doesn't exist.

Import traces:
  Client Component Browser:
    ./src/lib/store.ts [Client Component Browser]
    ./src/app/page.tsx [Client Component Browser]
    ./src/app/page.tsx [Server Component]

  Client Component SSR:
    ./src/lib/store.ts [Client Component SSR]
    ./src/app/page.tsx [Client Component SSR]
    ./src/app/page.tsx [Server Component] @ http://localhost:3003/_next/static/chunks/node_modules_next_dist_0u_w_5s._.js:1945
[    8373ms] [ERROR] ./src/lib/store.ts:12:1
Export SEED_COMMUNITY_POSTS doesn't exist in target module
  10 | ...
  11 | ...
> 12 | ...SECTIONS, SEED_SCHEDULE_EVENTS, SEED_CHAT_MESSAGES, SEED_WORK_ENGAGEMENTS, SEED_WORKER_...
     |    ^^^^^^^^^^^^^^^^^^^^^^^^^^^^^^^^^^^^^^^^^^^^^^^^^^^^^^^^^^^^^^^^^^^^^^^^^^^^^^^^^^^^^^^^^^
  13 | ...
  14 | ...
  15 | ...

The export SEED_COMMUNITY_POSTS was not found in module [project]/src/lib/seed.ts [app-ssr] (ecmascript).
Did you mean to import SEED_UNITS?
All exports of the module are statically known (It doesn't have dynamic exports). So it's known statically that the requested export doesn't exist.

Import traces:
  Client Component Browser:
    ./src/lib/store.ts [Client Component Browser]
    ./src/app/page.tsx [Client Component Browser]
    ./src/app/page.tsx [Server Component]

  Client Component SSR:
    ./src/lib/store.ts [Client Component SSR]
    ./src/app/page.tsx [Client Component SSR]
    ./src/app/page.tsx [Server Component] @ http://localhost:3003/_next/static/chunks/node_modules_next_dist_0u_w_5s._.js:1945
[    8427ms] [ERROR] ./src/lib/store.ts:12:1
Export SEED_COMMUNITY_POSTS doesn't exist in target module
  10 | ...
  11 | ...
> 12 | ...SECTIONS, SEED_SCHEDULE_EVENTS, SEED_CHAT_MESSAGES, SEED_WORK_ENGAGEMENTS, SEED_WORKER_...
     |    ^^^^^^^^^^^^^^^^^^^^^^^^^^^^^^^^^^^^^^^^^^^^^^^^^^^^^^^^^^^^^^^^^^^^^^^^^^^^^^^^^^^^^^^^^^
  13 | ...
  14 | ...
  15 | ...

The export SEED_COMMUNITY_POSTS was not found in module [project]/src/lib/seed.ts [app-client] (ecmascript).
Did you mean to import SEED_UNITS?
All exports of the module are statically known (It doesn't have dynamic exports). So it's known statically that the requested export doesn't exist.

Import traces:
  Client Component Browser:
    ./src/lib/store.ts [Client Component Browser]
    ./src/app/page.tsx [Client Component Browser]
    ./src/app/page.tsx [Server Component]

  Client Component SSR:
    ./src/lib/store.ts [Client Component SSR]
    ./src/app/page.tsx [Client Component SSR]
    ./src/app/page.tsx [Server Component] @ http://localhost:3003/_next/static/chunks/node_modules_next_dist_0u_w_5s._.js:1945
[    8427ms] [ERROR] ./src/lib/store.ts:12:1
Export SEED_COMMUNITY_POSTS doesn't exist in target module
  10 | ...
  11 | ...
> 12 | ...SECTIONS, SEED_SCHEDULE_EVENTS, SEED_CHAT_MESSAGES, SEED_WORK_ENGAGEMENTS, SEED_WORKER_...
     |    ^^^^^^^^^^^^^^^^^^^^^^^^^^^^^^^^^^^^^^^^^^^^^^^^^^^^^^^^^^^^^^^^^^^^^^^^^^^^^^^^^^^^^^^^^^
  13 | ...
  14 | ...
  15 | ...

The export SEED_COMMUNITY_POSTS was not found in module [project]/src/lib/seed.ts [app-ssr] (ecmascript).
Did you mean to import SEED_UNITS?
All exports of the module are statically known (It doesn't have dynamic exports). So it's known statically that the requested export doesn't exist.

Import traces:
  Client Component Browser:
    ./src/lib/store.ts [Client Component Browser]
    ./src/app/page.tsx [Client Component Browser]
    ./src/app/page.tsx [Server Component]

  Client Component SSR:
    ./src/lib/store.ts [Client Component SSR]
    ./src/app/page.tsx [Client Component SSR]
    ./src/app/page.tsx [Server Component] @ http://localhost:3003/_next/static/chunks/node_modules_next_dist_0u_w_5s._.js:1945
[    8479ms] [ERROR] ./src/lib/store.ts:12:1
Export SEED_COMMUNITY_POSTS doesn't exist in target module
  10 | ...
  11 | ...
> 12 | ...SECTIONS, SEED_SCHEDULE_EVENTS, SEED_CHAT_MESSAGES, SEED_WORK_ENGAGEMENTS, SEED_WORKER_...
     |    ^^^^^^^^^^^^^^^^^^^^^^^^^^^^^^^^^^^^^^^^^^^^^^^^^^^^^^^^^^^^^^^^^^^^^^^^^^^^^^^^^^^^^^^^^^
  13 | ...
  14 | ...
  15 | ...

The export SEED_COMMUNITY_POSTS was not found in module [project]/src/lib/seed.ts [app-client] (ecmascript).
Did you mean to import SEED_UNITS?
All exports of the module are statically known (It doesn't have dynamic exports). So it's known statically that the requested export doesn't exist.

Import traces:
  Client Component Browser:
    ./src/lib/store.ts [Client Component Browser]
    ./src/app/page.tsx [Client Component Browser]
    ./src/app/page.tsx [Server Component]

  Client Component SSR:
    ./src/lib/store.ts [Client Component SSR]
    ./src/app/page.tsx [Client Component SSR]
    ./src/app/page.tsx [Server Component] @ http://localhost:3003/_next/static/chunks/node_modules_next_dist_0u_w_5s._.js:1945
[    8479ms] [ERROR] ./src/lib/store.ts:12:1
Export SEED_COMMUNITY_POSTS doesn't exist in target module
  10 | ...
  11 | ...
> 12 | ...SECTIONS, SEED_SCHEDULE_EVENTS, SEED_CHAT_MESSAGES, SEED_WORK_ENGAGEMENTS, SEED_WORKER_...
     |    ^^^^^^^^^^^^^^^^^^^^^^^^^^^^^^^^^^^^^^^^^^^^^^^^^^^^^^^^^^^^^^^^^^^^^^^^^^^^^^^^^^^^^^^^^^
  13 | ...
  14 | ...
  15 | ...

The export SEED_COMMUNITY_POSTS was not found in module [project]/src/lib/seed.ts [app-ssr] (ecmascript).
Did you mean to import SEED_UNITS?
All exports of the module are statically known (It doesn't have dynamic exports). So it's known statically that the requested export doesn't exist.

Import traces:
  Client Component Browser:
    ./src/lib/store.ts [Client Component Browser]
    ./src/app/page.tsx [Client Component Browser]
    ./src/app/page.tsx [Server Component]

  Client Component SSR:
    ./src/lib/store.ts [Client Component SSR]
    ./src/app/page.tsx [Client Component SSR]
    ./src/app/page.tsx [Server Component] @ http://localhost:3003/_next/static/chunks/node_modules_next_dist_0u_w_5s._.js:1945
[    8531ms] [ERROR] ./src/lib/store.ts:12:1
Export SEED_COMMUNITY_POSTS doesn't exist in target module
  10 | ...
  11 | ...
> 12 | ...SECTIONS, SEED_SCHEDULE_EVENTS, SEED_CHAT_MESSAGES, SEED_WORK_ENGAGEMENTS, SEED_WORKER_...
     |    ^^^^^^^^^^^^^^^^^^^^^^^^^^^^^^^^^^^^^^^^^^^^^^^^^^^^^^^^^^^^^^^^^^^^^^^^^^^^^^^^^^^^^^^^^^
  13 | ...
  14 | ...
  15 | ...

The export SEED_COMMUNITY_POSTS was not found in module [project]/src/lib/seed.ts [app-client] (ecmascript).
Did you mean to import SEED_UNITS?
All exports of the module are statically known (It doesn't have dynamic exports). So it's known statically that the requested export doesn't exist.

Import traces:
  Client Component Browser:
    ./src/lib/store.ts [Client Component Browser]
    ./src/app/page.tsx [Client Component Browser]
    ./src/app/page.tsx [Server Component]

  Client Component SSR:
    ./src/lib/store.ts [Client Component SSR]
    ./src/app/page.tsx [Client Component SSR]
    ./src/app/page.tsx [Server Component] @ http://localhost:3003/_next/static/chunks/node_modules_next_dist_0u_w_5s._.js:1945
[    8532ms] [ERROR] ./src/lib/store.ts:12:1
Export SEED_COMMUNITY_POSTS doesn't exist in target module
  10 | ...
  11 | ...
> 12 | ...SECTIONS, SEED_SCHEDULE_EVENTS, SEED_CHAT_MESSAGES, SEED_WORK_ENGAGEMENTS, SEED_WORKER_...
     |    ^^^^^^^^^^^^^^^^^^^^^^^^^^^^^^^^^^^^^^^^^^^^^^^^^^^^^^^^^^^^^^^^^^^^^^^^^^^^^^^^^^^^^^^^^^
  13 | ...
  14 | ...
  15 | ...

The export SEED_COMMUNITY_POSTS was not found in module [project]/src/lib/seed.ts [app-ssr] (ecmascript).
Did you mean to import SEED_UNITS?
All exports of the module are statically known (It doesn't have dynamic exports). So it's known statically that the requested export doesn't exist.

Import traces:
  Client Component Browser:
    ./src/lib/store.ts [Client Component Browser]
    ./src/app/page.tsx [Client Component Browser]
    ./src/app/page.tsx [Server Component]

  Client Component SSR:
    ./src/lib/store.ts [Client Component SSR]
    ./src/app/page.tsx [Client Component SSR]
    ./src/app/page.tsx [Server Component] @ http://localhost:3003/_next/static/chunks/node_modules_next_dist_0u_w_5s._.js:1945
[    8584ms] [ERROR] ./src/lib/store.ts:12:1
Export SEED_COMMUNITY_POSTS doesn't exist in target module
  10 | ...
  11 | ...
> 12 | ...SECTIONS, SEED_SCHEDULE_EVENTS, SEED_CHAT_MESSAGES, SEED_WORK_ENGAGEMENTS, SEED_WORKER_...
     |    ^^^^^^^^^^^^^^^^^^^^^^^^^^^^^^^^^^^^^^^^^^^^^^^^^^^^^^^^^^^^^^^^^^^^^^^^^^^^^^^^^^^^^^^^^^
  13 | ...
  14 | ...
  15 | ...

The export SEED_COMMUNITY_POSTS was not found in module [project]/src/lib/seed.ts [app-client] (ecmascript).
Did you mean to import SEED_UNITS?
All exports of the module are statically known (It doesn't have dynamic exports). So it's known statically that the requested export doesn't exist.

Import traces:
  Client Component Browser:
    ./src/lib/store.ts [Client Component Browser]
    ./src/app/page.tsx [Client Component Browser]
    ./src/app/page.tsx [Server Component]

  Client Component SSR:
    ./src/lib/store.ts [Client Component SSR]
    ./src/app/page.tsx [Client Component SSR]
    ./src/app/page.tsx [Server Component] @ http://localhost:3003/_next/static/chunks/node_modules_next_dist_0u_w_5s._.js:1945
[    8585ms] [ERROR] ./src/lib/store.ts:12:1
Export SEED_COMMUNITY_POSTS doesn't exist in target module
  10 | ...
  11 | ...
> 12 | ...SECTIONS, SEED_SCHEDULE_EVENTS, SEED_CHAT_MESSAGES, SEED_WORK_ENGAGEMENTS, SEED_WORKER_...
     |    ^^^^^^^^^^^^^^^^^^^^^^^^^^^^^^^^^^^^^^^^^^^^^^^^^^^^^^^^^^^^^^^^^^^^^^^^^^^^^^^^^^^^^^^^^^
  13 | ...
  14 | ...
  15 | ...

The export SEED_COMMUNITY_POSTS was not found in module [project]/src/lib/seed.ts [app-ssr] (ecmascript).
Did you mean to import SEED_UNITS?
All exports of the module are statically known (It doesn't have dynamic exports). So it's known statically that the requested export doesn't exist.

Import traces:
  Client Component Browser:
    ./src/lib/store.ts [Client Component Browser]
    ./src/app/page.tsx [Client Component Browser]
    ./src/app/page.tsx [Server Component]

  Client Component SSR:
    ./src/lib/store.ts [Client Component SSR]
    ./src/app/page.tsx [Client Component SSR]
    ./src/app/page.tsx [Server Component] @ http://localhost:3003/_next/static/chunks/node_modules_next_dist_0u_w_5s._.js:1945
[    8636ms] [ERROR] ./src/lib/store.ts:12:1
Export SEED_COMMUNITY_POSTS doesn't exist in target module
  10 | ...
  11 | ...
> 12 | ...SECTIONS, SEED_SCHEDULE_EVENTS, SEED_CHAT_MESSAGES, SEED_WORK_ENGAGEMENTS, SEED_WORKER_...
     |    ^^^^^^^^^^^^^^^^^^^^^^^^^^^^^^^^^^^^^^^^^^^^^^^^^^^^^^^^^^^^^^^^^^^^^^^^^^^^^^^^^^^^^^^^^^
  13 | ...
  14 | ...
  15 | ...

The export SEED_COMMUNITY_POSTS was not found in module [project]/src/lib/seed.ts [app-client] (ecmascript).
Did you mean to import SEED_UNITS?
All exports of the module are statically known (It doesn't have dynamic exports). So it's known statically that the requested export doesn't exist.

Import traces:
  Client Component Browser:
    ./src/lib/store.ts [Client Component Browser]
    ./src/app/page.tsx [Client Component Browser]
    ./src/app/page.tsx [Server Component]

  Client Component SSR:
    ./src/lib/store.ts [Client Component SSR]
    ./src/app/page.tsx [Client Component SSR]
    ./src/app/page.tsx [Server Component] @ http://localhost:3003/_next/static/chunks/node_modules_next_dist_0u_w_5s._.js:1945
[    8636ms] [ERROR] ./src/lib/store.ts:12:1
Export SEED_COMMUNITY_POSTS doesn't exist in target module
  10 | ...
  11 | ...
> 12 | ...SECTIONS, SEED_SCHEDULE_EVENTS, SEED_CHAT_MESSAGES, SEED_WORK_ENGAGEMENTS, SEED_WORKER_...
     |    ^^^^^^^^^^^^^^^^^^^^^^^^^^^^^^^^^^^^^^^^^^^^^^^^^^^^^^^^^^^^^^^^^^^^^^^^^^^^^^^^^^^^^^^^^^
  13 | ...
  14 | ...
  15 | ...

The export SEED_COMMUNITY_POSTS was not found in module [project]/src/lib/seed.ts [app-ssr] (ecmascript).
Did you mean to import SEED_UNITS?
All exports of the module are statically known (It doesn't have dynamic exports). So it's known statically that the requested export doesn't exist.

Import traces:
  Client Component Browser:
    ./src/lib/store.ts [Client Component Browser]
    ./src/app/page.tsx [Client Component Browser]
    ./src/app/page.tsx [Server Component]

  Client Component SSR:
    ./src/lib/store.ts [Client Component SSR]
    ./src/app/page.tsx [Client Component SSR]
    ./src/app/page.tsx [Server Component] @ http://localhost:3003/_next/static/chunks/node_modules_next_dist_0u_w_5s._.js:1945
[    8686ms] [ERROR] ./src/lib/store.ts:12:1
Export SEED_COMMUNITY_POSTS doesn't exist in target module
  10 | ...
  11 | ...
> 12 | ...SECTIONS, SEED_SCHEDULE_EVENTS, SEED_CHAT_MESSAGES, SEED_WORK_ENGAGEMENTS, SEED_WORKER_...
     |    ^^^^^^^^^^^^^^^^^^^^^^^^^^^^^^^^^^^^^^^^^^^^^^^^^^^^^^^^^^^^^^^^^^^^^^^^^^^^^^^^^^^^^^^^^^
  13 | ...
  14 | ...
  15 | ...

The export SEED_COMMUNITY_POSTS was not found in module [project]/src/lib/seed.ts [app-client] (ecmascript).
Did you mean to import SEED_UNITS?
All exports of the module are statically known (It doesn't have dynamic exports). So it's known statically that the requested export doesn't exist.

Import traces:
  Client Component Browser:
    ./src/lib/store.ts [Client Component Browser]
    ./src/app/page.tsx [Client Component Browser]
    ./src/app/page.tsx [Server Component]

  Client Component SSR:
    ./src/lib/store.ts [Client Component SSR]
    ./src/app/page.tsx [Client Component SSR]
    ./src/app/page.tsx [Server Component] @ http://localhost:3003/_next/static/chunks/node_modules_next_dist_0u_w_5s._.js:1945
[    8686ms] [ERROR] ./src/lib/store.ts:12:1
Export SEED_COMMUNITY_POSTS doesn't exist in target module
  10 | ...
  11 | ...
> 12 | ...SECTIONS, SEED_SCHEDULE_EVENTS, SEED_CHAT_MESSAGES, SEED_WORK_ENGAGEMENTS, SEED_WORKER_...
     |    ^^^^^^^^^^^^^^^^^^^^^^^^^^^^^^^^^^^^^^^^^^^^^^^^^^^^^^^^^^^^^^^^^^^^^^^^^^^^^^^^^^^^^^^^^^
  13 | ...
  14 | ...
  15 | ...

The export SEED_COMMUNITY_POSTS was not found in module [project]/src/lib/seed.ts [app-ssr] (ecmascript).
Did you mean to import SEED_UNITS?
All exports of the module are statically known (It doesn't have dynamic exports). So it's known statically that the requested export doesn't exist.

Import traces:
  Client Component Browser:
    ./src/lib/store.ts [Client Component Browser]
    ./src/app/page.tsx [Client Component Browser]
    ./src/app/page.tsx [Server Component]

  Client Component SSR:
    ./src/lib/store.ts [Client Component SSR]
    ./src/app/page.tsx [Client Component SSR]
    ./src/app/page.tsx [Server Component] @ http://localhost:3003/_next/static/chunks/node_modules_next_dist_0u_w_5s._.js:1945
[    8737ms] [ERROR] ./src/lib/store.ts:12:1
Export SEED_COMMUNITY_POSTS doesn't exist in target module
  10 | ...
  11 | ...
> 12 | ...SECTIONS, SEED_SCHEDULE_EVENTS, SEED_CHAT_MESSAGES, SEED_WORK_ENGAGEMENTS, SEED_WORKER_...
     |    ^^^^^^^^^^^^^^^^^^^^^^^^^^^^^^^^^^^^^^^^^^^^^^^^^^^^^^^^^^^^^^^^^^^^^^^^^^^^^^^^^^^^^^^^^^
  13 | ...
  14 | ...
  15 | ...

The export SEED_COMMUNITY_POSTS was not found in module [project]/src/lib/seed.ts [app-client] (ecmascript).
Did you mean to import SEED_UNITS?
All exports of the module are statically known (It doesn't have dynamic exports). So it's known statically that the requested export doesn't exist.

Import traces:
  Client Component Browser:
    ./src/lib/store.ts [Client Component Browser]
    ./src/app/page.tsx [Client Component Browser]
    ./src/app/page.tsx [Server Component]

  Client Component SSR:
    ./src/lib/store.ts [Client Component SSR]
    ./src/app/page.tsx [Client Component SSR]
    ./src/app/page.tsx [Server Component] @ http://localhost:3003/_next/static/chunks/node_modules_next_dist_0u_w_5s._.js:1945
[    8737ms] [ERROR] ./src/lib/store.ts:12:1
Export SEED_COMMUNITY_POSTS doesn't exist in target module
  10 | ...
  11 | ...
> 12 | ...SECTIONS, SEED_SCHEDULE_EVENTS, SEED_CHAT_MESSAGES, SEED_WORK_ENGAGEMENTS, SEED_WORKER_...
     |    ^^^^^^^^^^^^^^^^^^^^^^^^^^^^^^^^^^^^^^^^^^^^^^^^^^^^^^^^^^^^^^^^^^^^^^^^^^^^^^^^^^^^^^^^^^
  13 | ...
  14 | ...
  15 | ...

The export SEED_COMMUNITY_POSTS was not found in module [project]/src/lib/seed.ts [app-ssr] (ecmascript).
Did you mean to import SEED_UNITS?
All exports of the module are statically known (It doesn't have dynamic exports). So it's known statically that the requested export doesn't exist.

Import traces:
  Client Component Browser:
    ./src/lib/store.ts [Client Component Browser]
    ./src/app/page.tsx [Client Component Browser]
    ./src/app/page.tsx [Server Component]

  Client Component SSR:
    ./src/lib/store.ts [Client Component SSR]
    ./src/app/page.tsx [Client Component SSR]
    ./src/app/page.tsx [Server Component] @ http://localhost:3003/_next/static/chunks/node_modules_next_dist_0u_w_5s._.js:1945
[    8790ms] [ERROR] ./src/lib/store.ts:12:1
Export SEED_COMMUNITY_POSTS doesn't exist in target module
  10 | ...
  11 | ...
> 12 | ...SECTIONS, SEED_SCHEDULE_EVENTS, SEED_CHAT_MESSAGES, SEED_WORK_ENGAGEMENTS, SEED_WORKER_...
     |    ^^^^^^^^^^^^^^^^^^^^^^^^^^^^^^^^^^^^^^^^^^^^^^^^^^^^^^^^^^^^^^^^^^^^^^^^^^^^^^^^^^^^^^^^^^
  13 | ...
  14 | ...
  15 | ...

The export SEED_COMMUNITY_POSTS was not found in module [project]/src/lib/seed.ts [app-client] (ecmascript).
Did you mean to import SEED_UNITS?
All exports of the module are statically known (It doesn't have dynamic exports). So it's known statically that the requested export doesn't exist.

Import traces:
  Client Component Browser:
    ./src/lib/store.ts [Client Component Browser]
    ./src/app/page.tsx [Client Component Browser]
    ./src/app/page.tsx [Server Component]

  Client Component SSR:
    ./src/lib/store.ts [Client Component SSR]
    ./src/app/page.tsx [Client Component SSR]
    ./src/app/page.tsx [Server Component] @ http://localhost:3003/_next/static/chunks/node_modules_next_dist_0u_w_5s._.js:1945
[    8790ms] [ERROR] ./src/lib/store.ts:12:1
Export SEED_COMMUNITY_POSTS doesn't exist in target module
  10 | ...
  11 | ...
> 12 | ...SECTIONS, SEED_SCHEDULE_EVENTS, SEED_CHAT_MESSAGES, SEED_WORK_ENGAGEMENTS, SEED_WORKER_...
     |    ^^^^^^^^^^^^^^^^^^^^^^^^^^^^^^^^^^^^^^^^^^^^^^^^^^^^^^^^^^^^^^^^^^^^^^^^^^^^^^^^^^^^^^^^^^
  13 | ...
  14 | ...
  15 | ...

The export SEED_COMMUNITY_POSTS was not found in module [project]/src/lib/seed.ts [app-ssr] (ecmascript).
Did you mean to import SEED_UNITS?
All exports of the module are statically known (It doesn't have dynamic exports). So it's known statically that the requested export doesn't exist.

Import traces:
  Client Component Browser:
    ./src/lib/store.ts [Client Component Browser]
    ./src/app/page.tsx [Client Component Browser]
    ./src/app/page.tsx [Server Component]

  Client Component SSR:
    ./src/lib/store.ts [Client Component SSR]
    ./src/app/page.tsx [Client Component SSR]
    ./src/app/page.tsx [Server Component] @ http://localhost:3003/_next/static/chunks/node_modules_next_dist_0u_w_5s._.js:1945
[    8844ms] [ERROR] ./src/lib/store.ts:12:1
Export SEED_COMMUNITY_POSTS doesn't exist in target module
  10 | ...
  11 | ...
> 12 | ...SECTIONS, SEED_SCHEDULE_EVENTS, SEED_CHAT_MESSAGES, SEED_WORK_ENGAGEMENTS, SEED_WORKER_...
     |    ^^^^^^^^^^^^^^^^^^^^^^^^^^^^^^^^^^^^^^^^^^^^^^^^^^^^^^^^^^^^^^^^^^^^^^^^^^^^^^^^^^^^^^^^^^
  13 | ...
  14 | ...
  15 | ...

The export SEED_COMMUNITY_POSTS was not found in module [project]/src/lib/seed.ts [app-client] (ecmascript).
Did you mean to import SEED_UNITS?
All exports of the module are statically known (It doesn't have dynamic exports). So it's known statically that the requested export doesn't exist.

Import traces:
  Client Component Browser:
    ./src/lib/store.ts [Client Component Browser]
    ./src/app/page.tsx [Client Component Browser]
    ./src/app/page.tsx [Server Component]

  Client Component SSR:
    ./src/lib/store.ts [Client Component SSR]
    ./src/app/page.tsx [Client Component SSR]
    ./src/app/page.tsx [Server Component] @ http://localhost:3003/_next/static/chunks/node_modules_next_dist_0u_w_5s._.js:1945
[    8844ms] [ERROR] ./src/lib/store.ts:12:1
Export SEED_COMMUNITY_POSTS doesn't exist in target module
  10 | ...
  11 | ...
> 12 | ...SECTIONS, SEED_SCHEDULE_EVENTS, SEED_CHAT_MESSAGES, SEED_WORK_ENGAGEMENTS, SEED_WORKER_...
     |    ^^^^^^^^^^^^^^^^^^^^^^^^^^^^^^^^^^^^^^^^^^^^^^^^^^^^^^^^^^^^^^^^^^^^^^^^^^^^^^^^^^^^^^^^^^
  13 | ...
  14 | ...
  15 | ...

The export SEED_COMMUNITY_POSTS was not found in module [project]/src/lib/seed.ts [app-ssr] (ecmascript).
Did you mean to import SEED_UNITS?
All exports of the module are statically known (It doesn't have dynamic exports). So it's known statically that the requested export doesn't exist.

Import traces:
  Client Component Browser:
    ./src/lib/store.ts [Client Component Browser]
    ./src/app/page.tsx [Client Component Browser]
    ./src/app/page.tsx [Server Component]

  Client Component SSR:
    ./src/lib/store.ts [Client Component SSR]
    ./src/app/page.tsx [Client Component SSR]
    ./src/app/page.tsx [Server Component] @ http://localhost:3003/_next/static/chunks/node_modules_next_dist_0u_w_5s._.js:1945
[    8896ms] [ERROR] ./src/lib/store.ts:12:1
Export SEED_COMMUNITY_POSTS doesn't exist in target module
  10 | ...
  11 | ...
> 12 | ...SECTIONS, SEED_SCHEDULE_EVENTS, SEED_CHAT_MESSAGES, SEED_WORK_ENGAGEMENTS, SEED_WORKER_...
     |    ^^^^^^^^^^^^^^^^^^^^^^^^^^^^^^^^^^^^^^^^^^^^^^^^^^^^^^^^^^^^^^^^^^^^^^^^^^^^^^^^^^^^^^^^^^
  13 | ...
  14 | ...
  15 | ...

The export SEED_COMMUNITY_POSTS was not found in module [project]/src/lib/seed.ts [app-client] (ecmascript).
Did you mean to import SEED_UNITS?
All exports of the module are statically known (It doesn't have dynamic exports). So it's known statically that the requested export doesn't exist.

Import traces:
  Client Component Browser:
    ./src/lib/store.ts [Client Component Browser]
    ./src/app/page.tsx [Client Component Browser]
    ./src/app/page.tsx [Server Component]

  Client Component SSR:
    ./src/lib/store.ts [Client Component SSR]
    ./src/app/page.tsx [Client Component SSR]
    ./src/app/page.tsx [Server Component] @ http://localhost:3003/_next/static/chunks/node_modules_next_dist_0u_w_5s._.js:1945
[    8896ms] [ERROR] ./src/lib/store.ts:12:1
Export SEED_COMMUNITY_POSTS doesn't exist in target module
  10 | ...
  11 | ...
> 12 | ...SECTIONS, SEED_SCHEDULE_EVENTS, SEED_CHAT_MESSAGES, SEED_WORK_ENGAGEMENTS, SEED_WORKER_...
     |    ^^^^^^^^^^^^^^^^^^^^^^^^^^^^^^^^^^^^^^^^^^^^^^^^^^^^^^^^^^^^^^^^^^^^^^^^^^^^^^^^^^^^^^^^^^
  13 | ...
  14 | ...
  15 | ...

The export SEED_COMMUNITY_POSTS was not found in module [project]/src/lib/seed.ts [app-ssr] (ecmascript).
Did you mean to import SEED_UNITS?
All exports of the module are statically known (It doesn't have dynamic exports). So it's known statically that the requested export doesn't exist.

Import traces:
  Client Component Browser:
    ./src/lib/store.ts [Client Component Browser]
    ./src/app/page.tsx [Client Component Browser]
    ./src/app/page.tsx [Server Component]

  Client Component SSR:
    ./src/lib/store.ts [Client Component SSR]
    ./src/app/page.tsx [Client Component SSR]
    ./src/app/page.tsx [Server Component] @ http://localhost:3003/_next/static/chunks/node_modules_next_dist_0u_w_5s._.js:1945
[    8948ms] [ERROR] ./src/lib/store.ts:12:1
Export SEED_COMMUNITY_POSTS doesn't exist in target module
  10 | ...
  11 | ...
> 12 | ...SECTIONS, SEED_SCHEDULE_EVENTS, SEED_CHAT_MESSAGES, SEED_WORK_ENGAGEMENTS, SEED_WORKER_...
     |    ^^^^^^^^^^^^^^^^^^^^^^^^^^^^^^^^^^^^^^^^^^^^^^^^^^^^^^^^^^^^^^^^^^^^^^^^^^^^^^^^^^^^^^^^^^
  13 | ...
  14 | ...
  15 | ...

The export SEED_COMMUNITY_POSTS was not found in module [project]/src/lib/seed.ts [app-client] (ecmascript).
Did you mean to import SEED_UNITS?
All exports of the module are statically known (It doesn't have dynamic exports). So it's known statically that the requested export doesn't exist.

Import traces:
  Client Component Browser:
    ./src/lib/store.ts [Client Component Browser]
    ./src/app/page.tsx [Client Component Browser]
    ./src/app/page.tsx [Server Component]

  Client Component SSR:
    ./src/lib/store.ts [Client Component SSR]
    ./src/app/page.tsx [Client Component SSR]
    ./src/app/page.tsx [Server Component] @ http://localhost:3003/_next/static/chunks/node_modules_next_dist_0u_w_5s._.js:1945
[    8948ms] [ERROR] ./src/lib/store.ts:12:1
Export SEED_COMMUNITY_POSTS doesn't exist in target module
  10 | ...
  11 | ...
> 12 | ...SECTIONS, SEED_SCHEDULE_EVENTS, SEED_CHAT_MESSAGES, SEED_WORK_ENGAGEMENTS, SEED_WORKER_...
     |    ^^^^^^^^^^^^^^^^^^^^^^^^^^^^^^^^^^^^^^^^^^^^^^^^^^^^^^^^^^^^^^^^^^^^^^^^^^^^^^^^^^^^^^^^^^
  13 | ...
  14 | ...
  15 | ...

The export SEED_COMMUNITY_POSTS was not found in module [project]/src/lib/seed.ts [app-ssr] (ecmascript).
Did you mean to import SEED_UNITS?
All exports of the module are statically known (It doesn't have dynamic exports). So it's known statically that the requested export doesn't exist.

Import traces:
  Client Component Browser:
    ./src/lib/store.ts [Client Component Browser]
    ./src/app/page.tsx [Client Component Browser]
    ./src/app/page.tsx [Server Component]

  Client Component SSR:
    ./src/lib/store.ts [Client Component SSR]
    ./src/app/page.tsx [Client Component SSR]
    ./src/app/page.tsx [Server Component] @ http://localhost:3003/_next/static/chunks/node_modules_next_dist_0u_w_5s._.js:1945
[    8997ms] [ERROR] ./src/lib/store.ts:12:1
Export SEED_COMMUNITY_POSTS doesn't exist in target module
  10 | ...
  11 | ...
> 12 | ...SECTIONS, SEED_SCHEDULE_EVENTS, SEED_CHAT_MESSAGES, SEED_WORK_ENGAGEMENTS, SEED_WORKER_...
     |    ^^^^^^^^^^^^^^^^^^^^^^^^^^^^^^^^^^^^^^^^^^^^^^^^^^^^^^^^^^^^^^^^^^^^^^^^^^^^^^^^^^^^^^^^^^
  13 | ...
  14 | ...
  15 | ...

The export SEED_COMMUNITY_POSTS was not found in module [project]/src/lib/seed.ts [app-client] (ecmascript).
Did you mean to import SEED_UNITS?
All exports of the module are statically known (It doesn't have dynamic exports). So it's known statically that the requested export doesn't exist.

Import traces:
  Client Component Browser:
    ./src/lib/store.ts [Client Component Browser]
    ./src/app/page.tsx [Client Component Browser]
    ./src/app/page.tsx [Server Component]

  Client Component SSR:
    ./src/lib/store.ts [Client Component SSR]
    ./src/app/page.tsx [Client Component SSR]
    ./src/app/page.tsx [Server Component] @ http://localhost:3003/_next/static/chunks/node_modules_next_dist_0u_w_5s._.js:1945
[    8997ms] [ERROR] ./src/lib/store.ts:12:1
Export SEED_COMMUNITY_POSTS doesn't exist in target module
  10 | ...
  11 | ...
> 12 | ...SECTIONS, SEED_SCHEDULE_EVENTS, SEED_CHAT_MESSAGES, SEED_WORK_ENGAGEMENTS, SEED_WORKER_...
     |    ^^^^^^^^^^^^^^^^^^^^^^^^^^^^^^^^^^^^^^^^^^^^^^^^^^^^^^^^^^^^^^^^^^^^^^^^^^^^^^^^^^^^^^^^^^
  13 | ...
  14 | ...
  15 | ...

The export SEED_COMMUNITY_POSTS was not found in module [project]/src/lib/seed.ts [app-ssr] (ecmascript).
Did you mean to import SEED_UNITS?
All exports of the module are statically known (It doesn't have dynamic exports). So it's known statically that the requested export doesn't exist.

Import traces:
  Client Component Browser:
    ./src/lib/store.ts [Client Component Browser]
    ./src/app/page.tsx [Client Component Browser]
    ./src/app/page.tsx [Server Component]

  Client Component SSR:
    ./src/lib/store.ts [Client Component SSR]
    ./src/app/page.tsx [Client Component SSR]
    ./src/app/page.tsx [Server Component] @ http://localhost:3003/_next/static/chunks/node_modules_next_dist_0u_w_5s._.js:1945
[    9045ms] [ERROR] ./src/lib/store.ts:12:1
Export SEED_COMMUNITY_POSTS doesn't exist in target module
  10 | ...
  11 | ...
> 12 | ...SECTIONS, SEED_SCHEDULE_EVENTS, SEED_CHAT_MESSAGES, SEED_WORK_ENGAGEMENTS, SEED_WORKER_...
     |    ^^^^^^^^^^^^^^^^^^^^^^^^^^^^^^^^^^^^^^^^^^^^^^^^^^^^^^^^^^^^^^^^^^^^^^^^^^^^^^^^^^^^^^^^^^
  13 | ...
  14 | ...
  15 | ...

The export SEED_COMMUNITY_POSTS was not found in module [project]/src/lib/seed.ts [app-client] (ecmascript).
Did you mean to import SEED_UNITS?
All exports of the module are statically known (It doesn't have dynamic exports). So it's known statically that the requested export doesn't exist.

Import traces:
  Client Component Browser:
    ./src/lib/store.ts [Client Component Browser]
    ./src/app/page.tsx [Client Component Browser]
    ./src/app/page.tsx [Server Component]

  Client Component SSR:
    ./src/lib/store.ts [Client Component SSR]
    ./src/app/page.tsx [Client Component SSR]
    ./src/app/page.tsx [Server Component] @ http://localhost:3003/_next/static/chunks/node_modules_next_dist_0u_w_5s._.js:1945
[    9045ms] [ERROR] ./src/lib/store.ts:12:1
Export SEED_COMMUNITY_POSTS doesn't exist in target module
  10 | ...
  11 | ...
> 12 | ...SECTIONS, SEED_SCHEDULE_EVENTS, SEED_CHAT_MESSAGES, SEED_WORK_ENGAGEMENTS, SEED_WORKER_...
     |    ^^^^^^^^^^^^^^^^^^^^^^^^^^^^^^^^^^^^^^^^^^^^^^^^^^^^^^^^^^^^^^^^^^^^^^^^^^^^^^^^^^^^^^^^^^
  13 | ...
  14 | ...
  15 | ...

The export SEED_COMMUNITY_POSTS was not found in module [project]/src/lib/seed.ts [app-ssr] (ecmascript).
Did you mean to import SEED_UNITS?
All exports of the module are statically known (It doesn't have dynamic exports). So it's known statically that the requested export doesn't exist.

Import traces:
  Client Component Browser:
    ./src/lib/store.ts [Client Component Browser]
    ./src/app/page.tsx [Client Component Browser]
    ./src/app/page.tsx [Server Component]

  Client Component SSR:
    ./src/lib/store.ts [Client Component SSR]
    ./src/app/page.tsx [Client Component SSR]
    ./src/app/page.tsx [Server Component] @ http://localhost:3003/_next/static/chunks/node_modules_next_dist_0u_w_5s._.js:1945
[    9092ms] [ERROR] ./src/lib/store.ts:12:1
Export SEED_COMMUNITY_POSTS doesn't exist in target module
  10 | ...
  11 | ...
> 12 | ...SECTIONS, SEED_SCHEDULE_EVENTS, SEED_CHAT_MESSAGES, SEED_WORK_ENGAGEMENTS, SEED_WORKER_...
     |    ^^^^^^^^^^^^^^^^^^^^^^^^^^^^^^^^^^^^^^^^^^^^^^^^^^^^^^^^^^^^^^^^^^^^^^^^^^^^^^^^^^^^^^^^^^
  13 | ...
  14 | ...
  15 | ...

The export SEED_COMMUNITY_POSTS was not found in module [project]/src/lib/seed.ts [app-client] (ecmascript).
Did you mean to import SEED_UNITS?
All exports of the module are statically known (It doesn't have dynamic exports). So it's known statically that the requested export doesn't exist.

Import traces:
  Client Component Browser:
    ./src/lib/store.ts [Client Component Browser]
    ./src/app/page.tsx [Client Component Browser]
    ./src/app/page.tsx [Server Component]

  Client Component SSR:
    ./src/lib/store.ts [Client Component SSR]
    ./src/app/page.tsx [Client Component SSR]
    ./src/app/page.tsx [Server Component] @ http://localhost:3003/_next/static/chunks/node_modules_next_dist_0u_w_5s._.js:1945
[    9092ms] [ERROR] ./src/lib/store.ts:12:1
Export SEED_COMMUNITY_POSTS doesn't exist in target module
  10 | ...
  11 | ...
> 12 | ...SECTIONS, SEED_SCHEDULE_EVENTS, SEED_CHAT_MESSAGES, SEED_WORK_ENGAGEMENTS, SEED_WORKER_...
     |    ^^^^^^^^^^^^^^^^^^^^^^^^^^^^^^^^^^^^^^^^^^^^^^^^^^^^^^^^^^^^^^^^^^^^^^^^^^^^^^^^^^^^^^^^^^
  13 | ...
  14 | ...
  15 | ...

The export SEED_COMMUNITY_POSTS was not found in module [project]/src/lib/seed.ts [app-ssr] (ecmascript).
Did you mean to import SEED_UNITS?
All exports of the module are statically known (It doesn't have dynamic exports). So it's known statically that the requested export doesn't exist.

Import traces:
  Client Component Browser:
    ./src/lib/store.ts [Client Component Browser]
    ./src/app/page.tsx [Client Component Browser]
    ./src/app/page.tsx [Server Component]

  Client Component SSR:
    ./src/lib/store.ts [Client Component SSR]
    ./src/app/page.tsx [Client Component SSR]
    ./src/app/page.tsx [Server Component] @ http://localhost:3003/_next/static/chunks/node_modules_next_dist_0u_w_5s._.js:1945
[    9144ms] [ERROR] ./src/lib/store.ts:12:1
Export SEED_COMMUNITY_POSTS doesn't exist in target module
  10 | ...
  11 | ...
> 12 | ...SECTIONS, SEED_SCHEDULE_EVENTS, SEED_CHAT_MESSAGES, SEED_WORK_ENGAGEMENTS, SEED_WORKER_...
     |    ^^^^^^^^^^^^^^^^^^^^^^^^^^^^^^^^^^^^^^^^^^^^^^^^^^^^^^^^^^^^^^^^^^^^^^^^^^^^^^^^^^^^^^^^^^
  13 | ...
  14 | ...
  15 | ...

The export SEED_COMMUNITY_POSTS was not found in module [project]/src/lib/seed.ts [app-client] (ecmascript).
Did you mean to import SEED_UNITS?
All exports of the module are statically known (It doesn't have dynamic exports). So it's known statically that the requested export doesn't exist.

Import traces:
  Client Component Browser:
    ./src/lib/store.ts [Client Component Browser]
    ./src/app/page.tsx [Client Component Browser]
    ./src/app/page.tsx [Server Component]

  Client Component SSR:
    ./src/lib/store.ts [Client Component SSR]
    ./src/app/page.tsx [Client Component SSR]
    ./src/app/page.tsx [Server Component] @ http://localhost:3003/_next/static/chunks/node_modules_next_dist_0u_w_5s._.js:1945
[    9144ms] [ERROR] ./src/lib/store.ts:12:1
Export SEED_COMMUNITY_POSTS doesn't exist in target module
  10 | ...
  11 | ...
> 12 | ...SECTIONS, SEED_SCHEDULE_EVENTS, SEED_CHAT_MESSAGES, SEED_WORK_ENGAGEMENTS, SEED_WORKER_...
     |    ^^^^^^^^^^^^^^^^^^^^^^^^^^^^^^^^^^^^^^^^^^^^^^^^^^^^^^^^^^^^^^^^^^^^^^^^^^^^^^^^^^^^^^^^^^
  13 | ...
  14 | ...
  15 | ...

The export SEED_COMMUNITY_POSTS was not found in module [project]/src/lib/seed.ts [app-ssr] (ecmascript).
Did you mean to import SEED_UNITS?
All exports of the module are statically known (It doesn't have dynamic exports). So it's known statically that the requested export doesn't exist.

Import traces:
  Client Component Browser:
    ./src/lib/store.ts [Client Component Browser]
    ./src/app/page.tsx [Client Component Browser]
    ./src/app/page.tsx [Server Component]

  Client Component SSR:
    ./src/lib/store.ts [Client Component SSR]
    ./src/app/page.tsx [Client Component SSR]
    ./src/app/page.tsx [Server Component] @ http://localhost:3003/_next/static/chunks/node_modules_next_dist_0u_w_5s._.js:1945
[    9199ms] [ERROR] ./src/lib/store.ts:12:1
Export SEED_COMMUNITY_POSTS doesn't exist in target module
  10 | ...
  11 | ...
> 12 | ...SECTIONS, SEED_SCHEDULE_EVENTS, SEED_CHAT_MESSAGES, SEED_WORK_ENGAGEMENTS, SEED_WORKER_...
     |    ^^^^^^^^^^^^^^^^^^^^^^^^^^^^^^^^^^^^^^^^^^^^^^^^^^^^^^^^^^^^^^^^^^^^^^^^^^^^^^^^^^^^^^^^^^
  13 | ...
  14 | ...
  15 | ...

The export SEED_COMMUNITY_POSTS was not found in module [project]/src/lib/seed.ts [app-client] (ecmascript).
Did you mean to import SEED_UNITS?
All exports of the module are statically known (It doesn't have dynamic exports). So it's known statically that the requested export doesn't exist.

Import traces:
  Client Component Browser:
    ./src/lib/store.ts [Client Component Browser]
    ./src/app/page.tsx [Client Component Browser]
    ./src/app/page.tsx [Server Component]

  Client Component SSR:
    ./src/lib/store.ts [Client Component SSR]
    ./src/app/page.tsx [Client Component SSR]
    ./src/app/page.tsx [Server Component] @ http://localhost:3003/_next/static/chunks/node_modules_next_dist_0u_w_5s._.js:1945
[    9199ms] [ERROR] ./src/lib/store.ts:12:1
Export SEED_COMMUNITY_POSTS doesn't exist in target module
  10 | ...
  11 | ...
> 12 | ...SECTIONS, SEED_SCHEDULE_EVENTS, SEED_CHAT_MESSAGES, SEED_WORK_ENGAGEMENTS, SEED_WORKER_...
     |    ^^^^^^^^^^^^^^^^^^^^^^^^^^^^^^^^^^^^^^^^^^^^^^^^^^^^^^^^^^^^^^^^^^^^^^^^^^^^^^^^^^^^^^^^^^
  13 | ...
  14 | ...
  15 | ...

The export SEED_COMMUNITY_POSTS was not found in module [project]/src/lib/seed.ts [app-ssr] (ecmascript).
Did you mean to import SEED_UNITS?
All exports of the module are statically known (It doesn't have dynamic exports). So it's known statically that the requested export doesn't exist.

Import traces:
  Client Component Browser:
    ./src/lib/store.ts [Client Component Browser]
    ./src/app/page.tsx [Client Component Browser]
    ./src/app/page.tsx [Server Component]

  Client Component SSR:
    ./src/lib/store.ts [Client Component SSR]
    ./src/app/page.tsx [Client Component SSR]
    ./src/app/page.tsx [Server Component] @ http://localhost:3003/_next/static/chunks/node_modules_next_dist_0u_w_5s._.js:1945
[    9255ms] [ERROR] ./src/lib/store.ts:12:1
Export SEED_COMMUNITY_POSTS doesn't exist in target module
  10 | ...
  11 | ...
> 12 | ...SECTIONS, SEED_SCHEDULE_EVENTS, SEED_CHAT_MESSAGES, SEED_WORK_ENGAGEMENTS, SEED_WORKER_...
     |    ^^^^^^^^^^^^^^^^^^^^^^^^^^^^^^^^^^^^^^^^^^^^^^^^^^^^^^^^^^^^^^^^^^^^^^^^^^^^^^^^^^^^^^^^^^
  13 | ...
  14 | ...
  15 | ...

The export SEED_COMMUNITY_POSTS was not found in module [project]/src/lib/seed.ts [app-client] (ecmascript).
Did you mean to import SEED_UNITS?
All exports of the module are statically known (It doesn't have dynamic exports). So it's known statically that the requested export doesn't exist.

Import traces:
  Client Component Browser:
    ./src/lib/store.ts [Client Component Browser]
    ./src/app/page.tsx [Client Component Browser]
    ./src/app/page.tsx [Server Component]

  Client Component SSR:
    ./src/lib/store.ts [Client Component SSR]
    ./src/app/page.tsx [Client Component SSR]
    ./src/app/page.tsx [Server Component] @ http://localhost:3003/_next/static/chunks/node_modules_next_dist_0u_w_5s._.js:1945
[    9255ms] [ERROR] ./src/lib/store.ts:12:1
Export SEED_COMMUNITY_POSTS doesn't exist in target module
  10 | ...
  11 | ...
> 12 | ...SECTIONS, SEED_SCHEDULE_EVENTS, SEED_CHAT_MESSAGES, SEED_WORK_ENGAGEMENTS, SEED_WORKER_...
     |    ^^^^^^^^^^^^^^^^^^^^^^^^^^^^^^^^^^^^^^^^^^^^^^^^^^^^^^^^^^^^^^^^^^^^^^^^^^^^^^^^^^^^^^^^^^
  13 | ...
  14 | ...
  15 | ...

The export SEED_COMMUNITY_POSTS was not found in module [project]/src/lib/seed.ts [app-ssr] (ecmascript).
Did you mean to import SEED_UNITS?
All exports of the module are statically known (It doesn't have dynamic exports). So it's known statically that the requested export doesn't exist.

Import traces:
  Client Component Browser:
    ./src/lib/store.ts [Client Component Browser]
    ./src/app/page.tsx [Client Component Browser]
    ./src/app/page.tsx [Server Component]

  Client Component SSR:
    ./src/lib/store.ts [Client Component SSR]
    ./src/app/page.tsx [Client Component SSR]
    ./src/app/page.tsx [Server Component] @ http://localhost:3003/_next/static/chunks/node_modules_next_dist_0u_w_5s._.js:1945
[    9312ms] [ERROR] ./src/lib/store.ts:12:1
Export SEED_COMMUNITY_POSTS doesn't exist in target module
  10 | ...
  11 | ...
> 12 | ...SECTIONS, SEED_SCHEDULE_EVENTS, SEED_CHAT_MESSAGES, SEED_WORK_ENGAGEMENTS, SEED_WORKER_...
     |    ^^^^^^^^^^^^^^^^^^^^^^^^^^^^^^^^^^^^^^^^^^^^^^^^^^^^^^^^^^^^^^^^^^^^^^^^^^^^^^^^^^^^^^^^^^
  13 | ...
  14 | ...
  15 | ...

The export SEED_COMMUNITY_POSTS was not found in module [project]/src/lib/seed.ts [app-client] (ecmascript).
Did you mean to import SEED_UNITS?
All exports of the module are statically known (It doesn't have dynamic exports). So it's known statically that the requested export doesn't exist.

Import traces:
  Client Component Browser:
    ./src/lib/store.ts [Client Component Browser]
    ./src/app/page.tsx [Client Component Browser]
    ./src/app/page.tsx [Server Component]

  Client Component SSR:
    ./src/lib/store.ts [Client Component SSR]
    ./src/app/page.tsx [Client Component SSR]
    ./src/app/page.tsx [Server Component] @ http://localhost:3003/_next/static/chunks/node_modules_next_dist_0u_w_5s._.js:1945
[    9312ms] [ERROR] ./src/lib/store.ts:12:1
Export SEED_COMMUNITY_POSTS doesn't exist in target module
  10 | ...
  11 | ...
> 12 | ...SECTIONS, SEED_SCHEDULE_EVENTS, SEED_CHAT_MESSAGES, SEED_WORK_ENGAGEMENTS, SEED_WORKER_...
     |    ^^^^^^^^^^^^^^^^^^^^^^^^^^^^^^^^^^^^^^^^^^^^^^^^^^^^^^^^^^^^^^^^^^^^^^^^^^^^^^^^^^^^^^^^^^
  13 | ...
  14 | ...
  15 | ...

The export SEED_COMMUNITY_POSTS was not found in module [project]/src/lib/seed.ts [app-ssr] (ecmascript).
Did you mean to import SEED_UNITS?
All exports of the module are statically known (It doesn't have dynamic exports). So it's known statically that the requested export doesn't exist.

Import traces:
  Client Component Browser:
    ./src/lib/store.ts [Client Component Browser]
    ./src/app/page.tsx [Client Component Browser]
    ./src/app/page.tsx [Server Component]

  Client Component SSR:
    ./src/lib/store.ts [Client Component SSR]
    ./src/app/page.tsx [Client Component SSR]
    ./src/app/page.tsx [Server Component] @ http://localhost:3003/_next/static/chunks/node_modules_next_dist_0u_w_5s._.js:1945
[    9367ms] [ERROR] ./src/lib/store.ts:12:1
Export SEED_COMMUNITY_POSTS doesn't exist in target module
  10 | ...
  11 | ...
> 12 | ...SECTIONS, SEED_SCHEDULE_EVENTS, SEED_CHAT_MESSAGES, SEED_WORK_ENGAGEMENTS, SEED_WORKER_...
     |    ^^^^^^^^^^^^^^^^^^^^^^^^^^^^^^^^^^^^^^^^^^^^^^^^^^^^^^^^^^^^^^^^^^^^^^^^^^^^^^^^^^^^^^^^^^
  13 | ...
  14 | ...
  15 | ...

The export SEED_COMMUNITY_POSTS was not found in module [project]/src/lib/seed.ts [app-client] (ecmascript).
Did you mean to import SEED_UNITS?
All exports of the module are statically known (It doesn't have dynamic exports). So it's known statically that the requested export doesn't exist.

Import traces:
  Client Component Browser:
    ./src/lib/store.ts [Client Component Browser]
    ./src/app/page.tsx [Client Component Browser]
    ./src/app/page.tsx [Server Component]

  Client Component SSR:
    ./src/lib/store.ts [Client Component SSR]
    ./src/app/page.tsx [Client Component SSR]
    ./src/app/page.tsx [Server Component] @ http://localhost:3003/_next/static/chunks/node_modules_next_dist_0u_w_5s._.js:1945
[    9367ms] [ERROR] ./src/lib/store.ts:12:1
Export SEED_COMMUNITY_POSTS doesn't exist in target module
  10 | ...
  11 | ...
> 12 | ...SECTIONS, SEED_SCHEDULE_EVENTS, SEED_CHAT_MESSAGES, SEED_WORK_ENGAGEMENTS, SEED_WORKER_...
     |    ^^^^^^^^^^^^^^^^^^^^^^^^^^^^^^^^^^^^^^^^^^^^^^^^^^^^^^^^^^^^^^^^^^^^^^^^^^^^^^^^^^^^^^^^^^
  13 | ...
  14 | ...
  15 | ...

The export SEED_COMMUNITY_POSTS was not found in module [project]/src/lib/seed.ts [app-ssr] (ecmascript).
Did you mean to import SEED_UNITS?
All exports of the module are statically known (It doesn't have dynamic exports). So it's known statically that the requested export doesn't exist.

Import traces:
  Client Component Browser:
    ./src/lib/store.ts [Client Component Browser]
    ./src/app/page.tsx [Client Component Browser]
    ./src/app/page.tsx [Server Component]

  Client Component SSR:
    ./src/lib/store.ts [Client Component SSR]
    ./src/app/page.tsx [Client Component SSR]
    ./src/app/page.tsx [Server Component] @ http://localhost:3003/_next/static/chunks/node_modules_next_dist_0u_w_5s._.js:1945
[    9419ms] [ERROR] ./src/lib/store.ts:12:1
Export SEED_COMMUNITY_POSTS doesn't exist in target module
  10 | ...
  11 | ...
> 12 | ...SECTIONS, SEED_SCHEDULE_EVENTS, SEED_CHAT_MESSAGES, SEED_WORK_ENGAGEMENTS, SEED_WORKER_...
     |    ^^^^^^^^^^^^^^^^^^^^^^^^^^^^^^^^^^^^^^^^^^^^^^^^^^^^^^^^^^^^^^^^^^^^^^^^^^^^^^^^^^^^^^^^^^
  13 | ...
  14 | ...
  15 | ...

The export SEED_COMMUNITY_POSTS was not found in module [project]/src/lib/seed.ts [app-client] (ecmascript).
Did you mean to import SEED_UNITS?
All exports of the module are statically known (It doesn't have dynamic exports). So it's known statically that the requested export doesn't exist.

Import traces:
  Client Component Browser:
    ./src/lib/store.ts [Client Component Browser]
    ./src/app/page.tsx [Client Component Browser]
    ./src/app/page.tsx [Server Component]

  Client Component SSR:
    ./src/lib/store.ts [Client Component SSR]
    ./src/app/page.tsx [Client Component SSR]
    ./src/app/page.tsx [Server Component] @ http://localhost:3003/_next/static/chunks/node_modules_next_dist_0u_w_5s._.js:1945
[    9419ms] [ERROR] ./src/lib/store.ts:12:1
Export SEED_COMMUNITY_POSTS doesn't exist in target module
  10 | ...
  11 | ...
> 12 | ...SECTIONS, SEED_SCHEDULE_EVENTS, SEED_CHAT_MESSAGES, SEED_WORK_ENGAGEMENTS, SEED_WORKER_...
     |    ^^^^^^^^^^^^^^^^^^^^^^^^^^^^^^^^^^^^^^^^^^^^^^^^^^^^^^^^^^^^^^^^^^^^^^^^^^^^^^^^^^^^^^^^^^
  13 | ...
  14 | ...
  15 | ...

The export SEED_COMMUNITY_POSTS was not found in module [project]/src/lib/seed.ts [app-ssr] (ecmascript).
Did you mean to import SEED_UNITS?
All exports of the module are statically known (It doesn't have dynamic exports). So it's known statically that the requested export doesn't exist.

Import traces:
  Client Component Browser:
    ./src/lib/store.ts [Client Component Browser]
    ./src/app/page.tsx [Client Component Browser]
    ./src/app/page.tsx [Server Component]

  Client Component SSR:
    ./src/lib/store.ts [Client Component SSR]
    ./src/app/page.tsx [Client Component SSR]
    ./src/app/page.tsx [Server Component] @ http://localhost:3003/_next/static/chunks/node_modules_next_dist_0u_w_5s._.js:1945
[    9472ms] [ERROR] ./src/lib/store.ts:12:1
Export SEED_COMMUNITY_POSTS doesn't exist in target module
  10 | ...
  11 | ...
> 12 | ...SECTIONS, SEED_SCHEDULE_EVENTS, SEED_CHAT_MESSAGES, SEED_WORK_ENGAGEMENTS, SEED_WORKER_...
     |    ^^^^^^^^^^^^^^^^^^^^^^^^^^^^^^^^^^^^^^^^^^^^^^^^^^^^^^^^^^^^^^^^^^^^^^^^^^^^^^^^^^^^^^^^^^
  13 | ...
  14 | ...
  15 | ...

The export SEED_COMMUNITY_POSTS was not found in module [project]/src/lib/seed.ts [app-client] (ecmascript).
Did you mean to import SEED_UNITS?
All exports of the module are statically known (It doesn't have dynamic exports). So it's known statically that the requested export doesn't exist.

Import traces:
  Client Component Browser:
    ./src/lib/store.ts [Client Component Browser]
    ./src/app/page.tsx [Client Component Browser]
    ./src/app/page.tsx [Server Component]

  Client Component SSR:
    ./src/lib/store.ts [Client Component SSR]
    ./src/app/page.tsx [Client Component SSR]
    ./src/app/page.tsx [Server Component] @ http://localhost:3003/_next/static/chunks/node_modules_next_dist_0u_w_5s._.js:1945
[    9472ms] [ERROR] ./src/lib/store.ts:12:1
Export SEED_COMMUNITY_POSTS doesn't exist in target module
  10 | ...
  11 | ...
> 12 | ...SECTIONS, SEED_SCHEDULE_EVENTS, SEED_CHAT_MESSAGES, SEED_WORK_ENGAGEMENTS, SEED_WORKER_...
     |    ^^^^^^^^^^^^^^^^^^^^^^^^^^^^^^^^^^^^^^^^^^^^^^^^^^^^^^^^^^^^^^^^^^^^^^^^^^^^^^^^^^^^^^^^^^
  13 | ...
  14 | ...
  15 | ...

The export SEED_COMMUNITY_POSTS was not found in module [project]/src/lib/seed.ts [app-ssr] (ecmascript).
Did you mean to import SEED_UNITS?
All exports of the module are statically known (It doesn't have dynamic exports). So it's known statically that the requested export doesn't exist.

Import traces:
  Client Component Browser:
    ./src/lib/store.ts [Client Component Browser]
    ./src/app/page.tsx [Client Component Browser]
    ./src/app/page.tsx [Server Component]

  Client Component SSR:
    ./src/lib/store.ts [Client Component SSR]
    ./src/app/page.tsx [Client Component SSR]
    ./src/app/page.tsx [Server Component] @ http://localhost:3003/_next/static/chunks/node_modules_next_dist_0u_w_5s._.js:1945
[    9523ms] [ERROR] ./src/lib/store.ts:12:1
Export SEED_COMMUNITY_POSTS doesn't exist in target module
  10 | ...
  11 | ...
> 12 | ...SECTIONS, SEED_SCHEDULE_EVENTS, SEED_CHAT_MESSAGES, SEED_WORK_ENGAGEMENTS, SEED_WORKER_...
     |    ^^^^^^^^^^^^^^^^^^^^^^^^^^^^^^^^^^^^^^^^^^^^^^^^^^^^^^^^^^^^^^^^^^^^^^^^^^^^^^^^^^^^^^^^^^
  13 | ...
  14 | ...
  15 | ...

The export SEED_COMMUNITY_POSTS was not found in module [project]/src/lib/seed.ts [app-client] (ecmascript).
Did you mean to import SEED_UNITS?
All exports of the module are statically known (It doesn't have dynamic exports). So it's known statically that the requested export doesn't exist.

Import traces:
  Client Component Browser:
    ./src/lib/store.ts [Client Component Browser]
    ./src/app/page.tsx [Client Component Browser]
    ./src/app/page.tsx [Server Component]

  Client Component SSR:
    ./src/lib/store.ts [Client Component SSR]
    ./src/app/page.tsx [Client Component SSR]
    ./src/app/page.tsx [Server Component] @ http://localhost:3003/_next/static/chunks/node_modules_next_dist_0u_w_5s._.js:1945
[    9523ms] [ERROR] ./src/lib/store.ts:12:1
Export SEED_COMMUNITY_POSTS doesn't exist in target module
  10 | ...
  11 | ...
> 12 | ...SECTIONS, SEED_SCHEDULE_EVENTS, SEED_CHAT_MESSAGES, SEED_WORK_ENGAGEMENTS, SEED_WORKER_...
     |    ^^^^^^^^^^^^^^^^^^^^^^^^^^^^^^^^^^^^^^^^^^^^^^^^^^^^^^^^^^^^^^^^^^^^^^^^^^^^^^^^^^^^^^^^^^
  13 | ...
  14 | ...
  15 | ...

The export SEED_COMMUNITY_POSTS was not found in module [project]/src/lib/seed.ts [app-ssr] (ecmascript).
Did you mean to import SEED_UNITS?
All exports of the module are statically known (It doesn't have dynamic exports). So it's known statically that the requested export doesn't exist.

Import traces:
  Client Component Browser:
    ./src/lib/store.ts [Client Component Browser]
    ./src/app/page.tsx [Client Component Browser]
    ./src/app/page.tsx [Server Component]

  Client Component SSR:
    ./src/lib/store.ts [Client Component SSR]
    ./src/app/page.tsx [Client Component SSR]
    ./src/app/page.tsx [Server Component] @ http://localhost:3003/_next/static/chunks/node_modules_next_dist_0u_w_5s._.js:1945
[    9572ms] [ERROR] ./src/lib/store.ts:12:1
Export SEED_COMMUNITY_POSTS doesn't exist in target module
  10 | ...
  11 | ...
> 12 | ...SECTIONS, SEED_SCHEDULE_EVENTS, SEED_CHAT_MESSAGES, SEED_WORK_ENGAGEMENTS, SEED_WORKER_...
     |    ^^^^^^^^^^^^^^^^^^^^^^^^^^^^^^^^^^^^^^^^^^^^^^^^^^^^^^^^^^^^^^^^^^^^^^^^^^^^^^^^^^^^^^^^^^
  13 | ...
  14 | ...
  15 | ...

The export SEED_COMMUNITY_POSTS was not found in module [project]/src/lib/seed.ts [app-client] (ecmascript).
Did you mean to import SEED_UNITS?
All exports of the module are statically known (It doesn't have dynamic exports). So it's known statically that the requested export doesn't exist.

Import traces:
  Client Component Browser:
    ./src/lib/store.ts [Client Component Browser]
    ./src/app/page.tsx [Client Component Browser]
    ./src/app/page.tsx [Server Component]

  Client Component SSR:
    ./src/lib/store.ts [Client Component SSR]
    ./src/app/page.tsx [Client Component SSR]
    ./src/app/page.tsx [Server Component] @ http://localhost:3003/_next/static/chunks/node_modules_next_dist_0u_w_5s._.js:1945
[    9572ms] [ERROR] ./src/lib/store.ts:12:1
Export SEED_COMMUNITY_POSTS doesn't exist in target module
  10 | ...
  11 | ...
> 12 | ...SECTIONS, SEED_SCHEDULE_EVENTS, SEED_CHAT_MESSAGES, SEED_WORK_ENGAGEMENTS, SEED_WORKER_...
     |    ^^^^^^^^^^^^^^^^^^^^^^^^^^^^^^^^^^^^^^^^^^^^^^^^^^^^^^^^^^^^^^^^^^^^^^^^^^^^^^^^^^^^^^^^^^
  13 | ...
  14 | ...
  15 | ...

The export SEED_COMMUNITY_POSTS was not found in module [project]/src/lib/seed.ts [app-ssr] (ecmascript).
Did you mean to import SEED_UNITS?
All exports of the module are statically known (It doesn't have dynamic exports). So it's known statically that the requested export doesn't exist.

Import traces:
  Client Component Browser:
    ./src/lib/store.ts [Client Component Browser]
    ./src/app/page.tsx [Client Component Browser]
    ./src/app/page.tsx [Server Component]

  Client Component SSR:
    ./src/lib/store.ts [Client Component SSR]
    ./src/app/page.tsx [Client Component SSR]
    ./src/app/page.tsx [Server Component] @ http://localhost:3003/_next/static/chunks/node_modules_next_dist_0u_w_5s._.js:1945
[    9624ms] [ERROR] ./src/lib/store.ts:12:1
Export SEED_COMMUNITY_POSTS doesn't exist in target module
  10 | ...
  11 | ...
> 12 | ...SECTIONS, SEED_SCHEDULE_EVENTS, SEED_CHAT_MESSAGES, SEED_WORK_ENGAGEMENTS, SEED_WORKER_...
     |    ^^^^^^^^^^^^^^^^^^^^^^^^^^^^^^^^^^^^^^^^^^^^^^^^^^^^^^^^^^^^^^^^^^^^^^^^^^^^^^^^^^^^^^^^^^
  13 | ...
  14 | ...
  15 | ...

The export SEED_COMMUNITY_POSTS was not found in module [project]/src/lib/seed.ts [app-client] (ecmascript).
Did you mean to import SEED_UNITS?
All exports of the module are statically known (It doesn't have dynamic exports). So it's known statically that the requested export doesn't exist.

Import traces:
  Client Component Browser:
    ./src/lib/store.ts [Client Component Browser]
    ./src/app/page.tsx [Client Component Browser]
    ./src/app/page.tsx [Server Component]

  Client Component SSR:
    ./src/lib/store.ts [Client Component SSR]
    ./src/app/page.tsx [Client Component SSR]
    ./src/app/page.tsx [Server Component] @ http://localhost:3003/_next/static/chunks/node_modules_next_dist_0u_w_5s._.js:1945
[    9624ms] [ERROR] ./src/lib/store.ts:12:1
Export SEED_COMMUNITY_POSTS doesn't exist in target module
  10 | ...
  11 | ...
> 12 | ...SECTIONS, SEED_SCHEDULE_EVENTS, SEED_CHAT_MESSAGES, SEED_WORK_ENGAGEMENTS, SEED_WORKER_...
     |    ^^^^^^^^^^^^^^^^^^^^^^^^^^^^^^^^^^^^^^^^^^^^^^^^^^^^^^^^^^^^^^^^^^^^^^^^^^^^^^^^^^^^^^^^^^
  13 | ...
  14 | ...
  15 | ...

The export SEED_COMMUNITY_POSTS was not found in module [project]/src/lib/seed.ts [app-ssr] (ecmascript).
Did you mean to import SEED_UNITS?
All exports of the module are statically known (It doesn't have dynamic exports). So it's known statically that the requested export doesn't exist.

Import traces:
  Client Component Browser:
    ./src/lib/store.ts [Client Component Browser]
    ./src/app/page.tsx [Client Component Browser]
    ./src/app/page.tsx [Server Component]

  Client Component SSR:
    ./src/lib/store.ts [Client Component SSR]
    ./src/app/page.tsx [Client Component SSR]
    ./src/app/page.tsx [Server Component] @ http://localhost:3003/_next/static/chunks/node_modules_next_dist_0u_w_5s._.js:1945
[    9678ms] [ERROR] ./src/lib/store.ts:12:1
Export SEED_COMMUNITY_POSTS doesn't exist in target module
  10 | ...
  11 | ...
> 12 | ...SECTIONS, SEED_SCHEDULE_EVENTS, SEED_CHAT_MESSAGES, SEED_WORK_ENGAGEMENTS, SEED_WORKER_...
     |    ^^^^^^^^^^^^^^^^^^^^^^^^^^^^^^^^^^^^^^^^^^^^^^^^^^^^^^^^^^^^^^^^^^^^^^^^^^^^^^^^^^^^^^^^^^
  13 | ...
  14 | ...
  15 | ...

The export SEED_COMMUNITY_POSTS was not found in module [project]/src/lib/seed.ts [app-client] (ecmascript).
Did you mean to import SEED_UNITS?
All exports of the module are statically known (It doesn't have dynamic exports). So it's known statically that the requested export doesn't exist.

Import traces:
  Client Component Browser:
    ./src/lib/store.ts [Client Component Browser]
    ./src/app/page.tsx [Client Component Browser]
    ./src/app/page.tsx [Server Component]

  Client Component SSR:
    ./src/lib/store.ts [Client Component SSR]
    ./src/app/page.tsx [Client Component SSR]
    ./src/app/page.tsx [Server Component] @ http://localhost:3003/_next/static/chunks/node_modules_next_dist_0u_w_5s._.js:1945
[    9678ms] [ERROR] ./src/lib/store.ts:12:1
Export SEED_COMMUNITY_POSTS doesn't exist in target module
  10 | ...
  11 | ...
> 12 | ...SECTIONS, SEED_SCHEDULE_EVENTS, SEED_CHAT_MESSAGES, SEED_WORK_ENGAGEMENTS, SEED_WORKER_...
     |    ^^^^^^^^^^^^^^^^^^^^^^^^^^^^^^^^^^^^^^^^^^^^^^^^^^^^^^^^^^^^^^^^^^^^^^^^^^^^^^^^^^^^^^^^^^
  13 | ...
  14 | ...
  15 | ...

The export SEED_COMMUNITY_POSTS was not found in module [project]/src/lib/seed.ts [app-ssr] (ecmascript).
Did you mean to import SEED_UNITS?
All exports of the module are statically known (It doesn't have dynamic exports). So it's known statically that the requested export doesn't exist.

Import traces:
  Client Component Browser:
    ./src/lib/store.ts [Client Component Browser]
    ./src/app/page.tsx [Client Component Browser]
    ./src/app/page.tsx [Server Component]

  Client Component SSR:
    ./src/lib/store.ts [Client Component SSR]
    ./src/app/page.tsx [Client Component SSR]
    ./src/app/page.tsx [Server Component] @ http://localhost:3003/_next/static/chunks/node_modules_next_dist_0u_w_5s._.js:1945
[    9732ms] [ERROR] ./src/lib/store.ts:12:1
Export SEED_COMMUNITY_POSTS doesn't exist in target module
  10 | ...
  11 | ...
> 12 | ...SECTIONS, SEED_SCHEDULE_EVENTS, SEED_CHAT_MESSAGES, SEED_WORK_ENGAGEMENTS, SEED_WORKER_...
     |    ^^^^^^^^^^^^^^^^^^^^^^^^^^^^^^^^^^^^^^^^^^^^^^^^^^^^^^^^^^^^^^^^^^^^^^^^^^^^^^^^^^^^^^^^^^
  13 | ...
  14 | ...
  15 | ...

The export SEED_COMMUNITY_POSTS was not found in module [project]/src/lib/seed.ts [app-client] (ecmascript).
Did you mean to import SEED_UNITS?
All exports of the module are statically known (It doesn't have dynamic exports). So it's known statically that the requested export doesn't exist.

Import traces:
  Client Component Browser:
    ./src/lib/store.ts [Client Component Browser]
    ./src/app/page.tsx [Client Component Browser]
    ./src/app/page.tsx [Server Component]

  Client Component SSR:
    ./src/lib/store.ts [Client Component SSR]
    ./src/app/page.tsx [Client Component SSR]
    ./src/app/page.tsx [Server Component] @ http://localhost:3003/_next/static/chunks/node_modules_next_dist_0u_w_5s._.js:1945
[    9733ms] [ERROR] ./src/lib/store.ts:12:1
Export SEED_COMMUNITY_POSTS doesn't exist in target module
  10 | ...
  11 | ...
> 12 | ...SECTIONS, SEED_SCHEDULE_EVENTS, SEED_CHAT_MESSAGES, SEED_WORK_ENGAGEMENTS, SEED_WORKER_...
     |    ^^^^^^^^^^^^^^^^^^^^^^^^^^^^^^^^^^^^^^^^^^^^^^^^^^^^^^^^^^^^^^^^^^^^^^^^^^^^^^^^^^^^^^^^^^
  13 | ...
  14 | ...
  15 | ...

The export SEED_COMMUNITY_POSTS was not found in module [project]/src/lib/seed.ts [app-ssr] (ecmascript).
Did you mean to import SEED_UNITS?
All exports of the module are statically known (It doesn't have dynamic exports). So it's known statically that the requested export doesn't exist.

Import traces:
  Client Component Browser:
    ./src/lib/store.ts [Client Component Browser]
    ./src/app/page.tsx [Client Component Browser]
    ./src/app/page.tsx [Server Component]

  Client Component SSR:
    ./src/lib/store.ts [Client Component SSR]
    ./src/app/page.tsx [Client Component SSR]
    ./src/app/page.tsx [Server Component] @ http://localhost:3003/_next/static/chunks/node_modules_next_dist_0u_w_5s._.js:1945
[    9786ms] [ERROR] ./src/lib/store.ts:12:1
Export SEED_COMMUNITY_POSTS doesn't exist in target module
  10 | ...
  11 | ...
> 12 | ...SECTIONS, SEED_SCHEDULE_EVENTS, SEED_CHAT_MESSAGES, SEED_WORK_ENGAGEMENTS, SEED_WORKER_...
     |    ^^^^^^^^^^^^^^^^^^^^^^^^^^^^^^^^^^^^^^^^^^^^^^^^^^^^^^^^^^^^^^^^^^^^^^^^^^^^^^^^^^^^^^^^^^
  13 | ...
  14 | ...
  15 | ...

The export SEED_COMMUNITY_POSTS was not found in module [project]/src/lib/seed.ts [app-client] (ecmascript).
Did you mean to import SEED_UNITS?
All exports of the module are statically known (It doesn't have dynamic exports). So it's known statically that the requested export doesn't exist.

Import traces:
  Client Component Browser:
    ./src/lib/store.ts [Client Component Browser]
    ./src/app/page.tsx [Client Component Browser]
    ./src/app/page.tsx [Server Component]

  Client Component SSR:
    ./src/lib/store.ts [Client Component SSR]
    ./src/app/page.tsx [Client Component SSR]
    ./src/app/page.tsx [Server Component] @ http://localhost:3003/_next/static/chunks/node_modules_next_dist_0u_w_5s._.js:1945
[    9786ms] [ERROR] ./src/lib/store.ts:12:1
Export SEED_COMMUNITY_POSTS doesn't exist in target module
  10 | ...
  11 | ...
> 12 | ...SECTIONS, SEED_SCHEDULE_EVENTS, SEED_CHAT_MESSAGES, SEED_WORK_ENGAGEMENTS, SEED_WORKER_...
     |    ^^^^^^^^^^^^^^^^^^^^^^^^^^^^^^^^^^^^^^^^^^^^^^^^^^^^^^^^^^^^^^^^^^^^^^^^^^^^^^^^^^^^^^^^^^
  13 | ...
  14 | ...
  15 | ...

The export SEED_COMMUNITY_POSTS was not found in module [project]/src/lib/seed.ts [app-ssr] (ecmascript).
Did you mean to import SEED_UNITS?
All exports of the module are statically known (It doesn't have dynamic exports). So it's known statically that the requested export doesn't exist.

Import traces:
  Client Component Browser:
    ./src/lib/store.ts [Client Component Browser]
    ./src/app/page.tsx [Client Component Browser]
    ./src/app/page.tsx [Server Component]

  Client Component SSR:
    ./src/lib/store.ts [Client Component SSR]
    ./src/app/page.tsx [Client Component SSR]
    ./src/app/page.tsx [Server Component] @ http://localhost:3003/_next/static/chunks/node_modules_next_dist_0u_w_5s._.js:1945
[    9841ms] [ERROR] ./src/lib/store.ts:12:1
Export SEED_COMMUNITY_POSTS doesn't exist in target module
  10 | ...
  11 | ...
> 12 | ...SECTIONS, SEED_SCHEDULE_EVENTS, SEED_CHAT_MESSAGES, SEED_WORK_ENGAGEMENTS, SEED_WORKER_...
     |    ^^^^^^^^^^^^^^^^^^^^^^^^^^^^^^^^^^^^^^^^^^^^^^^^^^^^^^^^^^^^^^^^^^^^^^^^^^^^^^^^^^^^^^^^^^
  13 | ...
  14 | ...
  15 | ...

The export SEED_COMMUNITY_POSTS was not found in module [project]/src/lib/seed.ts [app-client] (ecmascript).
Did you mean to import SEED_UNITS?
All exports of the module are statically known (It doesn't have dynamic exports). So it's known statically that the requested export doesn't exist.

Import traces:
  Client Component Browser:
    ./src/lib/store.ts [Client Component Browser]
    ./src/app/page.tsx [Client Component Browser]
    ./src/app/page.tsx [Server Component]

  Client Component SSR:
    ./src/lib/store.ts [Client Component SSR]
    ./src/app/page.tsx [Client Component SSR]
    ./src/app/page.tsx [Server Component] @ http://localhost:3003/_next/static/chunks/node_modules_next_dist_0u_w_5s._.js:1945
[    9841ms] [ERROR] ./src/lib/store.ts:12:1
Export SEED_COMMUNITY_POSTS doesn't exist in target module
  10 | ...
  11 | ...
> 12 | ...SECTIONS, SEED_SCHEDULE_EVENTS, SEED_CHAT_MESSAGES, SEED_WORK_ENGAGEMENTS, SEED_WORKER_...
     |    ^^^^^^^^^^^^^^^^^^^^^^^^^^^^^^^^^^^^^^^^^^^^^^^^^^^^^^^^^^^^^^^^^^^^^^^^^^^^^^^^^^^^^^^^^^
  13 | ...
  14 | ...
  15 | ...

The export SEED_COMMUNITY_POSTS was not found in module [project]/src/lib/seed.ts [app-ssr] (ecmascript).
Did you mean to import SEED_UNITS?
All exports of the module are statically known (It doesn't have dynamic exports). So it's known statically that the requested export doesn't exist.

Import traces:
  Client Component Browser:
    ./src/lib/store.ts [Client Component Browser]
    ./src/app/page.tsx [Client Component Browser]
    ./src/app/page.tsx [Server Component]

  Client Component SSR:
    ./src/lib/store.ts [Client Component SSR]
    ./src/app/page.tsx [Client Component SSR]
    ./src/app/page.tsx [Server Component] @ http://localhost:3003/_next/static/chunks/node_modules_next_dist_0u_w_5s._.js:1945
[    9898ms] [ERROR] ./src/lib/store.ts:12:1
Export SEED_COMMUNITY_POSTS doesn't exist in target module
  10 | ...
  11 | ...
> 12 | ...SECTIONS, SEED_SCHEDULE_EVENTS, SEED_CHAT_MESSAGES, SEED_WORK_ENGAGEMENTS, SEED_WORKER_...
     |    ^^^^^^^^^^^^^^^^^^^^^^^^^^^^^^^^^^^^^^^^^^^^^^^^^^^^^^^^^^^^^^^^^^^^^^^^^^^^^^^^^^^^^^^^^^
  13 | ...
  14 | ...
  15 | ...

The export SEED_COMMUNITY_POSTS was not found in module [project]/src/lib/seed.ts [app-client] (ecmascript).
Did you mean to import SEED_UNITS?
All exports of the module are statically known (It doesn't have dynamic exports). So it's known statically that the requested export doesn't exist.

Import traces:
  Client Component Browser:
    ./src/lib/store.ts [Client Component Browser]
    ./src/app/page.tsx [Client Component Browser]
    ./src/app/page.tsx [Server Component]

  Client Component SSR:
    ./src/lib/store.ts [Client Component SSR]
    ./src/app/page.tsx [Client Component SSR]
    ./src/app/page.tsx [Server Component] @ http://localhost:3003/_next/static/chunks/node_modules_next_dist_0u_w_5s._.js:1945
[    9898ms] [ERROR] ./src/lib/store.ts:12:1
Export SEED_COMMUNITY_POSTS doesn't exist in target module
  10 | ...
  11 | ...
> 12 | ...SECTIONS, SEED_SCHEDULE_EVENTS, SEED_CHAT_MESSAGES, SEED_WORK_ENGAGEMENTS, SEED_WORKER_...
     |    ^^^^^^^^^^^^^^^^^^^^^^^^^^^^^^^^^^^^^^^^^^^^^^^^^^^^^^^^^^^^^^^^^^^^^^^^^^^^^^^^^^^^^^^^^^
  13 | ...
  14 | ...
  15 | ...

The export SEED_COMMUNITY_POSTS was not found in module [project]/src/lib/seed.ts [app-ssr] (ecmascript).
Did you mean to import SEED_UNITS?
All exports of the module are statically known (It doesn't have dynamic exports). So it's known statically that the requested export doesn't exist.

Import traces:
  Client Component Browser:
    ./src/lib/store.ts [Client Component Browser]
    ./src/app/page.tsx [Client Component Browser]
    ./src/app/page.tsx [Server Component]

  Client Component SSR:
    ./src/lib/store.ts [Client Component SSR]
    ./src/app/page.tsx [Client Component SSR]
    ./src/app/page.tsx [Server Component] @ http://localhost:3003/_next/static/chunks/node_modules_next_dist_0u_w_5s._.js:1945
[    9957ms] [LOG] [Fast Refresh] rebuilding @ http://localhost:3003/_next/static/chunks/node_modules_next_dist_0u_w_5s._.js:1226
[    9968ms] [WARNING] [Fast Refresh] performing full reload because your application had an unrecoverable error @ http://localhost:3003/_next/static/chunks/node_modules_next_dist_0u_w_5s._.js:1226
[    9974ms] [WARNING] [Fast Refresh] performing full reload because your application had an unrecoverable error @ http://localhost:3003/_next/static/chunks/node_modules_next_dist_0u_w_5s._.js:1226
[   10048ms] [WARNING] [Fast Refresh] performing full reload because your application had an unrecoverable error @ http://localhost:3003/_next/static/chunks/node_modules_next_dist_0u_w_5s._.js:1226
[   10055ms] [LOG] [Fast Refresh] done in 129ms @ http://localhost:3003/_next/static/chunks/node_modules_next_dist_0u_w_5s._.js:1226
[   10431ms] [INFO] %cDownload the React DevTools for a better development experience: https://react.dev/link/react-devtools font-weight:bold @ http://localhost:3003/_next/static/chunks/node_modules_next_dist_115brz8._.js:2477
[   10444ms] [LOG] [HMR] connected @ http://localhost:3003/_next/static/chunks/node_modules_next_dist_115brz8._.js:2477
[   10717ms] [VERBOSE] [DOM] Input elements should have autocomplete attributes (suggested: "current-password"): (More info: https://goo.gl/9p2vKq) %o @ http://localhost:3003/login:0
[   38448ms] [LOG] [Fast Refresh] rebuilding @ http://localhost:3003/_next/static/chunks/node_modules_next_dist_115brz8._.js:2477
[   38737ms] [LOG] [Fast Refresh] done in 348ms @ http://localhost:3003/_next/static/chunks/node_modules_next_dist_115brz8._.js:2477
[   45896ms] [LOG] [Fast Refresh] rebuilding @ http://localhost:3003/_next/static/chunks/node_modules_next_dist_115brz8._.js:2477
[   45903ms] [LOG] [Fast Refresh] done in 107ms @ http://localhost:3003/_next/static/chunks/node_modules_next_dist_115brz8._.js:2477
[   67676ms] [LOG] [Fast Refresh] rebuilding @ http://localhost:3003/_next/static/chunks/node_modules_next_dist_115brz8._.js:2477
[   67703ms] [LOG] [Fast Refresh] done in 69ms @ http://localhost:3003/_next/static/chunks/node_modules_next_dist_115brz8._.js:2477
[   73892ms] [LOG] [Fast Refresh] rebuilding @ http://localhost:3003/_next/static/chunks/node_modules_next_dist_115brz8._.js:2477
[   73919ms] [LOG] [Fast Refresh] done in 36ms @ http://localhost:3003/_next/static/chunks/node_modules_next_dist_115brz8._.js:2477
[  107521ms] [LOG] [Fast Refresh] rebuilding @ http://localhost:3003/_next/static/chunks/node_modules_next_dist_115brz8._.js:2477
[  107560ms] [LOG] [Fast Refresh] done in 86ms @ http://localhost:3003/_next/static/chunks/node_modules_next_dist_115brz8._.js:2477
[  131228ms] [LOG] [Fast Refresh] rebuilding @ http://localhost:3003/_next/static/chunks/node_modules_next_dist_115brz8._.js:2477
[  131268ms] [LOG] [Fast Refresh] done in 95ms @ http://localhost:3003/_next/static/chunks/node_modules_next_dist_115brz8._.js:2477
[  136679ms] [LOG] [Fast Refresh] rebuilding @ http://localhost:3003/_next/static/chunks/node_modules_next_dist_115brz8._.js:2477
[  136706ms] [LOG] [Fast Refresh] done in 38ms @ http://localhost:3003/_next/static/chunks/node_modules_next_dist_115brz8._.js:2477
